grid,velocity,T,D,X_NO,X_NH3,X_H2,X_O2,X_H,X_O,X_OH,X_HO2,X_N2,X_H2O,X_H2O2,X_NH2,X_NH,X_N,X_NNH,X_NH2OH,X_H2NO,X_HNOH,X_HNO,X_HON,X_NO2,X_HONO,X_HNO2,X_NO3,X_HONO2,X_N2O,X_N2H4,X_N2H3,X_N2H2,X_H2NN,X_AR
0,0.37106953,298,0.981009434,-9.97322944e-15,0.125786164,0.125786164,0.157232704,-4.06825835e-14,1.87926618e-16,1.57425833e-15,-8.71977391e-16,0.591194969,8.82572741e-17,8.66826319e-16,2.48224218e-14,-2.86212148e-15,1.81885033e-14,-2.75065092e-18,-2.14559215e-17,2.42965456e-14,1.75074872e-15,-6.82344702e-14,-2.82227984e-18,3.25170817e-16,2.5558071e-16,2.06346754e-14,-1.39832474e-18,-5.80079768e-15,3.55435522e-15,-1.22088767e-14,-3.31968861e-15,-2.06822279e-14,2.88482941e-14,-2.72348989e-18
0.00363636364,0.37106953,298,0.981009435,7.17947089e-16,0.125786164,0.125786163,0.157232704,-2.01283078e-18,7.49909268e-15,1.06186467e-18,-5.24493959e-14,0.591194969,5.08586272e-15,-5.41519658e-15,3.00073059e-14,-8.21583167e-18,4.64314271e-15,-3.13012328e-25,-2.16627751e-17,2.43016444e-14,1.75036604e-15,-6.81560819e-14,-3.15992486e-18,2.34092411e-14,2.55127869e-16,2.06341968e-14,-1.87496082e-18,-5.80127404e-15,3.54937282e-15,-1.18608787e-14,-3.37439327e-15,-2.06282543e-14,5.81146729e-15,-3.08324553e-18
0.00545454545,0.371069529,298,0.981009437,3.55706219e-15,0.125786164,0.125786161,0.157232705,1.66636487e-19,7.30187843e-15,1.39283907e-18,-4.42535245e-14,0.59119497,9.23760474e-15,-8.14330679e-15,3.71906765e-14,2.18311947e-19,1.91328746e-15,4.15646594e-24,4.94278922e-18,2.43341963e-14,1.77704657e-15,-6.80892447e-14,2.37191113e-17,2.7312247e-14,2.75530076e-16,2.06520792e-14,1.44388364e-17,-5.78499637e-15,3.56786792e-15,-1.17235998e-14,-3.34199197e-15,-2.06114117e-14,1.96915184e-15,2.30460015e-17
0.00727272727,0.371069522,298,0.981009456,4.65815604e-15,0.125786167,0.125786142,0.157232708,1.38145472e-19,5.93185656e-15,1.06044408e-18,-3.74266814e-14,0.591194983,4.11544905e-14,-1.0500271e-14,4.0696896e-14,-2.76064414e-19,7.65174398e-16,-4.32666007e-24,-2.36831362e-17,2.43196755e-14,1.74797112e-15,-6.80701719e-14,-5.53690392e-18,2.85763048e-14,2.53571047e-16,2.06328973e-14,-3.01839587e-18,-5.80241205e-15,3.54477256e-15,-1.16891558e-14,-3.35500047e-15,-2.0650872e-14,6.54966661e-16,-5.3635342e-18
0.00909090909,0.371069451,298,0.981009644,7.46198377e-15,0.125786193,0.12578596,0.157232741,1.37734622e-19,4.51449094e-15,8.2341645e-19,-3.1332274e-14,0.591195106,9.0061973e-13,-1.23010831e-14,4.3341791e-14,-1.07441391e-19,3.07369958e-16,-1.65970203e-24,-2.61246332e-17,2.46407222e-14,1.73955169e-15,-6.777033e-14,-1.3900958e-17,2.90338444e-14,2.47000066e-16,2.06267631e-14,-8.69935058e-18,-5.80808171e-15,3.58765351e-15,-1.16820877e-14,-3.350425e-15,-2.06695464e-14,2.1806514e-16,-1.36787707e-17
0.01,0.371069185,298.000001,0.981010346,3.57503838e-14,0.125786293,0.125785274,0.157232866,1.78712044e-19,3.91296271e-15,8.20046215e-19,-2.79207511e-14,0.591195567,1.03321113e-11,-1.15216913e-14,5.0481316e-14,5.99444572e-19,2.02777631e-16,9.44544376e-24,7.31049015e-17,2.85418459e-14,1.76918431e-15,-6.45783203e-14,1.68540565e-17,2.96860113e-14,2.73638599e-16,2.06465253e-14,9.3585755e-18,-5.79005801e-15,4.4051953e-15,-1.16125044e-14,-3.30517412e-15,-2.06445258e-14,1.26676784e-16,1.4787829e-17
0.0109090909,0.371067774,298.000009,0.981014077,4.8453913e-13,0.125786823,0.125781617,0.157233531,2.81374566e-19,3.38178242e-15,5.62702823e-19,-2.17386648e-14,0.59119803,1.51742653e-10,1.33752074e-14,1.17300714e-13,-4.29963449e-19,1.00529924e-16,-6.87559729e-24,1.18550352e-15,9.05762282e-14,1.75650307e-15,-1.45489578e-14,1.87623234e-17,3.91532549e-14,3.4528477e-16,2.0631972e-14,-4.01248849e-18,-5.80315968e-15,2.09105086e-14,-1.05421201e-14,-3.01752818e-15,-2.06519124e-14,8.09247095e-17,-6.67459526e-18
0.0118181818,0.371060319,298.000112,0.981033787,7.65896942e-12,0.125789652,0.125762106,0.157237076,1.90070556e-18,4.10895216e-15,7.97491005e-19,1.94388542e-14,0.591211163,2.27219123e-09,4.20974698e-13,8.10527574e-13,2.20107784e-19,6.12499138e-17,3.79122522e-24,1.94793084e-14,1.08499362e-12,1.90827903e-15,7.81860217e-13,4.04078072e-16,2.14966752e-13,2.20444911e-15,2.06364655e-14,-2.18388596e-19,-5.79252419e-15,3.63926437e-13,1.27843757e-14,2.78706006e-15,-2.03285492e-14,9.2099594e-16,-3.19994167e-18
0.0122727273,0.371044804,298.000595,0.981074806,5.15661236e-11,0.125795664,0.125720638,0.157244608,8.12005375e-18,9.85032891e-15,1.48444654e-18,1.74383641e-13,0.591239075,1.44610172e-08,2.9042687e-12,3.60063515e-12,-2.26991239e-18,-4.6223705e-18,-3.28663648e-23,1.32326747e-13,7.1847756e-12,2.76812787e-15,5.63508018e-12,2.68121087e-15,1.46255488e-12,1.70037382e-14,2.06027838e-14,-3.33825943e-17,-5.75608368e-15,3.07708941e-12,2.01481735e-13,4.53442657e-14,-1.83567487e-14,1.12363942e-14,-5.24298319e-17
0.0127272727,0.37099775,298.003788,0.981199239,4.24510316e-10,0.125814686,0.125589293,0.157268448,3.79542488e-17,4.81237999e-14,1.02817612e-17,1.22545326e-12,0.591327461,1.1194869e-07,2.38773376e-11,2.01062592e-11,2.08262964e-18,6.20169011e-17,2.72679771e-22,1.09922857e-12,5.91105513e-11,1.0576057e-14,4.66903182e-11,2.24351773e-14,1.36924837e-11,1.80257246e-13,2.06632638e-14,5.258471e-18,-4.76402585e-15,3.25985745e-11,1.51788987e-12,4.77052723e-13,-9.46172407e-16,1.4221376e-13,1.09450158e-17
0.0131818182,0.370862509,298.024889,0.981557048,3.59289763e-09,0.12587479,0.125173228,0.157343815,1.16267029e-16,2.90885274e-13,1.09561511e-16,8.89907893e-12,0.59160727,8.91802282e-07,2.01018572e-10,1.14144516e-10,1.03240993e-17,1.90885655e-16,1.17363573e-20,9.38080706e-12,5.01218336e-10,7.66269012e-14,3.94053248e-10,1.89157517e-13,1.33457259e-10,1.97580417e-12,2.09720543e-14,1.18489894e-16,8.38596339e-15,3.53878472e-10,1.54280289e-11,4.85231099e-12,1.47464186e-13,1.79726513e-12,1.48085396e-16
0.0134090909,0.370719222,298.079868,0.981936431,1.40835686e-08,0.125953211,0.124626993,0.157442309,1.68578446e-16,8.97333988e-13,8.0877602e-16,3.27158078e-11,0.591974138,3.32865002e-06,7.84215621e-10,3.25856951e-10,-4.17751169e-17,-1.62708081e-16,1.28555745e-19,3.70162537e-11,1.96804106e-09,2.94974803e-13,1.53959766e-09,7.38164064e-13,5.87578134e-10,9.60698462e-12,2.15990462e-14,-9.04852258e-17,7.65856018e-14,1.70521051e-09,7.4848761e-11,2.20308442e-11,6.40340277e-13,9.85001432e-12,-2.05498553e-16
0.0135227273,0.370634015,298.165297,0.982162172,3.40697991e-08,0.126023479,0.124131968,0.157530852,2.04462642e-16,1.7848199e-12,3.56715622e-15,7.72288816e-11,0.592305905,7.74391147e-06,1.88977348e-09,6.16309587e-10,8.83269765e-17,3.13518402e-16,5.93488565e-19,9.00243015e-11,4.76734664e-09,7.12813133e-13,3.71436716e-09,1.78147174e-12,1.5634062e-09,2.77293222e-11,2.42718226e-14,2.8416872e-16,2.7361914e-13,4.88412131e-09,2.17049805e-10,6.00459886e-11,1.58377469e-12,2.87465227e-11,1.44046431e-16
0.0136363636,0.370595288,298.370911,0.982264809,9.14894984e-08,0.126129762,0.123369003,0.157665572,2.67747724e-16,3.78661596e-12,2.00780114e-14,2.03858599e-10,0.592815642,1.98785044e-05,5.05198139e-09,1.24423554e-09,7.16961326e-18,1.26062884e-16,3.20337704e-18,2.43223708e-10,1.28215895e-08,1.91403399e-12,9.9428578e-09,4.76816272e-12,4.68754102e-09,9.11323479e-11,3.32389535e-14,4.64556996e-16,1.09279408e-12,1.59121036e-08,7.18308337e-10,1.84857062e-10,4.30112598e-12,9.00239055e-11,-1.7199364e-16
0.01375,0.370758731,298.866135,0.981831792,2.56383082e-07,0.12628773,0.12219368,0.157868255,4.3608026e-16,8.3318438e-12,1.30143738e-13,5.65622492e-10,0.59359672,5.32042781e-05,1.4091945e-08,2.60815659e-09,2.92155905e-16,6.63110271e-16,1.87676611e-17,6.85756058e-10,3.59821885e-08,5.37113052e-12,2.77714593e-08,1.33184214e-11,1.46840982e-08,3.12822153e-10,6.87851707e-14,1.70668194e-15,4.50292215e-12,5.41464769e-08,2.48420622e-09,5.94498824e-10,1.21267942e-11,2.87957416e-10,-1.41337697e-16
0.0138636364,0.371547695,300.059327,0.979746918,7.29289712e-07,0.126514381,0.120385577,0.158166633,9.69561839e-16,1.88526656e-11,8.93945484e-13,1.60771249e-09,0.594787657,0.00014454649,3.98948015e-08,5.62116663e-09,1.56234425e-15,1.96745983e-15,1.14231842e-16,1.96207497e-09,1.0247294e-07,1.53075296e-11,7.87246253e-08,3.77553301e-11,4.66143207e-08,1.08653006e-09,2.05630155e-13,5.17126327e-15,1.86682701e-11,1.86476164e-07,8.69415659e-09,1.93740087e-09,3.46147002e-11,9.26245849e-10,-1.44954495e-16
0.0139204545,0.372586054,301.285915,0.977016465,1.2956488e-06,0.126655806,0.119119033,0.158361745,1.72629284e-15,2.98096916e-11,2.64095325e-12,2.89031236e-09,0.595611728,0.000249496861,7.06507875e-08,8.6233589e-09,4.00524595e-15,3.30587904e-15,3.09074763e-16,3.49766231e-09,1.82125125e-07,2.72376131e-11,1.39527077e-07,6.69179437e-11,8.87083471e-08,2.19184222e-09,4.19513039e-13,8.93032569e-15,4.24164804e-11,3.74154085e-07,1.76291002e-08,3.75225491e-09,6.15454703e-11,1.77693863e-09,-3.91383014e-16
0.0139772727,0.374563655,303.373091,0.971858065,2.3853741e-06,0.126807355,0.117518005,0.158586979,3.55407022e-15,4.89428551e-11,8.34078198e-12,5.4379678e-09,0.596639029,0.000444479988,1.29588968e-07,1.37017148e-08,1.24622453e-14,8.03310857e-15,8.93280562e-16,6.46310395e-09,3.35387847e-07,5.02440349e-11,2.56149118e-07,1.22859936e-10,1.76447135e-07,4.65608262e-09,9.3742022e-13,1.74469431e-14,1.03167766e-10,7.90070587e-07,3.767777e-08,7.614048e-09,1.133327e-10,3.52679808e-09,1.16163764e-15
0.0140340909,0.37818088,306.914214,0.962562432,4.47271336e-06,0.126946903,0.115501392,0.158830868,8.58951164e-15,8.40779725e-11,2.75100502e-11,1.06175667e-08,0.597908232,0.000804556236,2.41974496e-07,2.27043361e-08,3.30239547e-14,1.2408295e-14,2.71985953e-15,1.21615505e-08,6.28780648e-07,9.44217159e-11,4.78722141e-07,2.29635456e-10,3.58266427e-07,1.01158089e-08,2.17465034e-12,3.25265643e-14,2.57538804e-10,1.70656848e-06,8.24105542e-08,1.57934926e-08,2.12246054e-10,7.10849563e-09,-1.12014898e-15
0.0140909091,0.384602747,312.887761,0.946490136,8.44100188e-06,0.127026147,0.112976348,0.159063015,2.54772555e-14,1.54001174e-10,9.31366013e-11,2.15861582e-08,0.599455895,0.00146283884,4.54492271e-07,3.98590065e-08,9.72948717e-14,2.80168379e-14,8.71755432e-15,2.30212166e-08,1.18560639e-06,1.78690501e-10,8.99945634e-07,4.31769325e-10,7.31311564e-07,2.20831908e-08,5.11739415e-12,6.61044317e-14,6.45316564e-10,3.70691355e-06,1.81271846e-07,3.29844401e-08,3.98932699e-10,1.43998823e-08,-2.09455444e-15
0.0141477273,0.395704007,322.861316,0.919936864,1.58938666e-05,0.126950769,0.109844822,0.159218605,1.00057754e-13,3.09714804e-10,3.19644594e-10,4.63633447e-08,0.601308256,0.00264668864,8.50887411e-07,7.59088081e-08,3.19364099e-13,1.00724878e-13,2.96494921e-14,4.34379692e-08,2.22760161e-06,3.3769086e-10,1.68619848e-06,8.09309433e-10,1.48411011e-06,4.7844753e-08,1.20240129e-11,1.54881402e-13,1.600332e-09,8.00518063e-06,3.96372681e-07,6.86702628e-08,7.43755556e-10,2.91369329e-08,2.38105578e-14
0.0141761364,0.404131825,330.281411,0.900752375,2.2007934e-05,0.126790766,0.108012295,0.159221458,2.34271004e-13,4.79066694e-10,6.28000359e-10,7.25598375e-08,0.602353028,0.00357872448,1.1734056e-06,1.12457008e-07,6.07632236e-13,1.57836861e-13,5.85759604e-14,6.01679912e-08,3.07739241e-06,4.68817741e-10,2.32625541e-06,1.11692344e-09,2.13661164e-06,7.13945658e-08,1.87918829e-11,2.46799983e-13,2.57941328e-09,1.19459732e-05,5.9568879e-07,1.00586471e-07,1.01755206e-09,4.21123126e-08,4.10579503e-15
0.0142045455,0.415328425,340.029678,0.876469507,3.06470556e-05,0.12649402,0.105986636,0.159133022,6.30827991e-13,7.71689589e-10,1.25103594e-09,1.17471252e-07,0.603472485,0.00485136477,1.62588088e-06,1.72373135e-07,1.24691615e-12,3.25117705e-13,1.19256245e-13,8.37692591e-08,4.27161208e-06,6.5497434e-10,3.22448646e-06,1.54909433e-09,3.09597352e-06,1.07449214e-07,2.98301933e-11,4.29512925e-13,4.21773437e-09,1.80009762e-05,9.0451041e-07,1.48757635e-07,1.39186615e-09,6.13697078e-08,7.76929103e-15
0.0142329545,0.430026145,352.71522,0.846512945,4.2734566e-05,0.126008821,0.103763383,0.158913036,1.97601181e-12,1.29933251e-09,2.51734255e-09,1.96631889e-07,0.604659675,0.00656558324,2.2532064e-06,2.73548708e-07,2.65704305e-12,6.8477598e-13,2.48948596e-13,1.16684087e-07,5.92980971e-06,9.16940215e-10,4.47004018e-06,2.14932663e-09,4.48506819e-06,1.61711351e-07,4.75047881e-11,7.66390344e-13,6.90321896e-09,2.71781844e-05,1.37640874e-06,2.20767622e-07,1.88847022e-09,8.97818771e-08,-5.62534613e-15
0.0142471591,0.439027512,360.440924,0.829156918,5.05382332e-05,0.125670946,0.102576084,0.158734181,3.74254587e-12,1.7392927e-09,3.63727363e-09,2.60637831e-07,0.605275914,0.00763549424,2.65424489e-06,3.52239744e-07,4.13600718e-12,1.08608268e-12,3.66487459e-13,1.37838583e-07,6.99111264e-06,1.08718488e-09,5.2663219e-06,2.53388561e-09,5.40144841e-06,1.9859317e-07,6.02205383e-11,1.06274837e-12,8.85467639e-09,3.34786495e-05,1.70244665e-06,2.69883531e-07,2.1870183e-09,1.09027668e-07,4.79736974e-15
0.0142613636,0.449324329,369.249165,0.810155773,5.9811883e-05,0.125254691,0.101339127,0.158497174,7.41924026e-12,2.35702372e-09,5.27228842e-09,3.49292712e-07,0.605905334,0.00887467188,3.12714221e-06,4.57568112e-07,6.52824327e-12,1.72315638e-12,5.42872023e-13,1.62883527e-07,8.24368675e-06,1.29051653e-09,6.20523343e-06,2.98813403e-09,6.5052775e-06,2.43981299e-07,7.65126294e-11,1.48170891e-12,1.13739004e-08,4.12960071e-05,2.1088394e-06,3.30604496e-07,2.52006238e-09,1.32678206e-07,4.15483984e-15
0.0142755682,0.46104966,379.250597,0.789552039,7.07899469e-05,0.124749526,0.100053926,0.158192923,1.53939101e-11,3.23362157e-09,7.66611382e-09,4.72837827e-07,0.606546733,0.0103018591,3.68185511e-06,5.99094745e-07,1.05537842e-11,2.78582632e-12,8.07846718e-13,1.92390243e-07,9.71436597e-06,1.53269786e-09,7.30644486e-06,3.52214748e-09,7.82492801e-06,2.99389684e-07,9.72644508e-11,2.0872623e-12,1.4593001e-08,5.09379237e-05,2.61227792e-06,4.05417945e-07,2.88217544e-09,1.61688812e-07,7.26548792e-17
0.0142897727,0.474338065,390.557163,0.767433033,8.37341653e-05,0.124144661,0.098722392,0.157811762,3.33821009e-11,4.4904597e-09,1.11743431e-08,6.46053337e-07,0.607199109,0.0119358476,4.32882687e-06,7.89780042e-07,1.75484695e-11,4.60232699e-12,1.20576128e-12,2.26973285e-07,1.14315321e-05,1.82041235e-09,8.59053312e-06,4.146743e-09,9.38917721e-06,3.66432424e-07,1.23514978e-10,2.96354226e-12,1.86599393e-08,6.27551329e-05,3.23182588e-06,4.97294288e-07,3.26192975e-09,1.97224891e-07,-6.99599524e-15
0.0143039773,0.489323039,403.279944,0.743931253,9.8935582e-05,0.123429284,0.0973469132,0.157343574,7.5499799e-11,6.3105238e-09,1.63208532e-08,8.90331023e-07,0.60786177,0.0137950262,5.07872458e-06,1.04705626e-06,3.01224477e-11,7.79853421e-12,1.80226996e-12,2.67283855e-07,1.34245876e-05,2.16150284e-09,1.0078443e-05,4.87340448e-09,1.12253627e-05,4.46766797e-07,1.56500867e-10,4.2494968e-12,2.37340166e-08,7.71420502e-05,3.98892312e-06,6.09786672e-07,3.63935995e-09,2.40720034e-07,7.02973707e-15
0.0143181818,0.506134273,417.526833,0.719221602,0.00011671715,0.122592821,0.0959303151,0.156777936,1.76966176e-10,8.97162893e-09,2.38815647e-08,1.23669557e-06,0.608534435,0.0158969153,5.9420671e-06,1.3941499e-06,5.33969444e-11,1.3465311e-11,2.69363375e-12,3.14000907e-07,1.57232283e-05,2.56518075e-09,1.1790737e-05,5.71405987e-09,1.33566274e-05,5.42012695e-07,1.97577826e-10,6.10649417e-12,2.99781683e-08,9.4536113e-05,4.90729047e-06,7.47161664e-07,3.9827735e-09,2.93958005e-07,2.82569204e-15
0.0143252841,0.515281323,425.268617,0.706454294,0.000126721557,0.122124718,0.0952073772,0.156454162,2.77170679e-10,1.07808851e-08,2.90111784e-08,1.4655114e-06,0.60887466,0.0170464164,6.42049538e-06,1.61322182e-06,7.30553186e-11,1.8047314e-11,3.29760118e-12,3.40052247e-07,1.69994272e-05,2.79494384e-09,1.27392502e-05,6.18228461e-09,1.45399021e-05,5.95851176e-07,2.21782193e-10,7.34980323e-12,3.36029459e-08,0.000104554318,5.43736531e-06,8.27228832e-07,4.12386128e-09,3.25116699e-07,-4.93543749e-16
0.0143323864,0.524948895,433.444282,0.693444081,0.000137544343,0.121621197,0.0944753007,0.156100804,4.38538481e-10,1.29921734e-08,3.52760003e-08,1.74055743e-06,0.609217582,0.0182651256,6.93227785e-06,1.8680639e-06,1.00618213e-10,2.42922548e-11,4.03623043e-12,3.68050587e-07,1.83666127e-05,3.04564233e-09,1.37536001e-05,6.68512653e-09,1.58053685e-05,6.54196732e-07,2.48801125e-10,8.86218135e-12,3.76020229e-08,0.000115561346,6.02057433e-06,9.15994456e-07,4.23560651e-09,3.5976248e-07,2.80906181e-15
0.0143394886,0.53515183,442.06612,0.680223227,0.000149240929,0.121081029,0.0937345566,0.155716435,7.06139447e-10,1.57012381e-08,4.29419218e-08,2.07139159e-06,0.609563346,0.0195549243,7.47851765e-06,2.16422349e-06,1.39651826e-10,3.284036e-11,4.93822185e-12,3.98091096e-07,1.98283685e-05,3.31917053e-09,1.48359206e-05,7.22427545e-09,1.71527389e-05,7.17214257e-07,2.78876917e-10,1.06880915e-11,4.19944044e-08,0.000127630481,6.66083582e-06,1.01435783e-06,4.30824548e-09,3.98303941e-07,3.70531961e-15
0.0143465909,0.545904141,451.145722,0.666825325,0.000161870003,0.120503055,0.0929856296,0.155299644,1.16883959e-09,1.90282193e-08,5.23415926e-08,2.46957066e-06,0.609912141,0.0209175518,8.06015672e-06,2.50807801e-06,1.95417437e-10,4.46077264e-11,6.03817231e-12,4.30268202e-07,2.13880041e-05,3.61764458e-09,1.59880326e-05,7.80142774e-09,1.85802269e-05,7.85040457e-07,3.1226981e-10,1.28891614e-11,4.67964075e-08,0.000140837497,7.36217248e-06,1.12331661e-06,4.33043827e-09,4.41208041e-07,1.90309009e-15
0.0143536932,0.557218928,460.693898,0.653284891,0.000175493832,0.119886184,0.0922290156,0.154849034,2.01862452e-09,2.31243247e-08,6.38991015e-08,2.94903239e-06,0.610264195,0.0223545961,8.67793047e-06,2.9070681e-06,2.75706323e-10,6.09008235e-11,7.37806253e-12,4.64674998e-07,2.30484633e-05,3.94343283e-09,1.72113635e-05,8.41827813e-09,2.00841852e-05,8.57777888e-07,3.49254442e-10,1.55446899e-11,5.20208729e-08,0.000155260478,8.12869378e-06,1.24397913e-06,4.28984925e-09,4.89010964e-07,5.04700383e-15
0.0143607955,0.569108303,470.720616,0.639636964,0.000190178643,0.119229406,0.0914652175,0.154363233,3.68603415e-09,2.81804553e-08,7.81660268e-08,3.52649144e-06,0.610619783,0.0238674883,9.33231358e-06,3.37015213e-06,3.92063637e-10,8.35557772e-11,9.00955159e-12,5.01402575e-07,2.48122113e-05,4.29916261e-09,1.85068522e-05,9.07648246e-09,2.16586838e-05,9.35488652e-07,3.90086909e-10,1.87279969e-11,5.767627e-08,0.000170979622,8.96457688e-06,1.37757707e-06,4.17518674e-09,5.42331126e-07,-5.94537151e-16
0.0143678977,0.581583307,481.234926,0.625916706,0.000205995074,0.118531789,0.0906947426,0.153840895,7.11574005e-09,3.44385401e-08,9.58747953e-08,4.22176974e-06,0.610979218,0.0254574978,1.0023455e-05,3.90865069e-06,5.61709882e-10,1.15234682e-10,1.09981517e-11,5.40539383e-07,2.66810979e-05,4.68781444e-09,1.98748392e-05,9.77770177e-09,2.32950281e-05,1.01818785e-06,4.35050387e-10,2.25512458e-11,6.37657837e-08,0.000188077036,9.87404596e-06,1.5254777e-06,3.98089517e-09,6.01884631e-07,2.13796784e-15
0.014375,0.594653819,492.244885,0.612159036,0.000223018697,0.117792482,0.0899180991,0.153280706,1.42532191e-08,4.22062346e-08,1.18014873e-07,5.05791314e-06,0.611342855,0.0271257311,1.07511001e-05,4.53763424e-06,8.10259307e-10,1.59721747e-10,1.34296274e-11,5.8217039e-07,2.86561909e-05,5.11270954e-09,2.13149402e-05,1.05235305e-08,2.4981231e-05,1.10583655e-06,4.84384807e-10,2.71135098e-11,7.02861498e-08,0.00020663653,1.08613486e-05,1.68919635e-06,3.71426537e-09,6.68502925e-07,-1.70795669e-15
0.0143821023,0.608328463,503.757471,0.598398286,0.000241330615,0.117010713,0.0891357929,0.15268139,2.87893763e-08,5.18763684e-08,1.45935424e-07,6.06088391e-06,0.611711085,0.0288731309,1.15144983e-05,5.27787879e-06,1.17587671e-09,2.22509038e-10,1.64201574e-11,6.26376215e-07,3.07375785e-05,5.57763589e-09,2.28259039e-05,1.13155483e-08,2.67014718e-05,1.19833448e-06,5.38335323e-10,3.2552643e-11,7.72264242e-08,0.000226743403,1.19307276e-05,1.87041376e-06,3.40219283e-09,7.43152349e-07,2.04397862e-15
0.0143892045,0.622614504,515.778498,0.584667892,0.000261018126,0.116185787,0.0883483246,0.152041711,5.7156452e-08,6.395239e-08,1.8147317e-07,7.2586049e-06,0.612084339,0.0307004782,1.23122953e-05,6.15820608e-06,1.71520181e-09,3.1151704e-10,2.01297443e-11,6.73231938e-07,3.29241335e-05,6.08688395e-09,2.44054601e-05,1.21552565e-08,2.84356062e-05,1.29551213e-06,5.97085187e-10,3.90011176e-11,8.4566404e-08,0.000248484231,1.30863829e-05,2.07100626e-06,3.09161944e-09,8.26954211e-07,4.56866376e-15
0.0143963068,0.637517744,528.312521,0.571000123,0.000282175388,0.115317082,0.0875561869,0.151360477,1.09715823e-07,7.90819215e-08,2.27098957e-07,8.67920487e-06,0.612463074,0.0326083952,1.31424115e-05,7.21785648e-06,2.51198503e-09,4.38255957e-10,2.47790772e-11,7.22805633e-07,3.52132366e-05,6.64539794e-09,2.60501651e-05,1.30440937e-08,3.01588188e-05,1.39712256e-06,6.60761597e-10,4.66078331e-11,9.2274872e-08,0.000271946656,1.43324208e-05,2.29309488e-06,2.84015915e-09,9.2120388e-07,2.77596169e-15
0.0144034091,0.653042421,541.362753,0.557425825,0.000304904037,0.114404044,0.0867598615,0.150636552,2.02055357e-07,9.81006941e-08,2.86070851e-07,1.03484695e-05,0.61284778,0.03459735,1.40019089e-05,8.50852585e-06,3.68932292e-09,6.19491661e-10,3.06686854e-11,7.75156399e-07,3.76004454e-05,7.25895349e-09,2.77552606e-05,1.39834255e-08,3.18415322e-05,1.50283286e-06,7.29412539e-10,5.5539182e-11,1.00307613e-07,0.000297219174,1.56727809e-05,2.53910992e-06,2.7010095e-09,1.02738671e-06,5.04736886e-15
0.0144105114,0.669191121,554.930982,0.543974208,0.000329313636,0.113446186,0.0859598172,0.149868854,3.56323951e-07,1.2208973e-07,3.62576741e-07,1.22866948e-05,0.613238969,0.0366676608,1.48868553e-05,1.00958269e-05,5.42674442e-09,8.79639565e-10,3.81996165e-11,8.30331682e-07,4.00790968e-05,7.93436623e-09,2.95145635e-05,1.49744947e-08,3.34496915e-05,1.61221585e-06,8.02941966e-10,6.59499552e-11,1.08605344e-07,0.000324390922,1.71111362e-05,2.81185953e-06,2.71269193e-09,1.14718875e-06,3.14420924e-15
0.0144176136,0.6859647,569.017512,0.530672657,0.000355521837,0.112443079,0.0851565075,0.149056367,6.02547813e-07,1.52449206e-07,4.61844442e-07,1.45053059e-05,0.613637175,0.0388195018,1.57921952e-05,1.20600954e-05,7.98376417e-09,1.25429344e-09,4.78954788e-11,8.8836379e-07,4.26398256e-05,8.67983407e-09,3.13204102e-05,1.6018419e-08,3.49455261e-05,1.72474253e-06,8.81087693e-10,7.79950753e-11,1.17091895e-07,0.000353551476,1.86507571e-05,3.11459416e-06,2.90088787e-09,1.28250067e-06,-3.721476e-15
0.0144247159,0.70336222,583.621098,0.517546579,0.00038365417,0.111394355,0.0843503688,0.148198143,9.79872334e-07,1.90992677e-07,5.90192097e-07,1.70037065e-05,0.614042945,0.0410529082,1.67116424e-05,1.44965465e-05,1.17316036e-08,1.79525991e-09,6.04255262e-11,9.49265351e-07,4.52699914e-05,9.50537018e-09,3.31636829e-05,1.71161703e-08,3.62888526e-05,1.83977631e-06,9.63383016e-10,9.18322451e-11,1.25672963e-07,0.000384790644,2.02943309e-05,3.45106849e-06,3.28994761e-09,1.43541374e-06,4.95589117e-15
0.0144318182,0.7213809,598.73891,0.50461928,0.000413843376,0.110299701,0.0835418192,0.147293307,1.5376536e-06,2.40065581e-07,7.54988584e-07,1.97668398e-05,0.614456837,0.0433677818,1.763761e-05,1.75147763e-05,1.71948775e-08,2.57759122e-09,7.66281165e-11,1.01302352e-06,4.7953025e-05,1.04232824e-08,3.50339455e-05,1.82684659e-08,3.74389167e-05,1.95656991e-06,1.04903518e-09,1.07552869e-10,1.34235755e-07,0.000418198264,2.20437292e-05,3.82560719e-06,3.91665738e-09,1.60820743e-06,5.18691784e-15
0.0144389205,0.740016097,614.366515,0.49191188,0.000446228292,0.10915886,0.0827312572,0.146341064,2.33630034e-06,3.02692189e-07,9.64496149e-07,2.27638879e-05,0.614879413,0.0457638951,1.85611954e-05,2.12375579e-05,2.51052215e-08,3.70952906e-09,9.75348584e-11,1.07959311e-06,5.06677345e-05,1.14489564e-08,3.69197174e-05,1.94757956e-08,3.83566971e-05,2.07426641e-06,1.13695076e-09,1.25235022e-10,1.42650164e-07,0.000453863994,2.38997161e-05,4.24317781e-06,4.84175268e-09,1.80332918e-06,7.72665807e-15
0.0144460227,0.759261309,630.497874,0.479443249,0.000480952376,0.107971629,0.0819190609,0.145340697,3.4477564e-06,3.82754123e-07,1.22757734e-06,2.59484092e-05,0.615311237,0.0482408961,1.94722348e-05,2.57988677e-05,3.6467958e-08,5.34591183e-09,1.24393133e-10,1.1488886e-06,5.33876531e-05,1.26017165e-08,3.88089087e-05,2.07383124e-08,3.90075029e-05,2.19190546e-06,1.22565079e-09,1.44887427e-10,1.50771462e-07,0.000491877087,2.5861596e-05,4.7094678e-06,6.15848357e-09,2.02336693e-06,9.8764615e-15
0.0144495739,0.769111543,638.751295,0.473302869,0.000499251532,0.10736043,0.0815124612,0.144822117,4.15281924e-06,4.31219203e-07,1.38270607e-06,2.75886284e-05,0.615530843,0.0495097902,1.99187996e-05,2.84491304e-05,4.39620448e-08,6.43676824e-09,1.40567126e-10,1.18451428e-06,5.47375036e-05,1.32352035e-08,3.97502879e-05,2.13902973e-08,3.92218984e-05,2.25031028e-06,1.26959439e-09,1.55430189e-10,1.54663507e-07,0.000511802441,2.68815178e-05,4.9634242e-06,7.01337685e-09,2.14379089e-06,5.56062812e-15
0.014453125,0.779113096,647.129334,0.467227044,0.000518201068,0.106737418,0.0811055852,0.144291083,4.96896603e-06,4.86090356e-07,1.5547678e-06,2.92519683e-05,0.615753031,0.0507989881,2.03577865e-05,3.13660282e-05,5.28875895e-08,7.74690571e-09,1.58828727e-10,1.22077596e-06,5.60758574e-05,1.39109306e-08,4.06880049e-05,2.20561729e-08,3.9358656e-05,2.30828996e-06,1.31299438e-09,1.66435508e-10,1.58420129e-07,0.000532360719,2.79272799e-05,5.23235597e-06,8.02599206e-09,2.27158311e-06,2.29152233e-15
0.0144566761,0.789265017,655.631156,0.461217337,0.000537820567,0.106102556,0.0806984617,0.143747504,5.9086302e-06,5.48214e-07,1.74485347e-06,3.09287818e-05,0.615977878,0.0521084653,2.07876387e-05,3.45687828e-05,6.34939276e-08,9.31913032e-09,1.79407341e-10,1.25764848e-06,5.73977487e-05,1.46331508e-08,4.16207096e-05,2.27358632e-08,3.94158388e-05,2.36570043e-06,1.3555654e-09,1.77871954e-10,1.62020799e-07,0.000553564116,2.89982201e-05,5.51724067e-06,9.22639503e-09,2.40710144e-06,2.31084686e-15
0.0144602273,0.799565455,664.255106,0.455275685,0.000558128304,0.105455863,0.0802911448,0.143191334,6.98480409e-06,6.1853495e-07,1.95399094e-06,3.26088993e-05,0.616205451,0.0534380849,2.12067328e-05,3.80764549e-05,7.60657737e-08,1.12037264e-08,2.02551093e-10,1.2951e-06,5.86977575e-05,1.5406617e-08,4.25470996e-05,2.34292073e-08,3.93922301e-05,2.42239052e-06,1.39699994e-09,1.89695309e-10,1.65444885e-07,0.000575423235,3.00934207e-05,5.81909514e-06,1.06498711e-08,2.55069604e-06,2.23073802e-15
0.0144637784,0.810012858,672.999793,0.449403619,0.000579143117,0.104797336,0.0798836743,0.142622513,8.21108855e-06,6.98111786e-07,2.18314578e-06,3.42819476e-05,0.61643582,0.0547877533,2.16134343e-05,4.19081349e-05,9.09280021e-08,1.34597259e-08,2.2852584e-10,1.33309546e-06,5.99701688e-05,1.62367355e-08,4.34660484e-05,2.41360325e-08,3.92873855e-05,2.4782089e-06,1.43698746e-09,2.01857091e-10,1.68672292e-07,0.000597949261,3.12118038e-05,6.13900395e-06,1.23390802e-08,2.7027204e-06,1.82565304e-15
0.0144673295,0.820605583,681.863745,0.443602526,0.000600883788,0.104126976,0.0794760885,0.142040985,9.60161827e-06,7.88125471e-07,2.43320175e-06,3.59374523e-05,0.616669054,0.0561573697,2.20060957e-05,4.60827294e-05,1.0844944e-07,1.61561307e-08,2.57616197e-10,1.37159526e-06,6.12089633e-05,1.71296306e-08,4.43766102e-05,2.48561313e-08,3.91016535e-05,2.53300315e-06,1.47522077e-09,2.14302963e-10,1.71683565e-07,0.000621153253,3.23520823e-05,6.47811036e-06,1.43463296e-08,2.86352594e-06,3.30205831e-15
0.0144744318,0.842217133,699.940874,0.43221955,0.000646585866,0.102751081,0.0786607402,0.140839918,1.2916571e-05,1.00323688e-06,2.99806701e-06,3.91647223e-05,0.617144278,0.0589555829,2.27445133e-05,5.55110489e-05,1.52677635e-07,2.31039715e-08,3.2620909e-10,1.44996352e-06,6.35672301e-05,1.91234824e-08,4.61703799e-05,2.63351188e-08,3.84921257e-05,2.63907056e-06,1.54554638e-09,2.39839121e-10,1.77004913e-07,0.000669614767,3.46933487e-05,7.21718288e-06,1.95063047e-08,3.21238214e-06,4.72161529e-15
0.0144815341,0.864381146,718.469946,0.421136801,0.000695367038,0.101328585,0.0778453503,0.139588212,1.70648122e-05,1.27694775e-06,3.65437384e-06,4.22060077e-05,0.617631494,0.0618312582,2.34083805e-05,6.65109871e-05,2.12963385e-07,3.28947078e-08,4.109949e-10,1.52974167e-06,6.57164853e-05,2.14573918e-08,4.79254613e-05,2.78629568e-08,3.75868209e-05,2.73934969e-06,1.60583448e-09,2.65770673e-10,1.81278617e-07,0.000720861582,3.71000112e-05,8.0465752e-06,2.67633216e-08,3.59985065e-06,3.16828693e-15
0.0144886364,0.887082172,737.4372,0.410359628,0.000747372684,0.0998596392,0.0770301743,0.138285578,2.21706045e-05,1.62386468e-06,4.40599301e-06,4.49932478e-05,0.618131194,0.0647833954,2.39856206e-05,7.92118182e-05,2.94104933e-07,4.65615441e-08,5.1488634e-10,1.61045663e-06,6.76040519e-05,2.4214826e-08,4.96441467e-05,2.94365444e-08,3.64148689e-05,2.83272137e-06,1.65494224e-09,2.91553646e-10,1.84395827e-07,0.000774971877,3.95537272e-05,8.97733472e-06,3.69675673e-08,4.02848271e-06,4.02833845e-15
0.0144957386,0.910304,756.828207,0.399891366,0.000802748603,0.0983444505,0.0762154482,0.136931774,2.83602219e-05,2.06142675e-06,5.25553734e-06,4.74699933e-05,0.618643846,0.0678109124,2.4465272e-05,9.37297928e-05,4.01947595e-07,6.54444707e-08,6.41112928e-10,1.6915709e-06,6.91791162e-05,2.75015636e-08,5.13347029e-05,3.10521252e-08,3.50148759e-05,2.91815198e-06,1.69312112e-09,3.16579794e-10,1.86272035e-07,0.000832019045,4.20323738e-05,1.00213174e-05,5.13207385e-08,4.50066969e-06,6.01280356e-15
0.0145028409,0.934029907,776.628084,0.389733463,0.000861642716,0.0967832854,0.0754013889,0.135526602,3.57595917e-05,2.61014485e-06,6.20506009e-06,4.95939625e-05,0.619169896,0.0709126542,2.48378872e-05,0.000110166496,5.43493354e-07,9.12518134e-08,7.93235756e-10,1.77249269e-06,7.03956257e-05,3.14504385e-08,5.30120058e-05,3.27053212e-08,3.34322408e-05,2.99472227e-06,1.72255906e-09,3.40220808e-10,1.86847864e-07,0.000892070234,4.45102581e-05,1.11910618e-05,7.1509344e-08,5.01858779e-06,2.04771349e-15
0.0145099432,0.958242919,796.821711,0.379885625,0.000924206988,0.0951764645,0.074588194,0.134069901,4.44921716e-05,3.29376613e-06,7.25703798e-06,5.1338218e-05,0.619709763,0.0740874027,2.50958643e-05,0.000128608344,7.26998819e-07,1.26125192e-07,9.75168678e-10,1.85258937e-06,7.1215106e-05,3.62261883e-08,5.46977946e-05,3.43912198e-08,3.17160652e-05,3.06164983e-06,1.74777201e-09,3.61899275e-10,1.86087985e-07,0.000955184574,4.69585589e-05,1.24995957e-05,9.98905871e-08,5.58412991e-06,7.9727879e-15
0.0145170455,0.982926043,817.393929,0.370345981,0.000990599244,0.0935243613,0.0737760415,0.132561542,5.46772036e-05,4.13934051e-06,8.41559184e-06,5.26910443e-05,0.620263835,0.0773338855,2.52336896e-05,0.000149127091,9.6205972e-07,1.72706185e-07,1.19120551e-09,1.93120269e-06,7.16090922e-05,4.20297094e-08,5.64204631e-05,3.61043936e-08,2.9915999e-05,3.118304e-06,1.77551112e-09,3.8107477e-10,1.83978565e-07,0.00102141107,4.93459863e-05,1.39601591e-05,1.39746104e-07,6.19881688e-06,1.29408605e-15
0.0145241477,1.00806248,838.329717,0.361111257,0.00106098456,0.0918274002,0.0729650895,0.131001428,6.64284685e-05,5.17717229e-06,9.68786883e-06,5.36547512e-05,0.620832475,0.0806507829,2.52480793e-05,0.000171781119,1.25968206e-06,2.34203532e-07,1.44605474e-09,2.00766467e-06,7.15609144e-05,4.91011111e-08,5.82143542e-05,3.78390791e-08,2.8079343e-05,3.16421287e-06,1.81421198e-09,3.97349638e-10,1.80524243e-07,0.0010907862,5.16396205e-05,1.55858199e-05,1.95624798e-07,6.8636793e-06,8.17823072e-16
0.01453125,1.0336358,859.614341,0.352176954,0.00113553591,0.0900860574,0.0721554753,0.129389494,7.98536204e-05,6.44064788e-06,1.10855021e-05,5.42437065e-05,0.62141601,0.0840367319,2.51380167e-05,0.000196617153,1.63234083e-06,3.14459706e-07,1.74487814e-09,2.08131247e-06,7.10666645e-05,5.77201997e-08,6.01185684e-05,3.95892191e-08,2.62486607e-05,3.19906252e-06,1.87263999e-09,4.10433063e-10,1.75745189e-07,0.00116333112,5.3805874e-05,1.73889518e-05,2.73800542e-07,7.57909982e-06,1.42056105e-15
0.0145383523,1.05963009,881.233465,0.343537535,0.00121443394,0.0883008638,0.0713473143,0.127725712,9.50541504e-05,7.96594175e-06,1.26260727e-05,5.44819269e-05,0.622014736,0.0874903269,2.49046909e-05,0.00022367203,2.09402854e-06,4.18016858e-07,2.0933327e-09,2.15150154e-06,7.01352782e-05,6.82033672e-08,6.2175351e-05,4.1348604e-08,2.44600587e-05,3.22268947e-06,1.95817018e-09,4.201775e-10,1.69675261e-07,0.00123904863,5.5811513e-05,1.93805363e-05,3.82874112e-07,8.34460784e-06,4.08932739e-15
0.0145454545,1.08603002,903.173236,0.3351866,0.00129786556,0.0864724112,0.0705406991,0.126010098,0.000112125979,9.79161363e-06,1.43345198e-05,5.44005256e-05,0.622628912,0.0910101165,2.4551351e-05,0.000252974119,2.66029506e-06,5.50182583e-07,2.49761161e-09,2.21761624e-06,6.87877723e-05,8.08954457e-08,6.44281629e-05,4.31109655e-08,2.27421902e-05,3.23506742e-06,2.07507458e-09,4.26559678e-10,1.62361768e-07,0.00131791981,5.76246687e-05,2.15692449e-05,5.34547222e-07,9.15861996e-06,2.1288476e-15
0.0145525568,1.11282092,925.420323,0.32711706,0.00138602162,0.0846013627,0.0697356981,0.124242724,0.000131160639,1.19581202e-05,1.62444704e-05,5.40352528e-05,0.623258762,0.094594595,2.40830941e-05,0.000284544041,3.34827925e-06,7.17096866e-07,2.96448285e-09,2.27907785e-06,6.70557708e-05,9.6155474e-08,6.69195636e-05,4.48700992e-08,2.11159463e-05,3.23628966e-06,2.22355641e-09,4.29684658e-10,1.53867324e-07,0.0013999004,5.92157823e-05,2.39602599e-05,7.44586146e-07,1.00181262e-05,5.36268257e-15
0.0145596591,1.13998881,947.961934,0.3193213,0.00147909341,0.0826884663,0.068932354,0.12242373,0.00015224698,1.45072715e-05,1.83994853e-05,5.34242946e-05,0.623904466,0.0982421903,2.35066068e-05,0.000318394409,4.17673049e-06,9.25801917e-07,3.50132281e-09,2.3353501e-06,6.49795091e-05,1.14335581e-07,6.96890471e-05,4.66199134e-08,1.95947306e-05,3.22654867e-06,2.39989098e-09,4.2972506e-10,1.44273772e-07,0.00148491698,6.05584341e-05,2.65538102e-05,1.03396522e-06,1.09183293e-05,2.80518418e-15
0.0145667614,1.16752033,970.785796,0.311791323,0.00157726837,0.0807345722,0.0681306827,0.120553345,0.000175473269,1.74816631e-05,2.08542379e-05,5.26064209e-05,0.624566164,0.101951246,2.28298846e-05,0.00035452842,5.16601418e-06,1.18431698e-06,4.11614779e-09,2.38594291e-06,6.2605537e-05,1.35753124e-07,7.27709595e-05,4.83545466e-08,1.81851768e-05,3.2061152e-06,2.59772015e-09,4.26931769e-10,1.33688067e-07,0.00157286293,6.16300281e-05,2.93434387e-05,1.43012965e-06,1.18522585e-05,8.49073126e-15
0.0145738636,1.19540274,993.880117,0.304518885,0.00168072506,0.0787406544,0.0673306722,0.118631902,0.000200929557,2.09241123e-05,2.36756529e-05,5.16195165e-05,0.625243947,0.10572,2.20619457e-05,0.000392937204,6.33809067e-06,1.50171968e-06,4.81764539e-09,2.43041469e-06,5.99843327e-05,1.60656834e-07,7.61926082e-05,5.00683678e-08,1.68881543e-05,3.17531927e-06,2.80970215e-09,4.21552348e-10,1.22249137e-07,0.00166359433,6.24123152e-05,3.23140929e-05,1.96823689e-06,1.28103921e-05,5.61952833e-15
0.0145809659,1.2236193,1017.22979,0.297496704,0.00178962776,0.0767078321,0.0665322797,0.116659861,0.000228710165,2.48771169e-05,2.69440338e-05,5.04994872e-05,0.625937855,0.109546566,2.12125593e-05,0.000433596024,7.71645236e-06,1.88823567e-06,5.61523011e-09,2.46837417e-06,5.71680095e-05,1.89189146e-07,7.99726531e-05,5.17560815e-08,1.56999199e-05,3.13453559e-06,3.02891054e-09,4.13859486e-10,1.10134655e-07,0.00175692589,6.28917555e-05,3.54402389e-05,2.69213135e-06,1.37803445e-05,7.01171348e-15
0.0145880682,1.25213931,1040.80806,0.290720613,0.00190412139,0.074637384,0.0657354276,0.114637818,0.00025891624,2.93823988e-05,3.07541979e-05,4.92794429e-05,0.626647879,0.113428924,2.02919957e-05,0.00047645976,9.32601627e-06,2.35533701e-06,6.51914558e-09,2.49948187e-06,5.42082398e-05,2.21348304e-07,8.41198425e-05,5.3412711e-08,1.46133007e-05,3.08417453e-06,3.24938488e-09,4.0408277e-10,9.75655463e-08,0.00185262733,6.30597091e-05,3.86842455e-05,3.65477262e-06,1.47466788e-05,2.13970343e-15
0.0145951705,1.28094272,1064.59704,0.284183441,0.00202432621,0.0725307746,0.0649400014,0.112566531,0.000291658011,3.44806693e-05,3.52166955e-05,4.79889918e-05,0.627373949,0.117364897,1.93108153e-05,0.000521458003,1.11929918e-05,2.91583886e-06,7.54047995e-09,2.52345049e-06,5.11544924e-05,2.56957239e-07,8.86320748e-05,5.50336648e-08,1.36188415e-05,3.02467874e-06,3.46623756e-09,3.92441477e-10,8.48061356e-08,0.00195041949,6.29124279e-05,4.19952513e-05,4.91784258e-06,1.56908917e-05,5.539664e-15
0.0146022727,1.31000823,1088.57783,0.277878185,0.00215033224,0.07038969,0.0641458523,0.110446947,0.000327056332,4.02113475e-05,4.04591662e-05,4.66539278e-05,0.628115933,0.121352107,1.82797034e-05,0.000568489065,1.33446263e-05,3.58399336e-06,8.69129963e-09,2.54004642e-06,4.80526829e-05,2.95640154e-07,9.34958123e-05,5.6614686e-08,1.27058368e-05,2.95652832e-06,3.67530914e-09,3.79094765e-10,7.2157781e-08,0.00204997028,6.24509609e-05,4.53090329e-05,6.55001395e-06,1.65916772e-05,4.27595171e-15
0.014609375,1.33931317,1112.73034,0.271798051,0.00228219447,0.0682160669,0.0633527963,0.108280224,0.000365243654,4.66123371e-05,4.66278167e-05,4.52960985e-05,0.628873627,0.125387941,1.72093454e-05,0.000617413961,1.58088432e-05,4.37557083e-06,9.98476237e-09,2.54909175e-06,4.49442026e-05,3.36812929e-07,9.86858528e-05,5.81519034e-08,1.1863217e-05,2.88025263e-06,3.87291664e-09,3.64192889e-10,5.99444015e-08,0.0021508914,6.16809605e-05,4.85491626e-05,8.62366549e-06,1.74255125e-05,7.01803987e-15
0.0146164773,1.3688333,1137.03325,0.26593648,0.00241992863,0.0660121215,0.0625606141,0.106067756,0.000406364223,5.37198178e-05,5.38889988e-05,4.39334182e-05,0.629646749,0.129469525,1.61103385e-05,0.000668050599,1.86137461e-05,5.30791435e-06,1.14352055e-08,2.55046659e-06,4.18653102e-05,3.79690362e-07,0.00010416543,5.96417917e-08,1.10802778e-05,2.7964477e-06,4.05569778e-09,3.47854234e-10,4.84896041e-08,0.00225273559,6.06124078e-05,5.16296071e-05,1.12099773e-05,1.81675814e-05,5.34151632e-15
0.0146235795,1.3985427,1161.46387,0.260287161,0.00256350782,0.0637803772,0.0617690518,0.103811193,0.000450573478,6.15680186e-05,6.24308461e-05,4.25799972e-05,0.630434931,0.133593689,1.49931351e-05,0.00072016857,2.17869667e-05,6.39995107e-06,1.30581629e-08,2.54411158e-06,3.88468429e-05,4.23311888e-07,0.000109886629,6.10811951e-08,1.03472477e-05,2.70579713e-06,4.22061812e-09,3.30206517e-10,3.80875456e-08,0.00235499455,5.92592783e-05,5.44587308e-05,1.43726008e-05,1.87930066e-05,2.73527924e-15
0.0146306818,1.42841368,1185.99803,0.254844037,0.00271286,0.0615236901,0.0609778218,0.10151246,0.000498036658,7.01889431e-05,7.24648841e-05,4.12463636e-05,0.63123771,0.137756943,1.38680053e-05,0.00077348495,2.53548391e-05,7.67214093e-06,1.48702445e-08,2.53003031e-06,3.59141911e-05,4.66584857e-07,0.000115791104,6.24673142e-08,9.655693e-06,2.60909366e-06,4.36504297e-09,3.11395322e-10,2.8971808e-08,0.00245709791,5.76391627e-05,5.69444286e-05,1.81603882e-05,1.92783113e-05,5.99181812e-15
0.0146377841,1.45841665,1210.61012,0.249601311,0.00286786647,0.059245271,0.0601866043,0.0991737753,0.000548926743,7.96120311e-05,8.42274722e-05,3.99397583e-05,0.632054519,0.141955447,1.27450081e-05,0.00082766154,2.93413885e-05,9.14633991e-06,1.68888055e-08,2.5082914e-06,3.30874785e-05,5.08342212e-07,0.000121811077,6.37976816e-08,8.99876603e-06,2.50725765e-06,4.48685218e-09,2.91578218e-10,2.1288527e-08,0.00255841336,5.57728581e-05,5.89999055e-05,2.25999193e-05,1.96029823e-05,4.44731634e-15
0.0146448864,1.48852012,1235.27297,0.244553436,0.00302836134,0.0569487027,0.0593950499,0.0967976624,0.000603421884,8.98637554e-05,9.79808484e-05,3.86644882e-05,0.632884676,0.146184989,1.16339566e-05,0.000882303971,3.37671269e-05,1.08455533e-05,1.91313336e-08,2.47903029e-06,3.03818912e-05,5.47409596e-07,0.000127870617,6.50701929e-08,8.37130381e-06,2.40134843e-06,4.58458479e-09,2.70962822e-10,1.50803813e-08,0.00265824821,5.36839386e-05,6.05494912e-05,2.76887047e-05,1.9750976e-05,3.06283831e-15
0.0146519886,1.51869057,1259.95786,0.239695114,0.00319413208,0.054637951,0.0586027823,0.0943869642,0.000661702523,0.000100967174,0.000114013401,3.74223228e-05,0.633727376,0.150440967,1.05443671e-05,0.000936963139,3.86476544e-05,1.2793552e-05,2.16144744e-08,2.44245023e-06,2.78080981e-05,5.8267585e-07,0.000133887182,6.62830909e-08,7.76978942e-06,2.29256471e-06,4.65757806e-09,2.49793524e-10,1.0286097e-08,0.00275585264,5.13983118e-05,6.15338549e-05,3.33899603e-05,1.97119968e-05,6.23316195e-15
0.0146555398,1.53378743,1272.29712,0.237335829,0.00327890484,0.0534788858,0.0582062332,0.0931698031,0.000692334519,0.000106846478,0.00012300498,3.6813571e-05,0.634153089,0.152577003,1.00110893e-05,0.000964110861,4.12624171e-05,1.38701634e-05,2.29500924e-08,2.42150894e-06,2.65732816e-05,5.98510361e-07,0.000136846401,6.68665763e-08,7.47803424e-06,2.23759001e-06,4.6849692e-09,2.39102458e-10,8.36486931e-09,0.00280351364,5.01919495e-05,6.1798728e-05,3.64431548e-05,1.96207938e-05,8.56422758e-15
0.0146590909,1.5488875,1284.63033,0.235022046,0.00336490896,0.0523179264,0.0578093537,0.0919451368,0.000723981544,0.000112946835,0.000132693158,3.62128446e-05,0.634581615,0.154717775,9.48665356e-06,0.000991068469,4.39943658e-05,1.50185509e-05,2.43509869e-08,2.39882741e-06,2.53739972e-05,6.13027545e-07,0.000139761332,6.74344994e-08,7.19220078e-06,2.18239859e-06,4.70632938e-09,2.28370502e-10,6.73921474e-09,0.00285030113,4.89464751e-05,6.19080717e-05,3.96193495e-05,1.94816825e-05,3.78867507e-15
0.014662642,1.56398598,1296.95343,0.232753179,0.00345210537,0.0511556835,0.0574120917,0.0907134158,0.000756665175,0.000119269849,0.000143123846,3.56198107e-05,0.635012811,0.156862586,8.97213981e-06,0.00101776454,4.68434514e-05,1.62417489e-05,2.58183363e-08,2.37444965e-06,2.4210627e-05,6.26129958e-07,0.000142620445,6.79867497e-08,6.91223625e-06,2.12717085e-06,4.72183735e-09,2.17648288e-10,5.38103474e-09,0.00289610647,4.76656436e-05,6.18606089e-05,4.29032466e-05,1.92953666e-05,3.98237753e-15
0.0146661932,1.57907793,1309.26223,0.230528653,0.00354045256,0.0499927911,0.0570143945,0.0894751115,0.000790406498,0.000125816841,0.000154344876,3.50340636e-05,0.635446526,0.159010711,8.468589e-06,0.00104412516,4.98090452e-05,1.75427311e-05,2.73529416e-08,2.3484236e-06,2.30833782e-05,6.37733671e-07,0.000145412133,6.85232255e-08,6.63815191e-06,2.07209e-06,4.7317265e-09,2.06973212e-10,4.26076265e-09,0.00294081873,4.63532715e-05,6.1656497e-05,4.62774138e-05,1.90629922e-05,7.10434894e-15
0.0146697443,1.59415827,1321.55247,0.22834791,0.00362990668,0.0488299064,0.0566162088,0.0882307154,0.000825226001,0.000132588829,0.000166406045,3.44551373e-05,0.635882598,0.1611614,7.97699786e-06,0.00107007416,5.28898884e-05,1.89243809e-05,2.89551716e-08,2.32080111e-06,2.19923021e-05,6.47769038e-07,0.000148124781,6.90438452e-08,6.37001263e-06,2.01734018e-06,4.73628737e-09,1.9637982e-10,3.34848138e-09,0.00298432505,4.5013223e-05,6.12973225e-05,4.97224363e-05,1.87861319e-05,8.1014901e-15
0.0146732955,1.60922179,1333.81977,0.226210404,0.00372042174,0.0476677086,0.0562174815,0.0869807386,0.00086114347,0.000139586509,0.000179359142,3.38825179e-05,0.636320856,0.163313876,7.4983132e-06,0.00109553347,5.60840424e-05,2.03894598e-05,3.06248923e-08,2.29163777e-06,2.09373126e-05,6.56181189e-07,0.00015074684,6.95485524e-08,6.10792635e-06,1.96310447e-06,4.73586365e-09,1.85903795e-10,2.61492625e-09,0.00302651104,4.36493952e-05,6.07860668e-05,5.32171136e-05,1.84667612e-05,3.7993519e-15
0.0146768466,1.62426313,1346.05967,0.224115603,0.00381194972,0.0465068982,0.0558181596,0.0857257121,0.000898177884,0.000146810245,0.000193257954,3.33156557e-05,0.636761117,0.165467336,7.03342598e-06,0.00112042343,5.93888415e-05,2.19405723e-05,3.2361398e-08,2.26099274e-06,1.99182037e-05,6.6293027e-07,0.000153266906,7.0037327e-08,5.85203382e-06,1.90956276e-06,4.7308506e-09,1.75592101e-10,2.0323361e-09,0.00306726116,4.22657039e-05,6.01270457e-05,5.67386963e-05,1.81072279e-05,3.8229545e-15
0.0146803977,1.63927682,1358.26759,0.222062988,0.00390444072,0.0453481956,0.0554181907,0.0844661857,0.00093634732,0.000154260057,0.000208158264,3.27539772e-05,0.637203188,0.167620952,6.58316509e-06,0.0011446632,6.28008479e-05,2.35801294e-05,3.41633406e-08,2.22892864e-06,1.89346662e-05,6.67991405e-07,0.000155673792,7.05101578e-08,5.60249862e-06,1.85688954e-06,4.72168178e-09,1.65475902e-10,1.57507803e-09,0.0031064592,4.08660686e-05,5.93258266e-05,6.02631582e-05,1.77102154e-05,2.99536281e-15
0.0146839489,1.65425725,1370.43888,0.220052056,0.00399784316,0.0441923401,0.0550175234,0.0832027273,0.000975668845,0.000161935611,0.000224117842,3.21968967e-05,0.637646865,0.169773872,6.14829117e-06,0.00116817112,6.63158105e-05,2.53103079e-05,3.60286654e-08,2.1955113e-06,1.7986303e-05,6.71354478e-07,0.000157956599,7.0967071e-08,5.3594978e-06,1.80525174e-06,4.70883084e-09,1.55597758e-10,1.22012321e-09,0.00314398878,3.94543981e-05,5.8389127e-05,6.37654951e-05,1.72787006e-05,9.51939194e-15
0.0146875,1.66919868,1382.56876,0.218082314,0.00409210394,0.0430400883,0.0546161076,0.081935923,0.00101615842,0.000169836213,0.000241196419,3.16438273e-05,0.638091935,0.171925218,5.72949043e-06,0.00119086516,6.99286273e-05,2.71330089e-05,3.79545479e-08,2.16080958e-06,1.70726437e-05,6.73023663e-07,0.000160104798,7.14080961e-08,5.1232133e-06,1.75480655e-06,4.69279472e-09,1.4597807e-10,9.47262039e-10,0.00317973386,3.80345753e-05,5.73246966e-05,6.72200464e-05,1.68159074e-05,1.09772326e-14
0.0146910511,1.68409522,1394.65239,0.216153283,0.0041871686,0.0418922125,0.0542138949,0.0806663751,0.00105783079,0.000177960801,0.000259455668,3.1094191e-05,0.638538171,0.174074089,5.32736887e-06,0.00121266334,7.36333129e-05,2.90498139e-05,3.99373398e-08,2.12489515e-06,1.61931583e-05,6.73016828e-07,0.000162108297,7.18332976e-08,4.89382414e-06,1.70569945e-06,4.67409201e-09,1.36645082e-10,7.39200967e-10,0.00321357929,3.66104423e-05,5.61411895e-05,7.06008301e-05,1.63252579e-05,6.09086996e-15
0.0146946023,1.69894087,1406.68482,0.214264496,0.00428298153,0.0407494987,0.0538108389,0.0793947023,0.0011006994,0.000186307948,0.000278959165,3.05474289e-05,0.638985339,0.176219564,4.94244686e-06,0.00123348419,7.74229722e-05,3.10619392e-05,4.19725226e-08,2.08784226e-06,1.53472693e-05,6.71364773e-07,0.000163957511,7.22427778e-08,4.67149963e-06,1.6580624e-06,4.65325358e-09,1.27637032e-10,5.81477227e-10,0.00324541138,3.51857853e-05,5.48480278e-05,7.38818853e-05,1.58103207e-05,7.15480658e-15
0.0146981534,1.71372952,1418.66103,0.212415498,0.00437948613,0.0396127452,0.0534068962,0.0781215379,0.00114477625,0.000194875856,0.000299772374,3.00030097e-05,0.639433191,0.178360697,4.57515435e-06,0.00125324718,8.128978e-05,3.31701903e-05,4.40546676e-08,2.04972743e-06,1.45343635e-05,6.68110304e-07,0.000165643436,7.26366462e-08,4.4563935e-06,1.61201221e-06,4.63080883e-09,1.18973003e-10,4.62223062e-10,0.00327511854,3.37643201e-05,5.3455261e-05,7.70376143e-05,1.52747597e-05,9.89304941e-15
0.0147017045,1.72845491,1430.57592,0.210605847,0.00447662503,0.0384827599,0.0530020263,0.0768475292,0.00119007182,0.000203662361,0.000321962619,2.94604376e-05,0.639881471,0.180496526,4.22582692e-06,0.00127187313,8.52249691e-05,3.53749155e-05,4.61773898e-08,2.01062916e-06,1.37538028e-05,6.63307229e-07,0.000167157712,7.30150316e-08,4.24863914e-06,1.56764916e-06,4.60728247e-09,1.10664563e-10,3.71884558e-10,0.00330259181,3.23496766e-05,5.1973425e-05,8.00431193e-05,1.47222819e-05,5.58026064e-15
0.0147088068,1.7576987,1454.20764,0.207101882,0.00467263199,0.0362454057,0.05218938,0.0742988912,0.00128433784,0.000221882268,0.000370671178,2.83794336e-05,0.640778532,0.184749506,3.58161395e-06,0.00130549292,9.32710868e-05,4.0072662e-05,5.05196133e-08,1.92972838e-06,1.22874552e-05,6.492584e-07,0.000169649913,7.37260125e-08,3.85544004e-06,1.48421554e-06,4.55875457e-09,9.51892624e-11,2.55062076e-10,0.00335054103,2.95512795e-05,4.87757701e-05,8.55334064e-05,1.35777572e-05,7.06296291e-15
0.0147159091,1.78661467,1477.53346,0.203749985,0.00487045785,0.0340446792,0.0513726427,0.0717548986,0.00138355761,0.00024093849,0.000425670506,2.73012047e-05,0.641673973,0.188969515,3.01023174e-06,0.0013337143,0.000101463755,4.51442337e-05,5.49279253e-08,1.84590392e-06,1.09412712e-05,6.29892687e-07,0.000171379373,7.43778391e-08,3.49233045e-06,1.40823468e-06,4.51139336e-09,8.1287368e-11,1.84952513e-10,0.00338845481,2.68201097e-05,4.53543224e-05,9.01637298e-05,1.24091779e-05,7.47166046e-15
0.0147230114,1.81514969,1500.5106,0.200546937,0.00506963721,0.0318870883,0.0505516485,0.069221049,0.00148775256,0.000260803279,0.000487511756,2.62239105e-05,0.642565432,0.193148381,2.51077579e-06,0.00135602599,0.000109701617,5.05699618e-05,5.93204844e-08,1.75982434e-06,9.70962085e-06,6.05895385e-07,0.000172308166,7.49724037e-08,3.1593408e-06,1.33987931e-06,4.46827369e-09,6.89797573e-11,1.40477625e-10,0.00341563226,2.41801406e-05,4.17939248e-05,9.37936108e-05,1.12426534e-05,5.28599557e-15
0.0147301136,1.84324962,1523.09577,0.197489644,0.00526970703,0.0297790482,0.0497263293,0.0667029251,0.00159691047,0.000281444612,0.000556745974,2.51467417e-05,0.643450431,0.1972778,2.08082787e-06,0.00137198995,0.00011787017,5.63178285e-05,6.3603812e-08,1.67216143e-06,8.58678741e-06,5.7802902e-07,0.000172413463,7.55119254e-08,2.85599088e-06,1.27906144e-06,4.43178781e-09,5.82410281e-11,1.10382006e-10,0.00343147574,2.165261e-05,3.8175062e-05,9.63189097e-05,1.0101151e-05,8.4364703e-15
0.0147372159,1.87085969,1545.24549,0.1945751,0.00547021031,0.0277267885,0.0488967316,0.0642061422,0.00171098188,0.000302827176,0.000633913032,2.40699625e-05,0.644326405,0.201349416,1.71661903e-06,0.00138125522,0.000125843888,6.23422444e-05,6.76759609e-08,1.58357948e-06,7.56702704e-06,5.47096328e-07,0.000171687985,7.59988912e-08,2.58134013e-06,1.22547099e-06,4.40349297e-09,4.89863658e-11,8.87965974e-11,0.00343550951,1.92556618e-05,3.45710133e-05,9.76761041e-05,9.00384818e-06,8.40146093e-15
0.0147443182,1.89792505,1566.91653,0.191800361,0.00567069877,0.0257362593,0.0480630325,0.0617362927,0.00182987644,0.000324913457,0.000719529019,2.29948837e-05,0.645190727,0.205354906,1.41326618e-06,0.00138356989,0.000133489023,6.85832259e-05,7.14306058e-08,1.49472458e-06,6.64459279e-06,5.13907321e-07,0.00017013998,7.64360426e-08,2.33406384e-06,1.17862608e-06,4.38419106e-09,4.1104304e-11,7.26385769e-11,0.00342739634,1.70040657e-05,3.10458386e-05,9.7844096e-05,7.96580663e-06,6.29510904e-15
0.0147514205,1.92439135,1588.06645,0.189162516,0.00587073427,0.0238130381,0.0472255547,0.0592988888,0.00195345938,0.000347664931,0.000814072216,2.19237767e-05,0.646040754,0.209286068,1.16506253e-06,0.00137879068,0.000140667079,7.4966114e-05,7.47618865e-08,1.40621446e-06,5.8137375e-06,4.79250505e-07,0.000167792687,7.68263215e-08,2.11254365e-06,1.13792829e-06,4.37400023e-09,3.44610253e-11,6.02004274e-11,0.00340695135,1.49090352e-05,2.7653164e-05,9.68436036e-05,6.99794405e-06,3.95151453e-15
0.0147585227,1.9502054,1608.65404,0.186658652,0.00606988901,0.0219622393,0.0463847786,0.0568993053,0.0020815482,0.000371043281,0.000917967918,2.08597366e-05,0.646873855,0.213134918,9.65796015e-07,0.00136688992,0.000147238888,8.14019733e-05,7.7569707e-08,1.31862918e-06,5.06870852e-06,4.43868438e-07,0.000164683299,7.71728192e-08,1.91496192e-06,1.10271626e-06,4.37248432e-09,2.89102308e-11,5.04545352e-11,0.00337415244,1.29781539e-05,2.44356876e-05,9.47343443e-05,6.10725624e-06,2.09886032e-15
0.014765625,1.97531585,1628.63998,0.184285825,0.00626774457,0.0201884302,0.0455413521,0.0545427233,0.00221390973,0.000395011605,0.00103157248,1.98065089e-05,0.647687461,0.216893788,8.09067436e-07,0.00134795935,0.000153069173,8.77887919e-05,7.97651271e-08,1.23250304e-06,4.40374455e-06,4.08437809e-07,0.00016086149,7.74787298e-08,1.73939157e-06,1.07231266e-06,4.37880282e-09,2.4306739e-11,4.27288395e-11,0.00332914658,1.12154211e-05,2.14252948e-05,9.16103441e-05,5.29722658e-06,3.60529064e-15
0.0147727273,1.999674,1647.98731,0.182041028,0.0064638899,0.0184955559,0.0446960964,0.052234076,0.00235025784,0.000419535518,0.00115515708,1.87682898e-05,0.648479105,0.220555419,6.885816e-07,0.00132221074,0.000158031419,9.40135644e-05,8.12754402e-08,1.14831804e-06,3.81308175e-06,3.7355419e-07,0.000156387571,7.77472961e-08,1.58387514e-06,1.04606138e-06,4.39186007e-09,2.05134006e-11,3.65544068e-11,0.00327225164,9.62141331e-06,1.86436556e-05,8.75937944e-05,4.56835646e-06,1.15518521e-14
0.0147798295,2.02323448,1666.66213,0.179921168,0.00665791864,0.016886875,0.0438500079,0.0499779985,0.00249025198,0.000444584057,0.00128889179,1.77495163e-05,0.649246465,0.224113059,5.98390362e-07,0.00128997302,0.000162012844,9.99552854e-05,8.20485289e-08,1.06649911e-06,3.29097337e-06,3.39721478e-07,0.000151330397,7.79817381e-08,1.44648947e-06,1.02335381e-06,4.41043792e-09,1.73870196e-11,3.15761544e-11,0.00320395349,8.19355545e-06,1.61031751e-05,8.28279262e-05,3.91875369e-06,7.03651798e-15
0.0147869318,2.04595601,1684.63405,0.177923039,0.00684942591,0.015364909,0.0430042553,0.0477787815,0.00263349668,0.000470130297,0.00143283046,1.67546559e-05,0.649987404,0.227560552,5.33074262e-07,0.00125168613,0.000164919232,0.000105488804,8.20561316e-08,9.87411214e-07,2.83172407e-06,3.07345723e-07,0.000145765129,7.81852686e-08,1.32539482e-06,1.0036452e-06,4.43330631e-09,1.48309088e-11,2.75477795e-11,0.00312489823,6.92648353e-06,1.38081717e-05,7.74693848e-05,3.34472528e-06,1.14647763e-14
0.0147940341,2.06780211,1701.87679,0.176043302,0.00703800538,0.013931407,0.0421601714,0.0456403318,0.00277954238,0.000496151579,0.00158689717,1.57880087e-05,0.650700008,0.23089242,4.87857988e-07,0.00120789151,0.000166679395,0.0001104894,8.12957964e-08,9.11358192e-07,2.42973946e-06,2.76731862e-07,0.000139770985,7.836097e-08,1.21886861e-06,9.86462628e-07,4.45930467e-09,1.27310672e-11,2.42621004e-11,0.00303587984,5.81247743e-06,1.17561742e-05,7.16805657e-05,2.8413338e-06,5.2327598e-15
0.0147975852,2.07838388,1710.2154,0.175147004,0.00713103594,0.0132482908,0.0417393375,0.0445953032,0.00285342473,0.000509332902,0.00166764857,1.5316794e-05,0.651045027,0.232513044,4.71269025e-07,0.00118416366,0.000167112273,0.000112744606,8.06400048e-08,8.74565227e-07,2.24822933e-06,2.62162775e-07,0.000136643462,7.84394891e-08,1.17048552e-06,9.7867124e-07,4.47304655e-09,1.18278821e-11,2.28482013e-11,0.00298797845,5.30939505e-06,1.08185301e-05,6.86851253e-05,2.61404711e-06,5.98443351e-15
0.0148011364,2.08873404,1718.36268,0.17427911,0.0072231725,0.0125877281,0.0413194914,0.0435668664,0.00292781543,0.000522627593,0.00175085046,1.48541511e-05,0.651382297,0.234102869,4.58263123e-07,0.00115929743,0.000167242661,0.000114821423,7.98032459e-08,8.38623648e-07,2.07907679e-06,2.48110636e-07,0.000133438524,7.8512105e-08,1.12518592e-06,9.71371579e-07,4.48720712e-09,1.1011286e-11,2.15688636e-11,0.00293792119,4.84120741e-06,9.9387367e-06,6.56415772e-05,2.40235727e-06,6.63526537e-15
0.0148046875,2.09884961,1726.31665,0.173439158,0.007314362,0.0119497164,0.0409008395,0.0425553914,0.00300264411,0.000536034463,0.00183645315,1.44005111e-05,0.651711651,0.235661426,4.48427696e-07,0.0011333838,0.000167069094,0.000116706319,7.8792472e-08,8.03554878e-07,1.92159658e-06,2.34590969e-07,0.000130166346,7.8579167e-08,1.0827874e-06,9.64521711e-07,4.50167084e-09,1.02726281e-11,2.04096901e-11,0.00288584178,4.4064901e-06,9.11509985e-06,6.2569076e-05,2.20547539e-06,7.0436766e-15
0.0148082386,2.10872802,1734.07569,0.172626677,0.00740455097,0.0113342048,0.0404835952,0.0415612191,0.00307783762,0.000549552507,0.00192439818,1.39562694e-05,0.652032946,0.2371883,4.41391662e-07,0.0011065169,0.000166591985,0.000118386737,7.76160752e-08,7.69376893e-07,1.77512664e-06,2.21613549e-07,0.000126836956,7.86410103e-08,1.04311779e-06,9.58083411e-07,4.51633044e-09,9.60141611e-12,1.93556275e-11,0.00283187947,4.00376606e-06,8.34575281e-06,5.9485931e-05,2.02261316e-06,4.45384967e-15
0.0148117898,2.11836711,1741.63849,0.171841183,0.00749368551,0.0107410956,0.0400679781,0.0405846611,0.00315332022,0.000563180867,0.00201461828,1.35217828e-05,0.652346053,0.238683127,4.36823185e-07,0.00107879336,0.000165813618,0.000119851243,7.62837313e-08,7.36104374e-07,1.63902689e-06,2.09183263e-07,0.000123460184,7.86979701e-08,1.00601468e-06,9.52021942e-07,4.53108851e-09,8.99880232e-12,1.84024982e-11,0.00277617829,3.63152025e-06,7.62868732e-06,5.64094715e-05,1.85299024e-06,7.83714231e-15
0.0148153409,2.12776512,1749.00408,0.171082187,0.00758171137,0.0101702452,0.0396542135,0.0396259988,0.00322901379,0.00057691881,0.00210703738,1.30973683e-05,0.652650867,0.2401456,4.34427062e-07,0.00105031177,0.000164738115,0.000121089667,7.48062604e-08,7.03748829e-07,1.5126785e-06,1.97300799e-07,0.000120045613,7.87503512e-08,9.71324911e-07,9.46305731e-07,4.54585564e-09,8.45041618e-12,1.75338194e-11,0.00271888623,3.28821363e-06,6.96178311e-06,5.3355931e-05,1.69584033e-06,8.1337105e-15
0.014818892,2.13692076,1756.17185,0.170349185,0.00766857404,0.0096214652,0.0392425308,0.038685484,0.00330483809,0.000590765685,0.00220157075,1.26833025e-05,0.6529473,0.241575465,4.33941936e-07,0.00102117203,0.00016337139,0.000122093219,7.31954833e-08,6.72318783e-07,1.39548335e-06,1.85963355e-07,0.000116602535,7.87984631e-08,9.38904161e-07,9.40906144e-07,4.56055224e-09,7.9586587e-12,1.67486903e-11,0.00266015443,2.97229633e-06,6.34283526e-06,5.03403542e-05,1.55041617e-06,1.36014274e-14
0.0148224432,2.14583313,1763.14152,0.169641667,0.00775421885,0.00909452498,0.0388331633,0.0377633382,0.00338071103,0.000604720875,0.00229812519,1.22798209e-05,0.653235286,0.242972522,4.35137298e-07,0.000991474735,0.000161721071,0.000122854604,7.14640825e-08,6.41819895e-07,1.2868632e-06,1.75165308e-07,0.000113139919,7.88425704e-08,9.08616307e-07,9.35797101e-07,4.57510493e-09,7.49662926e-12,1.60209967e-11,0.00260013634,2.68221988e-06,5.76957922e-06,4.73765248e-05,1.41599329e-06,6.55365005e-16
0.0148295455,2.16292888,1776.48865,0.168300823,0.00792170564,0.0081051985,0.0380220247,0.0359745518,0.00353236068,0.000632955526,0.00249699725,1.15051081e-05,0.653785839,0.245668083,4.41956319e-07,0.000930707667,0.000157598227,0.00012363472,6.76823686e-08,5.8361769e-07,1.09362687e-06,1.55161651e-07,0.000106181533,7.89197074e-08,8.54043052e-07,9.26377941e-07,4.6036352e-09,6.72744144e-12,1.47787613e-11,0.00247670342,2.17485439e-06,4.75300576e-06,4.16409457e-05,1.17800124e-06,1.11522945e-14
0.0148366477,2.17905822,1789.05377,0.167055064,0.00808371445,0.00719897143,0.0372229681,0.0342605848,0.00368318656,0.000661606284,0.00270262172,1.07742094e-05,0.654302596,0.248232147,4.53347263e-07,0.00086889819,0.000152476125,0.000123405989,6.35794488e-08,5.29119375e-07,9.28314031e-07,1.37159941e-07,9.92444254e-05,7.89841454e-08,8.06519073e-07,9.17852936e-07,4.63088276e-09,6.08643181e-12,1.37414938e-11,0.00235002543,1.75193974e-06,3.8905958e-06,3.62420211e-05,9.75781349e-07,1.14932885e-14
0.01484375,2.19422965,1800.84693,0.165900006,0.00823982814,0.00637269156,0.0364378829,0.0326221298,0.00383249563,0.00069065669,0.00291399364,1.00875335e-05,0.654785737,0.250665062,4.6832533e-07,0.000806799119,0.000146468703,0.000122173426,5.92667439e-08,4.7828768e-07,7.87311608e-07,1.21034857e-07,9.23868977e-05,7.90377145e-08,7.65240174e-07,9.10092269e-07,4.6565452e-09,5.55393834e-12,1.28778362e-11,0.0022213217,1.40228628e-06,3.16473692e-06,3.12399637e-05,8.04699153e-07,6.09456618e-15
0.0148508523,2.20845814,1811.88325,0.164831157,0.00838965044,0.00562274419,0.0356686148,0.0310594308,0.00397959627,0.000720083162,0.00313000876,9.44491117e-06,0.655235733,0.25296799,4.86138728e-07,0.000745121658,0.000139706645,0.000119970171,5.48525022e-08,4.31056037e-07,6.67330281e-07,1.06646693e-07,8.56608566e-05,7.90820522e-08,7.29486592e-07,9.02990996e-07,4.68041967e-09,5.11817993e-12,1.21632202e-11,0.00209177322,1.11548162e-06,2.55847275e-06,2.6674183e-05,6.60587219e-07,7.57875611e-15
0.0148579545,2.22176477,1822.18257,0.163843947,0.00853281605,0.00494514088,0.0349169334,0.0295723047,0.00412380946,0.000749852317,0.00334948635,8.84566254e-06,0.655653315,0.25514285,5.06206692e-07,0.000684519503,0.000132332184,0.000116855925,5.04371362e-08,3.87333415e-07,5.6542393e-07,9.38479051e-08,7.91118111e-05,7.91185833e-08,6.98614721e-07,8.96463551e-07,4.70238394e-09,4.75549417e-12,1.15692947e-11,0.00196250145,8.8202206e-07,2.05585517e-06,2.25650172e-05,5.39731539e-07,6.16196063e-15
0.0148650568,2.23417622,1831.76896,0.16293375,0.008669001,0.00433560995,0.0341845015,0.0281601673,0.00426448025,0.000779918724,0.00357119362,8.28867321e-06,0.656039452,0.257192255,5.28070108e-07,0.000625576112,0.000124493616,0.000112913972,4.61095899e-08,3.47008733e-07,4.78987398e-07,8.24897954e-08,7.27789479e-05,7.91485763e-08,6.72049253e-07,8.90439856e-07,4.7223832e-09,4.46340408e-12,1.10833714e-11,0.00183455006,6.93383458e-07,1.6421755e-06,1.8916095e-05,4.38844668e-07,1.53639868e-14
0.0148721591,2.24572407,1840.67025,0.16209592,0.00879793281,0.00378968578,0.0334728474,0.0268220635,0.00440098879,0.000810223247,0.00379387133,7.77247408e-06,0.656395315,0.259119434,5.51353725e-07,0.000568795375,0.000116339883,0.000108247053,4.19448075e-08,3.09954658e-07,4.05741007e-07,7.2427821e-08,6.6695277e-05,7.91730898e-08,6.49275847e-07,8.84862158e-07,4.7404168e-09,4.21008127e-12,1.06772044e-11,0.00170886998,5.42040862e-07,1.30409611e-06,1.57170948e-05,3.55031644e-07,3.91103672e-15
0.0148792614,2.25644418,1848.91743,0.161325821,0.00891939949,0.00330279432,0.0327833401,0.0255566997,0.00453276055,0.000840692103,0.00401625951,7.29532003e-06,0.656722249,0.260928157,5.75738707e-07,0.000514595785,0.00010801551,0.000102972394,3.80023532e-08,2.76031069e-07,3.43707461e-07,6.35254693e-08,6.08878328e-05,7.91931019e-08,6.29834907e-07,8.79682758e-07,4.75652953e-09,4.01182506e-12,1.03511993e-11,0.00158630807,4.2144785e-07,1.02970293e-06,1.29466771e-05,2.85753588e-07,1.05275453e-14
0.0148863636,2.26637588,1856.544,0.16061886,0.00903325671,0.00287033251,0.0321171702,0.0243624786,0.00465927539,0.000871236727,0.00423712259,6.85526395e-06,0.657021731,0.262622645,6.00943348e-07,0.000463308053,9.96561852e-05,9.7216281e-05,3.43261029e-08,2.45087843e-07,2.91184257e-07,5.5656475e-08,5.53779134e-05,7.92093983e-08,6.13315772e-07,8.74861732e-07,4.77079942e-09,3.85034216e-12,1.00876672e-11,0.00146759949,3.25985436e-07,8.08496847e-07,1.05753933e-05,2.28791672e-07,1.76858776e-14
0.0148934659,2.27556118,1863.58537,0.159970522,0.00913943279,0.00248773966,0.0314753342,0.0232375355,0.00478007511,0.000901754494,0.00445527298,6.45022408e-06,0.657295342,0.264207492,6.26710571e-07,0.000415175932,9.13851488e-05,9.11085572e-05,3.09448752e-08,2.16967454e-07,2.46714504e-07,4.87059863e-08,5.0181352e-05,7.92226466e-08,5.99351916e-07,8.70365225e-07,4.78332907e-09,3.71207368e-12,9.87356252e-12,0.00135336362,2.50890588e-07,6.31340047e-07,8.56840976e-06,1.82213544e-07,1.0544297e-14
0.0149005682,2.28404403,1870.07824,0.159376398,0.00923793102,0.00215055977,0.0308586248,0.0221797745,0.00489476913,0.000932130271,0.00466959225,6.07804312e-06,0.657544731,0.265687573,6.52800402e-07,0.000370359875,8.331052e-05,8.47774199e-05,2.7873792e-08,1.9150722e-07,2.09057687e-07,4.25707976e-08,4.53088154e-05,7.9233438e-08,5.87616681e-07,8.66163905e-07,4.79423671e-09,3.60113164e-12,9.70531701e-12,0.00124410334,1.92172453e-07,4.9037103e-07,6.88793054e-06,1.44342743e-07,4.62766443e-15
0.0149076705,2.29186952,1876.05996,0.158832214,0.00932882921,0.0018544938,0.0302676265,0.0211869048,0.00500303835,0.000962238712,0.00487904936,5.73653823e-06,0.657771584,0.267067968,6.78986036e-07,0.000328943057,7.55235916e-05,7.83448067e-05,2.51161413e-08,1.68541273e-07,1.7716156e-07,3.71589035e-08,4.07661323e-05,7.92422587e-08,5.77819382e-07,8.6223151e-07,4.80364695e-09,3.51348537e-12,9.57535749e-12,0.0011402075,1.46523099e-07,3.78899339e-07,5.49524174e-06,1.13731124e-07,3.36126415e-15
0.0149147727,2.29908318,1881.56799,0.158333858,0.00941227653,0.00159544172,0.0297027151,0.0202564767,0.00510463689,0.00099194716,0.00508271527,5.4235423e-06,0.657977596,0.268353886,7.05052461e-07,0.000290939218,6.80980616e-05,7.19226049e-05,2.26655203e-08,1.4790238e-07,1.50136084e-07,3.23887023e-08,3.65546539e-05,7.92495105e-08,5.69701869e-07,8.58543677e-07,4.81168328e-09,3.44577384e-12,9.47788212e-12,0.00104195586,1.11228188e-07,2.91289321e-07,4.35234608e-06,8.91340933e-08,6.75912437e-15
0.014921875,2.30573029,1886.63938,0.157877403,0.00948848807,0.00136953443,0.0291640634,0.0193859158,0.00519939208,0.00102111897,0.00527977384,5.13693658e-06,0.658164445,0.269550594,7.30796715e-07,0.000256301744,6.10901135e-05,6.56098138e-05,2.05080523e-08,1.29423626e-07,1.27229811e-07,2.8187979e-08,3.26716515e-05,7.92555141e-08,5.63035379e-07,8.55076955e-07,4.81846121e-09,3.38787887e-12,9.40367087e-12,0.000949526323,8.40813462e-08,2.22839985e-07,3.42318733e-06,6.94881858e-08,3.14298793e-15
0.0149289773,2.31185536,1891.31029,0.15745912,0.0095577372,0.00117315629,0.0286516497,0.0185725563,0.00528720249,0.00104961705,0.00546952866,4.87467566e-06,0.658333769,0.270663356,7.56029131e-07,0.000224933448,5.45392109e-05,5.94907043e-05,1.86245176e-08,1.12940003e-07,1.07808967e-07,2.44928642e-08,2.91107505e-05,7.92605609e-08,5.57617723e-07,8.51808128e-07,4.82408377e-09,3.34930115e-12,9.35470894e-12,0.000863003821,6.3304873e-08,1.69666426e-07,2.67449298e-06,5.38906007e-08,1.0494814e-14
0.0149360795,2.31750157,1895.61566,0.157075497,0.00962034669,0.00100295873,0.0281652707,0.0178136712,0.00536803452,0.00107730739,0.00565140616,4.63480557e-06,0.658487152,0.271697377,7.80574912e-07,0.000196696525,4.84694547e-05,5.36339391e-05,1.69922709e-08,9.82897831e-08,9.13391047e-08,2.12467324e-08,2.58623981e-05,7.926485e-08,5.53270525e-07,8.48713618e-07,4.82863664e-09,3.31267715e-12,9.31857704e-12,0.00078239032,4.74781337e-08,1.2858655e-07,2.07628085e-06,4.1580245e-08,4.89136272e-15
0.0149431818,2.32271039,1899.58885,0.156723245,0.00967667868,0.000855866312,0.0277045562,0.0171065016,0.00544191768,0.00110406239,0.00582495499,4.41547596e-06,0.658626105,0.272657759,8.04275909e-07,0.000171422263,4.28913388e-05,4.8092554e-05,1.55868822e-08,8.53159183e-08,7.7369443e-08,1.83993168e-08,2.29143611e-05,7.92685867e-08,5.49836922e-07,8.45769396e-07,4.83218778e-09,3.29188275e-12,9.30035933e-12,0.000707615572,3.54745674e-08,9.70159939e-08,1.60208661e-06,3.19203064e-08,1.06173419e-14
0.0149502841,2.32752127,1903.26141,0.156399305,0.00972712445,0.000729076074,0.0272689875,0.0164482827,0.00550893888,0.00112976383,0.00598984223,4.21494718e-06,0.658752056,0.273549461,8.26992034e-07,0.000148920147,3.78037506e-05,4.29046572e-05,1.43834522e-08,7.38671089e-08,6.55193371e-08,1.59057902e-08,2.02522413e-05,7.92718945e-08,5.47179175e-07,8.42950903e-07,4.83478586e-09,3.27096222e-12,9.28907681e-12,0.000638548095,2.64070213e-08,7.28724729e-08,1.22897097e-06,2.43819417e-08,5.39390779e-15
0.0149573864,2.33197137,1906.66294,0.156100848,0.00977209429,0.000620051504,0.0268579148,0.0158362676,0.00556923609,0.00115430525,0.00614584673,4.03159306e-06,0.658866346,0.274377269,8.48602495e-07,0.000128986142,3.31960797e-05,3.80946807e-05,1.33576172e-08,6.37988881e-08,5.54669057e-08,1.37261127e-08,1.78600025e-05,7.92749079e-08,5.4517675e-07,8.40233579e-07,4.83646395e-09,3.26001771e-12,9.28836188e-12,0.000575006034,1.95813762e-08,5.44906204e-08,9.37364263e-07,1.85293931e-08,7.45718024e-15
0.0149644886,2.33609542,1909.82094,0.155825274,0.00981200786,0.000526512151,0.0264705774,0.0152677481,0.00562299162,0.00117759381,0.00629285016,3.8638993e-06,0.658970217,0.275145774,8.69006511e-07,0.000111409974,2.90503265e-05,3.36750082e-05,1.24862483e-08,5.49743615e-08,4.69390268e-08,1.18243771e-08,1.57204955e-05,7.92777066e-08,5.43724344e-07,8.37593636e-07,4.83724373e-09,3.24946789e-12,9.29119338e-12,0.000516767575,1.44574614e-08,4.05470589e-08,7.10798149e-07,1.400628e-08,4.45515697e-15
0.0149715909,2.33992563,1912.76078,0.155570205,0.00984728546,0.000446419984,0.0261061221,0.0147400731,0.00567042543,0.00119955143,0.00643082615,3.71045744e-06,0.659064816,0.275859355,8.88123883e-07,9.59814154e-05,2.53431313e-05,2.96478117e-05,1.17479072e-08,4.72648547e-08,3.97021616e-08,1.01684384e-08,1.38159778e-05,7.92803736e-08,5.42730258e-07,8.35009927e-07,4.83714717e-09,3.24490848e-12,9.29919377e-12,0.000463580655,1.06166977e-08,2.99954993e-08,5.35566077e-07,1.05234726e-08,7.02577275e-15
0.0149857955,2.3467942,1918.05636,0.155114884,0.00990518165,0.000321118451,0.0254430128,0.0137994185,0.00574709404,0.00123928938,0.00667988109,3.44235094e-06,0.659229361,0.277134358,9.22325103e-07,7.09484199e-05,1.91630868e-05,2.27514866e-05,1.0615962e-08,3.48284182e-08,2.8486354e-08,7.50845492e-09,1.06579584e-05,7.92854586e-08,5.41877105e-07,8.29966264e-07,4.83446869e-09,3.23893179e-12,9.31987044e-12,0.000371529042,5.81177909e-09,1.6588678e-08,3.05060219e-07,5.98051916e-09,7.29917641e-15
0.015,2.35282386,1922.73979,0.154717366,0.009949505,0.000230087716,0.0248593969,0.0129902374,0.00580178215,0.00127325367,0.0068948803,3.21659657e-06,0.659368731,0.278238458,9.50957179e-07,5.20522599e-05,1.43582256e-05,1.72437792e-05,9.8076864e-09,2.54816885e-08,2.04127899e-08,5.51250302e-09,8.20991909e-06,7.92905248e-08,5.42027411e-07,8.24837791e-07,4.82791898e-09,3.23447109e-12,9.33727445e-12,0.000295936951,3.15153633e-09,9.06396399e-09,1.71165856e-07,3.35297726e-09,4.69728619e-15
0.0150142045,2.35818147,1926.9389,0.15436586,0.00998298749,0.000164337474,0.0243469774,0.0122947759,0.00583691086,0.00130142928,0.00707807812,3.02582705e-06,0.659488689,0.279197846,9.74041031e-07,3.79484838e-05,1.06773452e-05,1.2934834e-05,9.2290315e-09,1.85280319e-08,1.46139594e-08,4.02678514e-09,6.33672501e-06,7.92957384e-08,5.42816843e-07,8.19467519e-07,4.81725862e-09,3.23039606e-12,9.34582293e-12,0.000234474605,1.69487725e-09,4.90127875e-09,9.48323374e-08,1.85736769e-09,9.32163764e-15
0.0150284091,2.36300158,1930.75533,0.15405098,0.0100079684,0.000117068539,0.0238975155,0.011697016,0.00585493205,0.00132400084,0.00723220707,2.86389162e-06,0.659593803,0.280035222,9.91807489e-07,2.75203429e-05,7.89182569e-06,9.62095897e-06,8.81086631e-09,1.33997203e-08,1.04547447e-08,2.9286752e-09,4.91932099e-06,7.9301157e-08,5.43981169e-07,8.1374868e-07,4.80238648e-09,3.2208203e-12,9.3403606e-12,0.000184924338,9.04862883e-10,2.62691871e-09,5.19879697e-08,1.01818378e-09,7.86573115e-15
0.0150426136,2.36739121,1934.2687,0.153765338,0.0100263857,8.32067096e-05,0.0235031287,0.0111827169,0.00585821809,0.00134130391,0.00736022728,2.72570572e-06,0.659687632,0.280770053,1.00463298e-06,1.98682043e-05,5.80450785e-06,7.10779449e-06,8.50367156e-09,9.64513387e-09,7.47442455e-09,2.1219309e-09,3.85672251e-06,7.93068078e-08,5.45334345e-07,8.07616568e-07,4.78332363e-09,3.20683816e-12,9.32000866e-12,0.00014526473,4.79873891e-10,1.39712374e-09,2.82457155e-08,5.53072795e-10,8.18251777e-15
0.0150568182,2.3714346,1937.54065,0.153503162,0.0100398022,5.90057222e-05,0.0231564873,0.0107393739,0.00584898877,0.00135377485,0.00746513206,2.60708611e-06,0.659772913,0.281418893,1.01298361e-06,1.42851844e-05,4.25210496e-06,5.2229483e-06,8.27257243e-09,6.91212559e-09,5.33968561e-09,1.53206842e-09,3.06587697e-06,7.93126776e-08,5.46749522e-07,8.01043461e-07,4.76021108e-09,3.18701868e-12,9.28409914e-12,0.000113712133,2.52676555e-10,7.37426344e-10,1.52178364e-08,2.97767152e-10,7.48173426e-15
0.0150710227,2.37519759,1940.6185,0.153259969,0.0100494525,4.17225451e-05,0.0228509256,0.0103561204,0.00582926896,0.00136190518,0.00754980793,2.50459777e-06,0.659851723,0.281995736,1.01736874e-06,1.0226811e-05,3.10349746e-06,3.82104616e-06,8.09326206e-09,4.93061644e-09,3.80971564e-09,1.10214843e-09,2.48021269e-06,7.93187381e-08,5.48143536e-07,7.94032283e-07,4.73329587e-09,3.16053287e-12,9.23299598e-12,8.87318388e-05,1.31491092e-10,3.84781868e-10,8.10656637e-09,1.58308818e-10,3.6587396e-15
0.0150852273,2.37873144,1943.53843,0.153032286,0.0100562959,2.93596489e-05,0.0225804867,0.0100235955,0.00580087046,0.00136620346,0.00761693995,2.41541478e-06,0.659925625,0.282512353,1.01830604e-06,7.28025181e-06,2.2559121e-06,2.78389423e-06,7.94888786e-09,3.49612135e-09,2.71054559e-09,7.89110786e-10,2.04752927e-06,7.93249662e-08,5.49464703e-07,7.86610102e-07,4.70291191e-09,3.13011006e-12,9.1688592e-12,6.90293536e-05,6.61629612e-11,1.94373621e-10,4.19494376e-09,8.14934161e-11,6.53125037e-15
0.0151136364,2.38523187,1948.98781,0.15261523,0.0100637757,1.50327149e-05,0.0221291666,0.00948664242,0.00572284126,0.00136479539,0.00770585456,2.26986765e-06,0.660062215,0.283394683,1.01136066e-06,3.79455245e-06,1.22686639e-06,1.52238549e-06,7.7300021e-09,1.80664417e-09,1.42379551e-09,4.17339178e-10,1.52080971e-06,7.93377934e-08,5.51802344e-07,7.70683246e-07,4.63303054e-09,3.05295603e-12,9.0046047e-12,4.22276563e-05,1.95065853e-11,5.75156023e-11,1.27938831e-09,2.48791634e-11,4.55648159e-15
0.0151420455,2.39120229,1954.06652,0.152234176,0.0100668214,7.65410372e-06,0.0217630255,0.0090676525,0.00562671651,0.001353892,0.00775158397,2.1540701e-06,0.660189886,0.28413784,9.96328921e-07,1.96450177e-06,6.70210607e-07,8.43947627e-07,7.55256909e-09,9.25507156e-10,7.53055405e-10,2.20876299e-10,1.23299025e-06,7.9350882e-08,5.53705209e-07,7.53754068e-07,4.55435354e-09,2.96263379e-12,8.80810537e-12,2.56648509e-05,5.64371442e-12,1.67360878e-11,3.83890317e-10,7.47637381e-12,5.06632809e-15
0.0151704545,2.39676944,1958.85628,0.15188057,0.0100674696,3.78598197e-06,0.0214576347,0.00873214841,0.00551978356,0.00133644491,0.00776647918,2.05912458e-06,0.660311594,0.284781927,9.75985485e-07,9.89110223e-07,3.64771868e-07,4.75739915e-07,7.39375312e-09,4.60439026e-10,3.96664874e-10,1.15642745e-10,1.0716422e-06,7.93640325e-08,5.55229729e-07,7.36281146e-07,4.4700494e-09,2.86420977e-12,8.5922628e-12,1.54118747e-05,1.44164008e-12,4.35336081e-12,1.04458604e-10,2.01721387e-12,5.58307285e-15
0.0152272727,2.40693783,1967.72172,0.151238933,0.0100650285,1.12906259e-06,0.0209760555,0.00823792254,0.00528898465,0.00128873336,0.00773107367,1.91305123e-06,0.660541972,0.285857093,9.25758599e-07,3.06153376e-07,1.3961388e-07,2.08607644e-07,7.10051232e-09,1.38865338e-10,1.47406626e-10,4.1618849e-11,9.41017761e-07,7.93900953e-08,5.57389731e-07,7.00865524e-07,4.29250252e-09,2.65663168e-12,8.13362519e-12,6.22431334e-06,1.74096511e-13,5.49908788e-13,1.40661439e-11,2.81698913e-13,6.48111977e-15
0.0152840909,2.41619254,1975.86784,0.150659645,0.0100610585,3.47440984e-07,0.0205850072,0.00786374747,0.00505783896,0.00123495028,0.00765363932,1.79827917e-06,0.660759467,0.286776151,8.72422599e-07,1.01295547e-07,6.72641862e-08,1.25238347e-07,6.82058055e-09,4.42812297e-11,7.26939618e-11,1.93225548e-11,8.85671816e-07,7.94152442e-08,5.59036867e-07,6.66779095e-07,4.11647334e-09,2.4559016e-12,7.687222e-12,2.62680313e-06,2.09584185e-14,7.93208427e-14,2.34405501e-12,5.50455979e-14,7.66779695e-15
0.0153409091,2.42469993,1983.4015,0.150131035,0.0100565917,1.13699455e-07,0.0202451245,0.00755748292,0.00483592731,0.00118039478,0.00755606723,1.70247607e-06,0.660965447,0.287596795,8.20374779e-07,3.88213796e-08,4.31109694e-08,9.80497745e-08,6.55341249e-09,1.60829443e-11,5.04496147e-11,1.26034565e-11,8.54238416e-07,7.94392549e-08,5.60559632e-07,6.34890556e-07,3.9484162e-09,2.27090274e-12,7.27320843e-12,1.2134727e-06,2.66951535e-15,1.84618465e-14,7.10672364e-13,2.34379938e-14,8.5046944e-15
0.0153977273,2.43256567,1990.39593,0.149645584,0.0100519664,4.25893444e-08,0.0199366795,0.00729267299,0.00462690958,0.00112753261,0.00744963024,1.61929769e-06,0.661160685,0.288348605,7.7144765e-07,1.9421873e-08,3.45327681e-08,8.83693386e-08,6.30036094e-09,7.50066682e-12,4.42792807e-11,1.06422179e-11,8.31087413e-07,7.94620766e-08,5.6216239e-07,6.05461968e-07,3.79089547e-09,2.10414842e-12,6.89756376e-12,6.54193525e-07,3.78176065e-16,9.04623084e-15,4.31459607e-13,1.77109737e-14,8.27058714e-15
0.0154545455,2.43986635,1996.9083,0.149197807,0.0100472984,2.06398118e-08,0.0196495857,0.00705552802,0.00443170088,0.00107739589,0.00734012582,1.54529236e-06,0.661345858,0.289047612,7.2623406e-07,1.32732253e-08,3.11276716e-08,8.42925391e-08,6.06204489e-09,4.80952809e-12,4.31218061e-11,1.01622028e-11,8.11345933e-07,7.94837383e-08,5.63936786e-07,5.78459099e-07,3.64449594e-09,1.95525933e-12,6.55978697e-12,4.30656632e-07,2.23518907e-16,6.95984272e-15,3.61050575e-13,1.59755763e-14,7.82939569e-15
0.0155113636,2.44666223,2002.98605,0.148783394,0.0100426301,1.38363612e-08,0.0193785037,0.00683856579,0.00424999607,0.00103032133,0.0072305453,1.47844291e-06,0.661521638,0.289703158,6.84763628e-07,1.12735591e-08,2.94980176e-08,8.20721659e-08,5.83829124e-09,3.92090286e-12,4.35493033e-11,1.01540184e-11,7.93418927e-07,7.95042978e-08,5.65913787e-07,5.53721497e-07,3.50888264e-09,1.82259541e-12,6.25677834e-12,3.40173853e-07,-6.51629483e-16,5.41520819e-15,3.29847064e-13,1.44192541e-14,4.76469726e-15
0.0155681818,2.45300282,2008.66958,0.148398814,0.0100379794,1.1788514e-08,0.0191204566,0.00663750403,0.0040809911,0.000986320454,0.00712243507,1.41747297e-06,0.661688684,0.290321166,6.46829204e-07,1.05963026e-08,2.85044175e-08,8.04977616e-08,5.6284559e-09,3.5985965e-12,4.44799027e-11,1.03013866e-11,7.76733196e-07,7.95238364e-08,5.68094098e-07,5.31047074e-07,3.38334256e-09,1.70450777e-12,5.98479298e-12,3.02926432e-07,4.37235102e-16,5.62572549e-15,3.13311101e-13,1.42340677e-14,9.48511281e-15
0.015625,2.45892975,2013.99364,0.148041118,0.0100333557,1.12590577e-08,0.0188736647,0.00644973052,0.00392371831,0.000945261322,0.00701659055,1.36150951e-06,0.661847626,0.290905733,6.12139862e-07,1.03471535e-08,2.77537067e-08,7.91668612e-08,5.4316791e-09,3.45655569e-12,4.55614937e-11,1.05010364e-11,7.61046029e-07,7.95424139e-08,5.70464646e-07,5.10231351e-07,3.26704821e-09,1.59895957e-12,5.74001521e-12,2.87176872e-07,2.61152055e-16,5.01746018e-15,2.98555289e-13,1.33928412e-14,9.84738605e-15
0.0156818182,2.46447831,2018.98811,0.147707816,0.0100287652,1.12153728e-08,0.0186369791,0.00627354273,0.00377719398,0.000906957192,0.00691342416,1.30991222e-06,0.661999052,0.291459891,5.80391094e-07,1.02366518e-08,2.71054088e-08,7.79407378e-08,5.24703052e-09,3.37458023e-12,4.66777548e-11,1.07188834e-11,7.46227989e-07,7.95601011e-08,5.73007746e-07,4.91084563e-07,3.15918254e-09,1.50441463e-12,5.51909708e-12,2.80106443e-07,-7.7497481e-17,4.37836136e-15,2.85516672e-13,1.25474615e-14,7.91739182e-15
0.0157954545,2.47453133,2028.06591,0.147107739,0.0100196986,1.15347931e-08,0.0181916417,0.00595235041,0.00351344255,0.000837987689,0.00671621039,1.2182024e-06,0.662281002,0.292483682,5.2471456e-07,1.01340994e-08,2.59562248e-08,7.56524072e-08,4.91140912e-09,3.26889475e-12,4.88821998e-11,1.11690135e-11,7.18954291e-07,7.95930082e-08,5.7851698e-07,4.57216482e-07,2.96622209e-09,1.34332128e-12,5.13830298e-12,2.75663465e-07,-9.8211296e-17,3.73723368e-15,2.64765764e-13,1.1421766e-14,6.18857271e-15
0.0159090909,2.48350601,2036.19337,0.146576134,0.0100107523,1.19162905e-08,0.0177783074,0.00566293184,0.00328159338,0.000777336622,0.00652999455,1.13827882e-06,0.662538713,0.293416567,4.77272153e-07,1.00502828e-08,2.49033151e-08,7.34982606e-08,4.61302695e-09,3.18236805e-12,5.10112882e-11,1.16215871e-11,6.9418042e-07,7.96230514e-08,5.84444819e-07,4.27952131e-07,2.79723052e-09,1.21040674e-12,4.81888439e-12,2.73803053e-07,1.13815614e-16,3.40534122e-15,2.48047169e-13,1.06162882e-14,8.00251939e-15
0.0160227273,2.49156574,2043.51185,0.146101988,0.0100019383,1.22917873e-08,0.0173936232,0.00540062486,0.00307649608,0.00072371664,0.0063543399,1.0680526e-06,0.662775272,0.294270342,4.3651438e-07,9.96620229e-09,2.3925228e-08,7.14580667e-08,4.3464232e-09,3.10515653e-12,5.30550954e-11,1.20695586e-11,6.71553379e-07,7.96505898e-08,5.90670871e-07,4.02435088e-07,2.64809626e-09,1.0992809e-12,4.54733476e-12,2.72520729e-07,-6.42692317e-17,2.87936668e-15,2.33087431e-13,9.69421539e-15,6.56224554e-15
0.0161363636,2.49884145,2050.13514,0.145676593,0.00999326522,1.26511181e-08,0.0170347724,0.00516177803,0.00289401917,0.000676069044,0.00618867402,1.00591125e-06,0.662993256,0.295054658,4.01231513e-07,9.87972103e-09,2.30131298e-08,6.95226732e-08,4.10710387e-09,3.03567481e-12,5.50134002e-11,1.25096459e-11,6.50791697e-07,7.96759349e-08,5.97096886e-07,3.80004352e-07,2.51557349e-09,1.00530757e-12,4.31373368e-12,2.71355236e-07,7.73283702e-17,2.67312395e-15,2.20975934e-13,9.10450511e-15,7.67616863e-15
0.01625,2.50543886,2056.15548,0.145292993,0.00998473921,1.29934578e-08,0.0166993189,0.00494344331,0.00273082761,0.000633529775,0.00603239573,9.50588757e-07,0.663194835,0.295777525,3.70477442e-07,9.79128923e-09,2.21611362e-08,6.76854384e-08,3.89136302e-09,2.97226938e-12,5.68874431e-11,1.29395098e-11,6.31667131e-07,7.96993396e-08,6.03645311e-07,3.60145791e-07,2.39709153e-09,9.24989148e-13,4.11067791e-12,2.70194573e-07,-3.37609892e-17,2.32635868e-15,2.09939271e-13,8.42490985e-15,6.68094966e-15
0.0163636364,2.51144367,2061.64796,0.1449456,0.00997636557,1.33194474e-08,0.0163851274,0.00474321045,0.00258420933,0.00059539151,0.00588492229,9.0107813e-07,0.663381851,0.296445646,3.43506417e-07,9.70163574e-09,2.13643742e-08,6.59405012e-08,3.69613093e-09,2.9146478e-12,5.86796962e-11,1.33577943e-11,6.13992546e-07,7.97210259e-08,6.10255061e-07,3.42455468e-07,2.29059926e-09,8.55737363e-13,3.9325919e-12,2.69010465e-07,2.45913426e-17,2.15676301e-15,2.00706066e-13,7.94690557e-15,7.09163855e-15
0.0164772727,2.51692515,2066.67363,0.144629931,0.00996814964,1.36298023e-08,0.0160903158,0.0045591105,0.00245194268,0.000561072622,0.00574571003,8.5657281e-07,0.663555883,0.297064636,3.19725909e-07,9.6113809e-09,2.06185413e-08,6.42823445e-08,3.51885187e-09,2.86191494e-12,6.03921103e-11,1.37633263e-11,5.97613543e-07,7.97411797e-08,6.16877982e-07,3.26613352e-07,2.19444981e-09,7.95548723e-13,3.77520995e-12,2.67796853e-07,-2.09697424e-17,1.93805977e-15,1.92351596e-13,7.45161394e-15,7.1340983e-15
0.0165909091,2.52193852,2071.28153,0.14434242,0.00996009812,1.39249741e-08,0.0158132299,0.00438957169,0.0023321917,0.000530092791,0.00561426758,8.16427291e-07,0.663718295,0.297639162,2.98662092e-07,9.52098426e-09,1.99197596e-08,6.27055425e-08,3.35738134e-09,2.81381316e-12,6.20264206e-11,1.41552505e-11,5.82402038e-07,7.97599646e-08,6.23476948e-07,3.12364689e-07,2.1073176e-09,7.42902499e-13,3.63526377e-12,2.66555193e-07,6.38298085e-17,1.85247567e-15,1.85307163e-13,7.11528235e-15,8.51892215e-15
0.0168181818,2.53068901,2079.35895,0.14384332,0.00994451543,1.44683693e-08,0.0153082534,0.00409066615,0.0021253781,0.000476897868,0.00537427987,7.47541454e-07,0.664011845,0.298665223,2.63399254e-07,9.34171021e-09,1.86555011e-08,5.97901039e-08,3.07628919e-09,2.72941211e-12,6.50472961e-11,1.48908369e-11,5.55192599e-07,7.97938469e-08,6.36441897e-07,2.87981513e-07,1.95671225e-09,6.56120783e-13,3.39924442e-12,2.64004438e-07,-3.23105372e-18,1.55213023e-15,1.7288927e-13,6.38236747e-15,7.35463817e-15
0.0170454545,2.53824283,2086.35314,0.143415242,0.00992945043,1.49685235e-08,0.0148564733,0.00383019786,0.00195118977,0.000432318959,0.00515769667,6.89559593e-07,0.664271292,0.299568565,2.34694815e-07,9.16683158e-09,1.75328016e-08,5.71436371e-08,2.83740953e-09,2.65776577e-12,6.78368201e-11,1.55817628e-11,5.31208692e-07,7.98237067e-08,6.49047893e-07,2.67525528e-07,1.82888755e-09,5.86441712e-13,3.20334652e-12,2.61340556e-07,8.27745514e-18,1.37383051e-15,1.62958531e-13,5.84450858e-15,7.18094957e-15
0.0172727273,2.54482209,2092.46219,0.143044463,0.00991488458,1.54308752e-08,0.0144503303,0.00360155569,0.00180290878,0.000394575409,0.00496158627,6.40203354e-07,0.664502249,0.300369199,2.11001297e-07,8.99793476e-09,1.65322313e-08,5.47362703e-08,2.63248662e-09,2.59670691e-12,7.04187169e-11,1.62299066e-11,5.09927882e-07,7.98502082e-08,6.61197281e-07,2.50139737e-07,1.71914441e-09,5.29463339e-13,3.03782718e-12,2.58587112e-07,-1.75030871e-17,1.20428387e-15,1.54606354e-13,5.37013163e-15,7.04162584e-15
0.0175,2.5505919,2097.83423,0.142720876,0.00990080285,1.58590755e-08,0.014083625,0.00339967945,0.00167555565,0.000362345678,0.00478355869,5.97797727e-07,0.664709154,0.301082658,1.91217303e-07,8.83582123e-09,1.56376582e-08,5.25420831e-08,2.45530281e-09,2.54475591e-12,7.28121721e-11,1.68372526e-11,4.9094587e-07,7.98738816e-08,6.72830106e-07,2.35208276e-07,1.62405344e-09,4.82185698e-13,2.89600478e-12,2.55774125e-07,8.09802264e-17,1.17181706e-15,1.48003238e-13,5.09327673e-15,1.06686616e-14
0.0177272727,2.55567209,2102.57808,0.142437174,0.0098872016,1.62551736e-08,0.0137512614,0.00322081197,0.00156538531,0.000334640198,0.00462169287,5.61115855e-07,0.664895593,0.301720871,1.74547145e-07,8.6807483e-09,1.483571e-08,5.05384296e-08,2.3011165e-09,2.50010929e-12,7.50302181e-11,1.74049626e-11,4.73949396e-07,7.9895142e-08,6.83913655e-07,2.22284238e-07,1.54109581e-09,4.42500821e-13,2.7732479e-12,2.52934085e-07,-2.748821e-17,9.80638066e-16,1.4166746e-13,4.66951469e-15,7.52618493e-15
0.0181818182,2.56399922,2110.40095,0.141974579,0.00986149901,1.69445534e-08,0.0131777909,0.00292488119,0.00138753784,0.000290443392,0.00434376837,5.02131025e-07,0.665215992,0.302795669,1.48620928e-07,8.39342411e-09,1.34796744e-08,4.70608452e-08,2.05034491e-09,2.4297025e-12,7.89183688e-11,1.84100892e-11,4.45245586e-07,7.99315149e-08,7.04225634e-07,2.01435401e-07,1.40592798e-09,3.8104766e-13,2.57518515e-12,2.47327374e-07,6.00720524e-18,8.66080175e-16,1.32302722e-13,4.21518499e-15,7.66926399e-15
0.0186363636,2.57081946,2116.82793,0.141597928,0.0098371516,1.75545465e-08,0.0126922812,0.00268111907,0.00124712049,0.000255909965,0.00410691519,4.55262513e-07,0.6654848,0.303692383,1.28912798e-07,8.13318839e-09,1.23562684e-08,4.40993722e-08,1.85076265e-09,2.37741252e-12,8.23689192e-11,1.93109037e-11,4.21321247e-07,7.99618246e-08,7.22540476e-07,1.8481601e-07,1.29699432e-09,3.34207199e-13,2.41522629e-12,2.41768586e-07,1.47745654e-17,7.6913962e-16,1.24928785e-13,3.85605433e-15,8.98672638e-15
0.0190909091,2.57649356,2122.18852,0.141286093,0.00981400275,1.80992599e-08,0.0122772391,0.00247768631,0.00113414681,0.00022841017,0.00390338394,4.17305262e-07,0.665713152,0.304449739,1.13570636e-07,7.89861829e-09,1.14166778e-08,4.15597224e-08,1.68913567e-09,2.33896027e-12,8.54564208e-11,2.01224742e-11,4.01154169e-07,7.99873836e-08,7.38950006e-07,1.71296654e-07,1.20757428e-09,2.9753703e-13,2.28289994e-12,2.36348228e-07,2.93725574e-18,6.78808749e-16,1.18930743e-13,3.55573714e-15,8.66770246e-15
0.0195454545,2.58127192,2126.71268,0.141024549,0.00979192224,1.85880912e-08,0.0119196192,0.00230615886,0.00104187319,0.000206175415,0.0037273766,3.86096292e-07,0.66590912,0.305095579,1.01398682e-07,7.68761907e-09,1.06244641e-08,3.9369198e-08,1.55640655e-09,2.31116325e-12,8.82348077e-11,2.08563247e-11,3.8400005e-07,8.00091479e-08,7.53582211e-07,1.60125116e-07,1.13312069e-09,2.68233135e-13,2.17150069e-12,2.31136494e-07,1.42964188e-17,6.28286211e-16,1.14124807e-13,3.34404886e-15,9.81626581e-15
0.02,2.58532503,2130.55878,0.14080346,0.00977082327,1.90263126e-08,0.0116095783,0.00216065006,0.000965653442,0.00018799728,0.00357462805,3.60168385e-07,0.666078742,0.305649807,9.16060668e-08,7.49790615e-09,9.9524065e-09,3.7471889e-08,1.44626759e-09,2.29142411e-12,9.07380384e-11,2.15197887e-11,3.69315617e-07,8.00278279e-08,7.66578017e-07,1.50793014e-07,1.07052413e-09,2.44473074e-13,2.07669765e-12,2.26187424e-07,3.26297482e-19,5.66057794e-16,1.10009497e-13,3.1438059e-15,8.76821676e-15
0.0209090909,2.59153908,2136.49337,0.140465839,0.00973158896,1.97338305e-08,0.011110742,0.00193764242,0.000851264661,0.000161219886,0.00333235364,3.21267999e-07,0.666353106,0.306520043,7.74543134e-08,7.177539e-09,8.90914438e-09,3.44463421e-08,1.2800651e-09,2.26800746e-12,9.48619377e-11,2.26173225e-11,3.46238634e-07,8.00576328e-08,7.87938176e-07,1.36631879e-07,9.74799108e-10,2.0984016e-13,1.93001514e-12,2.17380751e-07,7.69124038e-18,5.03367912e-16,1.03827273e-13,2.88763051e-15,9.71476851e-15
0.0218181818,2.59634493,2141.09293,0.140205835,0.00969482718,2.03212397e-08,0.010715557,0.00176646448,0.000766664155,0.000141748838,0.0031407926,2.92169373e-07,0.66657079,0.307201177,6.7363172e-08,6.91272817e-09,8.1131792e-09,3.20683264e-08,1.15645789e-09,2.25871901e-12,9.83348018e-11,2.35443282e-11,3.28280063e-07,8.00808199e-08,8.05024388e-07,1.25923688e-07,9.01834415e-10,1.84743282e-13,1.81524082e-12,2.09578426e-07,3.44603619e-18,4.49714673e-16,9.90908267e-14,2.69037886e-15,9.08022935e-15
0.0236363636,2.6027215,2147.23745,0.139862336,0.0096280396,2.11234895e-08,0.0101628411,0.00154369301,0.000658777146,0.000117628888,0.00288091144,2.55092717e-07,0.666880566,0.308125645,5.51041466e-08,6.52315226e-09,7.06178941e-09,2.88226344e-08,9.97931854e-10,2.25784589e-12,1.03282138e-10,2.4871663e-11,3.03835644e-07,8.01126066e-08,8.28573326e-07,1.11946649e-07,8.05808376e-10,1.53750533e-13,1.66092204e-12,1.97443517e-07,4.65837439e-18,3.90082765e-16,9.27403244e-14,2.4513713e-15,9.49628014e-15
0.0254545455,2.60710072,2151.46259,0.139627406,0.00956606629,2.16879669e-08,0.00977438709,0.00139617225,0.000589377891,0.000102539327,0.00270257509,2.31066916e-07,0.667102258,0.308764781,4.75674903e-08,6.23843466e-09,6.36603316e-09,2.66011686e-08,8.95437573e-10,2.26732936e-12,1.06891815e-10,2.58449539e-11,2.86979825e-07,8.01341565e-08,8.44317324e-07,1.02642114e-07,7.41399851e-10,1.34259119e-13,1.5540619e-12,1.88006805e-07,3.75986557e-18,3.51134801e-16,8.83992486e-14,2.2958449e-15,9.43600167e-15
0.0290909091,2.61201553,2156.21905,0.13936468,0.00945321811,2.220511e-08,0.00931987656,0.00124637049,0.000517411462,8.76421173e-05,0.00251192858,2.06918922e-07,0.667376579,0.30948519,4.02107571e-08,5.88934542e-09,5.62101054e-09,2.41577053e-08,7.88754231e-10,2.27887659e-12,1.10570444e-10,2.68579595e-11,2.67454541e-07,8.01577116e-08,8.60505805e-07,9.25730907e-08,6.71274393e-10,1.14817159e-13,1.43720062e-12,1.76036707e-07,3.39519626e-18,3.10658392e-16,8.33378255e-14,2.12662535e-15,9.5278135e-15
0.0327272727,2.614974,2159.06487,0.139207009,0.00934736985,2.2385077e-08,0.00904598332,0.00117129104,0.000479287166,8.02148203e-05,0.00241078703,1.94879176e-07,0.667554855,0.309908464,3.65560261e-08,5.67104217e-09,5.21524658e-09,2.279992e-08,7.32125811e-10,2.28022854e-12,1.12148811e-10,2.73175342e-11,2.55502258e-07,8.01702028e-08,8.68102746e-07,8.68959348e-08,6.31569709e-10,1.04879531e-13,1.37173228e-12,1.68313316e-07,3.221483e-18,2.88161238e-16,8.02506674e-14,2.02812556e-15,9.7720794e-15
0.0363636364,2.61685911,2160.83493,0.139106729,0.00925118056,2.24021925e-08,0.00888681924,0.00113573772,0.000459388352,7.65841589e-05,0.00236019817,1.89190037e-07,0.66766947,0.310158896,3.47484255e-08,5.54017701e-09,4.99916764e-09,2.20730659e-08,7.02611025e-10,2.27362132e-12,1.12507571e-10,2.74529544e-11,2.4799517e-07,8.0175801e-08,8.70419225e-07,8.36098187e-08,6.08560469e-10,9.97159964e-14,1.33462064e-12,1.6342273e-07,2.60597047e-18,2.74808518e-16,7.83993825e-14,1.96906008e-15,9.1110964e-15
0.04,2.61685911,2160.83493,0.139106729,0.00925118056,2.24021925e-08,0.00888681924,0.00113573772,0.000459388352,7.65841589e-05,0.00236019817,1.89190037e-07,0.66766947,0.310158896,3.47484255e-08,5.54017701e-09,4.99916764e-09,2.20730659e-08,7.02611025e-10,2.27362132e-12,1.12507571e-10,2.74529544e-11,2.4799517e-07,8.0175801e-08,8.70419225e-07,8.36098187e-08,6.08560469e-10,9.97159964e-14,1.33462064e-12,1.6342273e-07,2.60597047e-18,2.74808518e-16,7.83993825e-14,1.96906008e-15,9.1110964e-15
