Y_NH3,Y_NO2,Y_NO,Y_N2O,Y_H2,Y_O2,Y_O3,Y_H,Y_O,Y_OH,Y_HO2,Y_H2O,Y_H2O2,Y_CO,Y_CO2,Y_HOCO,Y_CH2O,Y_HCO,Y_NH2,Y_NH,Y_N,Y_NNH,Y_N2H4,Y_N2H3,Y_tHNNH,Y_cHNNH,Y_H2NN,Y_NH2OH,Y_H2NO,Y_HNOH,Y_HNO,Y_HON,Y_HONO,Y_HNO2,Y_NO3,Y_HONO2,Y_H2NCO,Y_HNCO,Y_AR,Y_HE,Y_N2,MF,CEM,HRR,T
0.1412895739823829,2.0281221739929587e-05,0.0001104288216517958,0.6872853341171573,0.0206505701773541,0.122730617830048,0.0,3.9806828238144184e-05,8.300618387501456e-08,9.51108244451843e-05,1.5392332731644304e-05,0.0453471409024383,8.661942894344624e-05,0.0,0.0,0.0,0.0,0.0,0.0007426267769923371,1.4032696314900283e-06,3.772574766865099e-08,2.431734781207202e-08,0.0022481568737078004,0.000519982509585195,0.0006520628259731703,2.0863289434568895e-05,0.0002131771978820542,0.00017385907368703632,3.630931999525529e-05,2.2559220030232576e-06,4.726058020296426e-05,0.0,2.473447554676092e-05,6.306583056271313e-10,3.65423957399064e-07,0.0011503704568970794,0.0,0.0,0.0,0.0,0.669886986283332,0.0003011175357947222,-6.024581106737431,1541004717.1478598,643.093592872109
0.144471094490346,2.0386695853280624e-05,0.00010605232510733974,0.7125357592968731,0.0212486198861064,0.125445664361419,0.0,2.8843189143715638e-05,5.7437460827315166e-08,9.00461983821247e-05,1.4761308342387862e-05,0.0416063195490606,0.00010014019480353347,0.0,0.0,0.0,0.0,0.0,0.0005599281931146221,9.404867692300356e-07,2.406692468385838e-08,2.0191463078014213e-08,0.0018640688453277544,0.000451967433242697,0.0006809811984413203,1.6873271425544495e-05,0.00021592580698779346,0.00016824579715188012,3.482090398848354e-05,2.463575425010189e-06,5.067789384159029e-05,0.0,3.0427912794482268e-05,5.107921139221337e-10,4.6460850393517334e-07,0.0014205692980740067,0.0,0.0,0.0,0.0,0.6671382555146861,0.0,-5.960276245012511,1101166392.275717,610.374844241899
0.147288165619071,1.7694652562393723e-05,8.745940586276885e-05,0.6413081691491644,0.0218124964038864,0.12961593615862,0.0,3.4659261145272576e-05,5.840421550979666e-08,8.376768021369829e-05,1.1895361195342175e-05,0.0383221580586965,7.669249335947028e-05,0.0,0.0,0.0,0.0,0.0,0.000722150198853224,1.0254655760904087e-06,2.4973505220351158e-08,1.9459840587157752e-08,0.002196449230051932,0.0005294684789327762,0.0007926640131436826,2.1550662553969756e-05,0.0002479142122207978,0.00015972569435221748,3.197869441745476e-05,2.1156372414961928e-06,4.538527017286851e-05,0.0,1.544806497904563e-05,3.3187498483081193e-10,3.2536030574264963e-07,0.00085867651908563,0.0,0.0,0.0,0.0,0.6628774760795121,0.015261958110734565,-6.011993602681113,1771821967.8968089,584.239136616736
0.149858627457966,1.741926401105234e-05,8.788271843949809e-05,0.6252497772355207,0.022154438813703,0.132322405156947,0.0,3.2208940498405684e-05,5.5164005540357596e-08,8.40794602671872e-05,1.2282478893952197e-05,0.0344729373443815,8.62787900129395e-05,0.0,0.0,0.0,0.0,0.0,0.0006738729299317795,8.921519695560211e-07,2.155537336858253e-08,1.938817817969912e-08,0.0020675449781962147,0.0005186388124419492,0.0009290525460812575,2.1384820581325166e-05,0.0002753619368310128,0.00016769647932069203,3.1243626833304845e-05,2.5105743663746216e-06,4.9738166815398934e-05,0.0,1.801596648265823e-05,2.880976286109756e-10,3.695916761472643e-07,0.0009033966370086728,0.0,0.0,0.0,0.0,0.661107511766735,0.020832403064643488,-6.000626594109573,1851329382.2654262,557.4269197558
0.15300266203338,2.1404230364328213e-05,0.00010885516181424871,0.694921364462228,0.0224708843503633,0.135685122825469,0.0,1.7832493204494614e-05,3.818528224604506e-08,8.159275223804029e-05,1.5754951190985784e-05,0.0298226347502874,0.0001472666981214934,0.0,0.0,0.0,0.0,0.0,0.00036713499049400385,4.838934797787527e-07,1.1355363850957126e-08,1.6024790529547835e-08,0.001303365104150037,0.0003686089300932691,0.000968641277497789,1.3761791230915006e-05,0.00026381612579529226,0.0001669761293037991,3.214981642522416e-05,3.6701871999487344e-06,6.877709359499046e-05,0.0,5.1964954690797173e-05,3.435566756483407e-10,6.843800570618531e-07,0.0019257502362520936,0.0,0.0,0.0,0.0,0.6589371032882629,0.0,-5.916147066610512,886066152.8497018,525.131361907532
0.155029475428482,1.672339587771121e-05,9.387237799160191e-05,0.6109376016437305,0.0227783308817334,0.138385612234517,0.0,2.3475814526078917e-05,4.723887143512112e-08,8.1176609677868e-05,1.4490438613201172e-05,0.0267700004146292,0.00012575188960806024,0.0,0.0,0.0,0.0,0.0,0.000486480144744399,5.766107512525781e-07,1.3757379477075211e-08,1.8375098346876703e-08,0.0015233564728575418,0.0004330604446838831,0.0012320667662611142,1.8572366574774155e-05,0.00031530961546175323,0.00017105972562850232,2.8736479392926425e-05,3.764337134669221e-06,6.346770727071233e-05,0.0,3.165246338931632e-05,2.3275320369907276e-10,4.973181767318988e-07,0.0011159000848090538,0.0,0.0,0.0,0.0,0.65695540443096,0.025855136857920038,-5.939580491759809,1580180171.008384,499.2116888847409
0.157283292114028,1.617406885830253e-05,9.5736160007448e-05,0.5813789812471981,0.0231298502485533,0.1403384185414549,0.0,2.3297279171999788e-05,4.953330466525241e-08,8.11581515531288e-05,1.5198370245038967e-05,0.0240180060543868,0.00013622685127597772,0.0,0.0,0.0,0.0,0.0,0.00047936591811162626,5.497045333826826e-07,1.3149452295443629e-08,1.8757018999657408e-08,0.0014581889360149752,0.00042991302223265455,0.0014022138183156395,1.940758671588457e-05,0.0003404223025338888,0.00017339566695785832,2.780742319200005e-05,4.292053943322316e-06,6.773956234097615e-05,0.0,3.51860522604943e-05,2.1155744587468323e-10,5.092758317741979e-07,0.001086599529258429,0.0,0.0,0.0,0.0,0.655149274890023,0.03682953655199633,-5.938037471642394,1776295951.8445497,481.319580455761
0.159513252540051,2.208668037983792e-05,0.00011515607350104514,0.6702063696553701,0.0233835840581981,0.141847620592776,0.0,1.280126617670989e-05,3.5417884432607674e-08,7.938464997291071e-05,1.6921620526088012e-05,0.021720097496272,0.0001866040582164051,0.0,0.0,0.0,0.0,0.0,0.00026820189574685053,3.1870012077640827e-07,7.096488306855911e-09,1.386619241435383e-08,0.0008894593789173653,0.0002946653478738778,0.0012833440780792545,1.291804070425377e-05,0.00030027640725088,0.0001509678839285424,2.7373465144184475e-05,5.307750174103812e-06,8.642735437115704e-05,0.0,8.081194397795571e-05,2.585597407889448e-10,8.251394941199086e-07,0.002245199920680827,0.0,0.0,0.0,0.0,0.65345606066273,0.006092825577425935,-5.913596525170911,808316712.3993018,462.881996656252
0.161164510942932,2.340267031112237e-05,0.00011437488192823025,0.6924178626370724,0.0237068390059822,0.142947965535148,0.0,9.49958022447211e-06,3.073742997492109e-08,7.72142974829573e-05,1.6129514443823008e-05,0.0196234517452982,0.00019330557309559204,0.0,0.0,0.0,0.0,0.0,0.00020586141020864082,2.3710150209631076e-07,4.9741415711988855e-09,1.1527349428372037e-08,0.0006675448742077523,0.00023869780356324457,0.001260875875889627,1.1346194873797206e-05,0.0002849835066074134,0.00012857308620924421,2.4498327873589683e-05,5.681478236156744e-06,9.120457433152687e-05,0.0,9.650207431196429e-05,2.2327764867519831e-10,8.888766473248771e-07,0.002580469540628169,0.0,0.0,0.0,0.0,0.652480018473157,0.0,-5.904287837137204,598444580.0732538,441.170689579843
0.16259163375782,2.4464286449953812e-05,0.0001129812260188748,0.7077998260878139,0.0241246375158349,0.1447432248757559,0.0,7.971032930604853e-06,3.0954116122390574e-08,8.068571932020159e-05,1.537878341093656e-05,0.0173962337867492,0.00019040386631937237,0.0,0.0,0.0,0.0,0.0,0.0001726148265767574,1.9996719824839742e-07,4.105514170667482e-09,1.0135966002007982e-08,0.0005209352583255618,0.00019844690167748443,0.001279833347773585,1.079499666960389e-05,0.00027428185862495485,0.00011281940946300675,2.1626489608401286e-05,6.282879368594445e-06,9.524095196060646e-05,0.0,0.00010773730004190497,1.9260660880095695e-10,9.570817867929778e-07,0.0027907683037400595,0.0,0.0,0.0,0.0,0.65106358434452,0.0,-5.896372404404659,504976261.6037614,422.350891153149
0.164185040829991,2.5798804834131272e-05,0.0001107399356049355,0.7219235290541748,0.0245176525117809,0.14666988236644,0.0,6.741912773756446e-06,3.0484071122841426e-08,8.28291217829221e-05,1.4411208358676935e-05,0.0151169334441094,0.00018483933561157172,0.0,0.0,0.0,0.0,0.0,0.00014781085477474093,1.7073216392369584e-07,3.3985641967990492e-09,8.838845755061083e-09,0.0004209470351459138,0.0001687602505621872,0.0012627695215103043,1.0320676168579601e-05,0.00026228826134128857,9.891156548072883e-05,1.958832242062189e-05,6.658670542531918e-06,9.78529165864215e-05,0.0,0.0001151773123534104,1.6565311984519386e-10,1.0149711322711987e-06,0.0030051762402674973,0.0,0.0,0.0,0.0,0.649427661725896,0.0,-5.889449751339662,428305929.72320145,407.555783811464
0.165484541714724,2.7913248710715883e-05,0.00010819249030570229,0.7341777128109266,0.0247098426892666,0.14953235827402,0.0,5.37743093277841e-06,2.8384191995400683e-08,8.14224177254379e-05,1.3146879496261517e-05,0.0126673266990324,0.0001788164002024791,0.0,0.0,0.0,0.0,0.0,0.00012381925731242563,1.3908514021008864e-07,2.590346071758281e-09,7.3179939490625e-09,0.00033648571021194034,0.00014255889186393512,0.0012052207933811023,9.859751870447914e-06,0.00024979097802433714,8.374394840154476e-05,1.809487555383989e-05,6.828120902402999e-06,0.00010057290688003957,0.0,0.00012178829941753006,1.3590779162448207e-10,1.0637104815436502e-06,0.003302120454829555,0.0,0.0,0.0,0.0,0.647524508205232,0.0,-5.881653473321623,351487484.17511857,392.174171457477
0.167268830728067,1.8914596046817926e-05,0.00010612358700554896,0.6067766493469341,0.0248585722058932,0.151217765049108,0.0,9.230401745417298e-06,4.524863407130282e-08,8.009608434289741e-05,1.5065078581912718e-05,0.0103882753387037,0.00019235943656655742,0.0,0.0,0.0,0.0,0.0,0.00019528163025082676,2.0759517716739815e-07,4.4010713988780226e-09,1.0716157084266975e-08,0.0004707060672232699,0.00019800543696959867,0.0017815306479117784,1.5458224131484212e-05,0.00032840624730593983,9.51615590138567e-05,1.6612929142472565e-05,8.03994652878714e-06,8.98326065871523e-05,0.0,9.000990051550964e-05,8.922267093399352e-11,7.491815264420855e-07,0.0017142328949747195,0.0,0.0,0.0,0.0,0.6461864605938851,0.028167791154511273,-5.914494877208792,859936177.0222515,374.5526413999031
0.168732159364259,1.9202702545647048e-05,0.00010701212285812942,0.5844390430093008,0.0250412909567806,0.15221611718383,0.0,9.329267991588302e-06,5.328357703713885e-08,8.34057364298706e-05,1.4840128924202989e-05,0.0089922412132108,0.00019647960423985252,0.0,0.0,0.0,0.0,0.0,0.000193269574865139,2.057154492791288e-07,4.411210751088614e-09,1.030204476563792e-08,0.0004236909291142727,0.0001859149936606154,0.0019370545459902393,1.696775664389243e-05,0.0003366191634790844,8.652347889199e-05,1.5237996086616859e-05,9.00433422701997e-06,9.116162747868693e-05,0.0,9.304391319356476e-05,6.988432369641641e-11,7.686155588771045e-07,0.001662716180982342,0.0,0.0,0.0,0.0,0.644934785545489,0.03657045945487834,-5.921525055475575,958781035.8436718,359.4667908238349
0.170079828126245,3.456907899103621e-05,0.0001033565562117787,0.7442503247357299,0.025224220817942,0.15329630812008,0.0,3.551538790524499e-06,3.120112226122874e-08,8.40246844508924e-05,1.0204766239281954e-05,0.0072555397983569,0.0001628084419686751,0.0,0.0,0.0,0.0,0.0,8.82500764214499e-05,9.479166347527761e-08,1.5691051388484956e-09,4.674024400154209e-09,0.00019262499178319278,9.329581659418854e-05,0.001146869506294148,1.0271952616910807e-05,0.00022643543287023386,5.246060941798025e-05,1.4769856581965122e-05,7.945872828096724e-06,0.00010981201061478803,0.0,0.00013203206060929037,6.666255855983691e-11,1.213154783884673e-06,0.003893311351485147,0.0,0.0,0.0,0.0,0.6440600784529251,0.0,-5.866237220211315,270237765.0391045,348.881807871981
0.1709373444890289,2.3980281470761457e-05,0.00010128101132569934,0.659996502655012,0.0254096040763963,0.153265384496899,0.0,5.8786053771866076e-06,4.778898722771043e-08,8.617888008585241e-05,1.1845657485360777e-05,0.0061366595779847,0.00018024021577107597,0.0,0.0,0.0,0.0,0.0,0.000128314240159049,1.3695846772984178e-07,2.671580154131191e-09,6.81109531908643e-09,0.0002552855655830603,0.000122617151092417,0.0016022304666501801,1.4282387664707112e-05,0.00027566041915263025,5.834222927843409e-05,1.2821292640959086e-05,9.117098689196081e-06,9.237966061156516e-05,0.0,0.00010405135544789689,4.726225687676508e-11,9.079562618251444e-07,0.0022158478722920606,0.0,0.0,0.0,0.0,0.644164828479605,0.010527797939846347,-5.897024066770778,534685400.58394456,338.65079872436
0.171793041941276,4.403153718865587e-05,9.319157710115936e-05,0.8021006884304557,0.0255916811041073,0.154939667559465,0.0,1.9166577415793736e-06,2.579192331925078e-08,8.4836759663347e-05,6.919620649573615e-06,0.0046718969861601,0.00012711516362569382,0.0,0.0,0.0,0.0,0.0,5.340583048444733e-05,5.545967414351849e-08,7.740293319510852e-10,2.422522230780443e-09,0.00010181407900502301,5.2616196010831785e-05,0.000778175233070393,8.096458798341714e-06,0.00016166745779696185,3.037191009212258e-05,1.3422057519594588e-05,7.036601082375407e-06,0.00012067139243212854,0.0,0.00013160960970401528,4.233272958550919e-11,1.3148640617277718e-06,0.005073586179410807,0.0,0.0,0.0,0.0,0.6429188756493289,0.0,-5.794654121900557,136879438.61616766,328.669503074444
0.172314253427432,0.004837009978187635,1.4082529150245403e-07,0.36113925246685835,0.0258050600392629,0.1555874756554389,0.0,2.3656165098480175e-09,2.711383918828194e-10,8.80422383788896e-05,6.61582903732699e-05,0.0041049771265504,0.000523640152822989,0.0,0.0,0.0,0.0,0.0,1.7075850301778028e-07,1.1012457073037212e-11,2.4316071272117323e-13,2.4774499387300796e-14,7.75429390620018e-08,2.1464887547646498e-09,1.3996079316435517e-06,1.5720232992680038e-07,1.2655611527401765e-09,1.7633436876065613e-07,1.5717333547902855e-05,7.551933836941664e-08,0.007510712564145161,0.0,8.659071925938932e-05,8.889209351610464e-10,0.001502967030685462,0.576225503775038,0.0,0.0,0.0,0.0,0.6421001915129371,0.0,-6.387114124079219,83149956.65550445,319.91866724130404
0.172417537608474,0.005418508363437704,1.4711759019707948e-07,0.35531830393258507,0.0258696244840629,0.155963824500346,0.0,2.3745374194423132e-09,3.167663964629626e-10,9.22687366523322e-05,7.379356690927929e-05,0.0036947792935046,0.000606001699985597,0.0,0.0,0.0,0.0,0.0,1.7276091780897391e-07,1.1038133287688677e-11,2.4116821603208353e-13,1.9590825298690902e-14,6.953247178831554e-08,1.829439103556125e-09,1.329959705216347e-06,2.516962665646186e-07,1.0864925747438208e-09,1.5230920762405748e-07,1.5785221849536702e-05,7.065819152597183e-08,0.008650587347650212,0.0,8.192835268406368e-05,7.950548897020133e-10,0.0015748448844419894,0.5758131851357731,0.0,0.0,0.0,0.0,0.641961965376959,0.0,-6.417107283039209,106938908.76745538,314.313400062274
0.172924511233582,0.005472465340388496,1.3635187072407082e-07,0.34979345478081414,0.025921361347025,0.157474543214998,0.0,2.2274142384562727e-09,3.0946443747366614e-10,8.995967283398599e-05,7.380821680728245e-05,0.0029255987463216,0.0006338962480272346,0.0,0.0,0.0,0.0,0.0,1.652127957523107e-07,1.0246802992295549e-11,2.2230783128774054e-13,1.8250984614596253e-14,6.835325117769952e-08,1.6988818471212539e-09,1.3042418699725241e-06,3.0313049192185483e-07,1.0023721355499585e-09,1.425817434199518e-07,1.5390922206369873e-05,6.826406455128082e-08,0.008904269690883105,0.0,7.677043763665433e-05,7.108809778474909e-10,0.0016210452777844207,0.5796645352959718,0.0,0.0,0.0,0.0,0.6406640257852391,0.0,-6.429100144990214,110310371.09232424,311.019909033219
0.173221454478,0.005596350746762506,1.1578176860533772e-07,0.33872073996340024,0.0260540105603341,0.158695012958812,0.0,1.955059126405594e-09,3.281754142518978e-10,9.48338322721529e-05,7.70302035531963e-05,0.0021174455153037,0.0007155478536120456,0.0,0.0,0.0,0.0,0.0,1.499035987507702e-07,9.197674057575043e-12,1.9715877805175308e-13,1.568618812938496e-14,5.869491186356532e-08,1.3729503111399846e-09,1.2181751323990792e-06,4.5145834879364476e-07,8.078571076269135e-10,1.2400102048676677e-07,1.385236998405528e-05,6.37249578176822e-08,0.009378135503184662,0.0,6.407404034656827e-05,5.705547160234252e-10,0.0017362700789126627,0.5902528856890048,0.0,0.0,0.0,0.0,0.639817242655278,0.0,-6.463367173017765,123546134.38172622,304.692376297404
0.173842968210891,0.0024570630974386333,2.9434856978741886e-05,0.1517007830419786,0.0261152119841888,0.1594473812773469,0.0,3.351572714391411e-07,4.695099997674531e-08,9.67214822673631e-05,8.163991478966781e-05,0.0011315381308333,0.0006257102857890451,0.0,0.0,0.0,0.0,0.0,2.8075337113857444e-05,3.0423265752445985e-08,4.667843808822104e-10,7.498079081586832e-10,2.6555872178858096e-05,6.283862344842129e-06,0.0001623784680953519,3.0229284827513186e-05,3.114879850545583e-05,1.846112439578267e-05,0.00011217296140810617,2.570970476558855e-05,0.0066119048504020275,0.0,7.54567294529702e-05,3.153225820304107e-11,0.0004797126204422755,0.27102633956732886,0.0,0.0,0.0,0.0,0.639366178914474,0.0,-5.861145461854172,2242852379.0747795,300.458881721251
0.174172786775283,3.552527821834846e-05,9.746289526490185e-05,0.7154918939645645,0.0261765008845188,0.159365666033014,0.0,3.378664388358749e-06,6.03333119300349e-08,9.6916864807913e-05,7.816035728632158e-06,0.0008251838303209,0.00016629740999508818,0.0,0.0,0.0,0.0,0.0,7.68924857000062e-05,8.240991295041568e-08,1.4190008375984054e-09,3.127369837525321e-09,0.00010880320133424823,6.012175697969641e-05,0.001198991388126443,1.3493725076140985e-05,0.00019463800199854672,2.531090251416902e-05,1.052931783299887e-05,9.658730850762052e-06,0.00010293018076739536,0.0,0.00011118735338873758,1.6912247369898337e-11,1.0936005635229925e-06,0.003009049747627663,0.0,0.0,0.0,0.0,0.6393629456120551,0.0,-5.844384015621635,312450706.062281,297.15737210468603
0.174390512242124,0.005371144674195226,8.44218488840191e-08,0.3233516567860467,0.0261511164957613,0.158569216467536,0.0,1.553223839034467e-09,3.0995289854149e-10,9.24055187147895e-05,7.556878119677722e-05,0.0011378942485793,0.000809138868732906,0.0,0.0,0.0,0.0,0.0,1.2760749439823548e-07,7.526617784669583e-12,1.5836657845963616e-13,1.4470180086061616e-14,5.410915332059004e-08,1.116386331060418e-09,1.1636266858576652e-06,6.538475366383529e-07,6.468793342118121e-10,1.0748899867847989e-07,1.1954842940073209e-05,6.003133921923136e-08,0.009497685302164806,0.0,4.776538999303165e-05,3.9054127760211755e-10,0.0018968810221441377,0.6058570073844562,0.0,0.0,0.0,0.0,0.639658855027286,0.0,-6.497609916173209,125866562.6084801,296.043176487541
0.174480460367408,0.0057725579430235345,8.827359151135957e-08,0.32167615831553126,0.0261947044507695,0.158404729138484,0.0,1.5555896000925936e-09,3.3346958382721216e-10,9.51161450843792e-05,7.950722969101459e-05,0.0012156820391743,0.0008608641694638582,0.0,0.0,0.0,0.0,0.0,1.2744342625834001e-07,7.380844923949373e-12,1.548257354860678e-13,1.2307644079113052e-14,4.9661331003079355e-08,1.0063451206202623e-09,1.1074322596878992e-06,7.878162913455351e-07,5.825864454211897e-10,9.745621960049127e-08,1.2104248950022157e-05,5.614244633352776e-08,0.010129382593507192,0.0,4.8434342583476836e-05,3.8850149059788793e-10,0.0019253744657483313,0.6045448861724669,0.0,0.0,0.0,0.0,0.639609307859079,0.0,-6.511763551333203,142200473.62471023,294.370379296853
0.174850110734876,0.0057622475303952805,8.936251950271789e-08,0.32220263981462,0.0261681393659543,0.159215903685126,0.0,1.5651332287562782e-09,3.2133764059121833e-10,9.180600166864108e-05,7.82323113108951e-05,0.0006138048293446,0.0008463986151872435,0.0,0.0,0.0,0.0,0.0,1.2838450689792888e-07,7.32092395367622e-12,1.5359509567774703e-13,1.2438630323117399e-14,5.196940061734004e-08,1.0387080852707332e-09,1.1220090421117819e-06,7.707426967535209e-07,5.992925350330824e-10,9.835747547679677e-08,1.2392101748794123e-05,5.629794336277768e-08,0.010112228096793727,0.0,4.972177761529119e-05,3.9275046279334715e-10,0.0019121615272035281,0.6031628950054473,0.0,0.0,0.0,0.0,0.63906023538303,0.0,-6.506636292701053,138937552.9544077,294.671403959683
0.174816739458403,0.00213392220878366,6.715111148803841e-05,0.12323726158201574,0.0261281744164015,0.15813761824489,0.0,4.2114685666598634e-07,6.046870211323874e-08,9.099557173944028e-05,4.276350517048562e-05,0.0010677260645022,0.000625117215897996,0.0,0.0,0.0,0.0,0.0,3.6574938374580336e-05,4.1459799276896104e-08,5.50395050287443e-10,1.4499335201536547e-09,3.809991187669103e-05,1.0259489128420663e-05,0.00025553751804360803,3.594557655336963e-05,7.254163031281997e-05,2.12969759019761e-05,0.00011862618185197193,3.187544994027101e-05,0.005489544129194606,0.0,0.0001732706086947061,4.1150950889215094e-11,0.0002237392150637748,0.22178462349156053,0.0,0.0,0.0,0.0,0.6397587462440639,0.04420934203366841,-5.813070228433716,2631005221.911196,293.97496913895304
0.174460915680215,3.1631868127779084e-05,0.000101442070574968,0.6544264364979857,0.026124091776844,0.15743275977561,0.0,4.188795670805753e-06,6.533848506337494e-08,8.94092164836299e-05,9.035467735085381e-06,0.001507949029711,0.00018658680814226416,0.0,0.0,0.0,0.0,0.0,9.512263437188533e-05,9.796925647152573e-08,1.7407569393226999e-09,3.985279553100654e-09,0.00014086093079420625,7.727006533062131e-05,0.0014406085000930357,1.6082026898066896e-05,0.00023292273886885788,2.9301654827691887e-05,1.087719805842445e-05,1.0279748432049777e-05,9.720702296403399e-05,0.0,0.00011056871153831937,1.5824252591622883e-11,9.92408839085322e-07,0.0025484038410128703,0.0,0.0,0.0,0.0,0.640384874521136,0.012319886478600935,-5.866061536657955,457072898.36778176,296.720028052314
0.174219035611362,0.006708502937880853,1.4769516685559692e-07,0.33181280797433016,0.0261707152391642,0.15769837182048,0.0,2.3740089670520833e-09,4.457285223138714e-10,9.11286731326904e-05,9.407576136297764e-05,0.0017211039196409,0.0009356232151254226,0.0,0.0,0.0,0.0,0.0,1.8336212088141514e-07,1.1602256906901869e-11,2.4348154065693775e-13,1.3649240323906474e-14,6.754710328921995e-08,1.4316084923006311e-09,1.3526983638850402e-06,7.347101215125426e-07,8.672515954894203e-10,1.1141687499525725e-07,1.6031390375162212e-05,6.692272014560254e-08,0.012375224260156383,0.0,5.733485825722867e-05,4.428433750669431e-10,0.0018360422989382552,0.5738803209131215,0.0,0.0,0.0,0.0,0.6400996447362199,0.0,-6.479198079392262,199025580.40310073,295.775356409341
0.174157848607671,0.0020542243382239696,0.0001273904267527681,0.12446178865567041,0.0261702803404987,0.159083041291375,0.0,5.350211866665435e-07,6.531094374048146e-08,9.28417629255043e-05,2.9569777331681378e-05,0.0013168628045203,0.0006008066321529407,0.0,0.0,0.0,0.0,0.0,4.234913683462245e-05,4.741285188993397e-08,5.580977661455552e-10,2.0589529697277612e-09,4.524515933147379e-05,1.3052131126716859e-05,0.000323644908732915,3.639552758184242e-05,0.00010476903290920189,2.4646784027854494e-05,0.00012554879724578925,3.36513161893534e-05,0.005241874182649103,0.0,0.0003228566611391423,7.83746720468327e-11,0.0001264041148782731,0.2083067112788906,0.0,0.0,0.0,0.0,0.63917912519301,0.054579061000142454,-5.803748586850621,2767455163.609789,297.237935875943
0.1741046021124929,3.04989076462428e-05,0.00010233368409758474,0.6441861763301591,0.0261603249575017,0.1589798792840369,0.0,4.577803175294452e-06,6.802370536559733e-08,9.08462434747388e-05,9.489259593466391e-06,0.0014866914722915,0.00019034432975914103,0.0,0.0,0.0,0.0,0.0,0.00010176408499390343,1.0594799519840534e-07,1.934427617861651e-09,4.3223177671310115e-09,0.00015161207221393047,8.242643547406015e-05,0.0015186034882015687,1.65991122841704e-05,0.00024207580936037228,3.16312166178529e-05,1.0911734277796062e-05,1.0491670907181974e-05,9.669776715173058e-05,0.0,0.0001096028833996362,1.713936067909972e-11,9.87441625124263e-07,0.0024420022809757123,0.0,0.0,0.0,0.0,0.639177655930202,0.015358177170675094,-5.872668732959401,504110261.11590403,299.093064554815
0.1737966439393209,0.005392313496207556,1.048653524926493e-07,0.3332415566514455,0.0261390065473065,0.1593234249350709,0.0,1.867026519587226e-09,3.24768371185523e-10,9.41299717211838e-05,7.656369002829492e-05,0.0013220079045999,0.0007403347721403928,0.0,0.0,0.0,0.0,0.0,1.4606107147427883e-07,9.078385187987332e-12,1.935531037124729e-13,1.6776628852955318e-14,6.035603100239597e-08,1.3747586968737732e-09,1.2534821231109325e-06,4.788918245110328e-07,8.085013317235274e-10,1.255207734549792e-07,1.323004616370567e-05,6.589072047471884e-08,0.009322742113501863,0.0,5.7230855521715644e-05,5.010467272503561e-10,0.0017838210637121338,0.5960441999016826,0.0,0.0,0.0,0.0,0.639324786701981,0.0,-6.469023491329197,122281692.22627598,302.301739092435
0.173573706515854,0.005536198122759485,1.2298094208377167e-07,0.3431383426479173,0.0259842523833106,0.15886495588957,0.0,2.0449316521386573e-09,3.2076998407634775e-10,9.363898970453442e-05,7.569985537386112e-05,0.0016537997766898,0.000680506305391491,0.0,0.0,0.0,0.0,0.0,1.552684938694473e-07,9.581779998508835e-12,2.0643704825356077e-13,1.666266167776742e-14,6.187474179438466e-08,1.4874282954940279e-09,1.248086637612002e-06,3.8587870730697774e-07,8.763757996536827e-10,1.311688099474997e-07,1.4375553815267011e-05,6.54475635901209e-08,0.009158246774362642,0.0,6.87814086207162e-05,6.243900204580249e-10,0.0016902960172545962,0.5865690491440757,0.0,0.0,0.0,0.0,0.639829646444871,0.0,-6.45086091025844,117718764.00334102,307.276512113368
0.172755117264448,0.005321854585482542,1.646160943683578e-07,0.36485629419866755,0.0257512206773277,0.157400959495479,0.0,2.5916686042422723e-09,3.1147489719342847e-10,9.07958187762704e-05,7.219711231737768e-05,0.0030652764700713,0.0005629463044975655,0.0,0.0,0.0,0.0,0.0,1.8519169167675473e-07,1.2070670358219872e-11,2.658852220045393e-13,2.189970317810066e-14,7.614905467919762e-08,2.107880931539867e-09,1.3927820083684295e-06,1.9464733766359974e-07,1.2567068806700629e-09,1.6746260427627082e-07,1.6816719804527092e-05,7.428214978052648e-08,0.00832750119718764,0.0,9.102306227045238e-05,9.15857975873646e-10,0.0015007265576178971,0.5670870018060213,0.0,0.0,0.0,0.0,0.640936630273897,0.0,-6.394428446510136,99883212.57358037,318.748861271272
0.1714432837862309,3.285779379426094e-05,8.912685614706343e-05,0.7817050581540868,0.0254971899655287,0.154906343850324,0.0,2.5929737757190923e-06,2.9672085813213423e-08,8.61289555562739e-05,7.910393290366559e-06,0.0054958547397584,0.00013614427233504096,0.0,0.0,0.0,0.0,0.0,6.64097525742524e-05,7.035689241025323e-08,1.105896949758547e-09,3.3971210256874142e-09,0.0001293762980981525,6.595016531976087e-05,0.0009434438250401388,9.183471653874404e-06,0.00018331391927771403,3.571495573992713e-05,1.1847554001420902e-05,7.307519972976504e-06,9.905248436309744e-05,0.0,0.0001119542647068978,4.0655031579161084e-11,1.0851957702667844e-06,0.0035705553618084903,0.0,0.0,0.0,0.0,0.642571198702601,0.0,-5.818749225538105,179376518.78560317,331.631689404697
0.169542040124098,2.178815381889962e-05,0.0001030842828164072,0.648225367558137,0.025201024573756,0.153175229708753,0.0,6.920698706923481e-06,4.552178047888038e-08,8.44692368315052e-05,1.3106713519161645e-05,0.0078353037656583,0.00018368021260096388,0.0,0.0,0.0,0.0,0.0,0.0001488450191699876,1.5996508432087999e-07,3.2307573867549174e-09,8.19318935401917e-09,0.00032298708021472153,0.00014712906947004345,0.0016583072247467272,1.4334748747445876e-05,0.0002932791497224469,7.206499168286657e-05,1.409686008259693e-05,8.653139466828218e-06,9.133741308342596e-05,0.0,9.97700750849529e-05,6.456363727665647e-11,8.515634964665601e-07,0.0020388863932151256,0.0,0.0,0.0,0.0,0.6441619325909029,0.014056605190391798,-5.9117094747159795,616239570.9754024,354.144748808166
0.167251629583346,1.77014719533366e-05,0.00010733139356583107,0.5727945729189792,0.0247172483137182,0.149991676604841,0.0,1.077046267942231e-05,4.790805034006454e-08,7.87946696959303e-05,1.5869706208558e-05,0.0112737221188816,0.0001967626884105332,0.0,0.0,0.0,0.0,0.0,0.00022567256135843934,2.369626828096756e-07,5.14285698025554e-09,1.205661107190916e-08,0.0005537952286184337,0.00022660612631713204,0.0018995020088672123,1.6808555145759554e-05,0.0003521656567330917,0.00010532436347996315,1.7626775964303385e-05,8.00295562050822e-06,8.928203208552052e-05,0.0,8.474442029243825e-05,9.388221703777648e-11,7.016717486396751e-07,0.0015342031446982727,0.0,0.0,0.0,0.0,0.6466869287095172,0.04101446523244338,-5.919254595343187,1080749561.6901102,379.451412544133
0.16393717679739,2.3997833232180367e-05,0.00011629936156027615,0.6675903921405445,0.0241305676321796,0.144452896809812,0.0,8.853893727769827e-06,3.2898641261791736e-08,7.693344385957621e-05,1.605861366284139e-05,0.016213921555975,0.00020135495177392153,0.0,0.0,0.0,0.0,0.0,0.0001940829207270371,2.159344626572746e-07,4.43026249090678e-09,1.090429405070678e-08,0.0005860727744073535,0.00022333312361992396,0.0014282963782450506,1.217482624369398e-05,0.00030535858451642516,0.00011991879370401497,2.253307300798436e-05,6.6078312281174765e-06,9.687014239006435e-05,0.0,0.00010648145555405036,1.8055577308375328e-10,9.274289069436933e-07,0.0026028310342582264,0.0,0.0,0.0,0.0,0.651188503760784,0.007463426312327155,-5.90966237601454,647713200.9784654,417.545899198011
0.16001720077459,2.2872488730370604e-05,0.00011384821994368792,0.6856707443266742,0.0235644783423269,0.14046279335416,0.0,1.0638205197108243e-05,2.996524240781633e-08,7.438839975881909e-05,1.6326807494145293e-05,0.0217026739175364,0.0001912437701803208,0.0,0.0,0.0,0.0,0.0,0.000231494763159878,2.6557173106035136e-07,5.6343202637874065e-09,1.238030155458202e-08,0.0007950218033820905,0.00026977370935142125,0.0012053225432357229,1.1567444267039424e-05,0.00028582272992654084,0.00013872250415284914,2.681316077876924e-05,5.1172809620748806e-06,8.687236729761915e-05,0.0,8.66627976692027e-05,2.459369898103172e-10,8.389296622391143e-07,0.002456376352271048,0.0,0.0,0.0,0.0,0.6541784652116279,0.0016044192272368814,-5.9028978611287295,652087952.2800921,457.344040507484
0.1547929340799599,1.7419009147384504e-05,9.093197682331705e-05,0.6124971821083299,0.0227900250363426,0.1360020260592,0.0,2.3756025133096848e-05,4.283935696341429e-08,7.57553502156583e-05,1.3458539177314347e-05,0.0285577791923866,0.00011578146367304458,0.0,0.0,0.0,0.0,0.0,0.0005131687791385773,5.965753476736725e-07,1.3770923215417331e-08,1.7530561562964605e-08,0.0016803192567322771,0.0004607997732594571,0.0011018573068851479,1.8455781497861167e-05,0.000302583252281056,0.00016684919381726785,3.0389178175538173e-05,3.1623193211194396e-06,5.885912129017878e-05,0.0,2.6730978678276088e-05,2.3789221366826494e-10,4.658984414499524e-07,0.0011009017418317382,0.0,0.0,0.0,0.0,0.6577814802818941,0.025837164107819367,-5.93401625886286,1544510061.8078961,514.243033257805
0.151675799448786,2.1945136990784118e-05,0.00010590632160871535,0.692925505486804,0.0223430433666392,0.132677442742584,0.0,1.9644825381011192e-05,3.677022922410264e-08,7.584400050071701e-05,1.468410460150929e-05,0.0329539374251332,0.00013051972644623571,0.0,0.0,0.0,0.0,0.0,0.0004191919511415803,5.568728606389243e-07,1.2795145373660658e-08,1.5851240114244235e-08,0.00155189242890769,0.00041258451009821797,0.000823130196253473,1.424883763065508e-05,0.00024665193309723654,0.00016429630480109577,3.4993383583599056e-05,2.8911188481355163e-06,6.10940830105788e-05,0.0,4.058929653716415e-05,3.7427641551695627e-10,6.011054093056771e-07,0.00180084061498124,0.0,0.0,0.0,0.0,0.6602739330163571,0.0,-5.91052042698565,918136160.327467,553.471357929633
0.148564468911021,1.8443127637545623e-05,8.657044028150078e-05,0.6354182684195944,0.0219689678832222,0.129825482721052,0.0,3.305522336275549e-05,5.2420726502494966e-08,7.63559913656777e-05,1.1340112283679369e-05,0.0370102864536033,7.485602507040454e-05,0.0,0.0,0.0,0.0,0.0,0.000719331400882784,9.83262768464022e-07,2.298666075658473e-08,1.794707662136428e-08,0.002263065309067412,0.0005427341158922754,0.0007400964525597051,2.110104469872908e-05,0.00024106954355120926,0.00015202845041740394,3.31985609379383e-05,1.8739951826791568e-06,4.420344609592289e-05,0.0,1.4304831109105369e-05,3.348978128490827e-10,3.143237995922783e-07,0.0008675721923551865,0.0,0.0,0.0,0.0,0.6625544380397349,0.017615722236659918,-5.9919512217782875,1700378866.3344755,588.7000563676
0.145097749095085,1.7939945980307656e-05,8.740287470662029e-05,0.6173958463696233,0.0214608180900042,0.126969546884401,0.0,4.497035911307336e-05,7.51410879401293e-08,8.1434532025495e-05,1.149345353451687e-05,0.0413769399754665,6.122059367123595e-05,0.0,0.0,0.0,0.0,0.0,0.0009334190801796938,1.4552867574208756e-06,3.5872953498239796e-08,2.063375122968009e-08,0.002633546419899609,0.0005978420797726209,0.000672149417835684,2.5296799727166464e-05,0.00022397252441057634,0.00014931217344313387,3.335326313699291e-05,1.60884323452947e-06,3.981311485261633e-05,0.0,1.0875367198358686e-05,4.1410744844013707e-10,2.3016649041046272e-07,0.0006749321317453896,0.0,0.0,0.0,0.0,0.6650135114230171,0.023252267448110767,-6.05125567492219,2240817984.1374016,623.6508520686799
0.142170227882307,1.7544057918267387e-05,9.068446971761951e-05,0.588890527001436,0.0208487952445601,0.123671383892875,0.0,5.938103445558121e-05,1.0817337977712767e-07,8.390588179948249e-05,1.2426534013891383e-05,0.044993564147402,5.4485035846679504e-05,0.0,0.0,0.0,0.0,0.0,0.0011742753502753337,2.0666662334752095e-06,5.359422258695069e-08,2.4362454803978212e-08,0.0029845443663253186,0.0006505470683481876,0.0006298399033234159,2.9877873108874007e-05,0.0002103258905094788,0.00014778435673844657,3.402246540622046e-05,1.444173653324974e-06,3.774307179970062e-05,0.0,9.145613357761099e-06,5.163554793525721e-10,1.6852817516453674e-07,0.0005358106669730522,0.0,0.0,0.0,0.0,0.668232122951056,0.03293539613676627,-6.098370301489267,2955329782.9859185,654.197655378919
0.138876731023958,1.6830213500984412e-05,9.994883334439964e-05,0.5200815345732055,0.0202605956682723,0.119952009969388,0.0,9.153642908826779e-05,1.9418706069747999e-07,9.00539940170662e-05,1.563106753371269e-05,0.0494794736845879,5.212778156088553e-05,0.0,0.0,0.0,0.0,0.0,0.0016421985169081958,3.4068633737601587e-06,9.730524402899539e-08,3.4483482172242396e-08,0.0035667018853251494,0.0007379534729133542,0.000642921050048492,3.88111888022074e-05,0.00020431538190629917,0.00015704234835722033,3.601579018738826e-05,1.4311683152939754e-06,3.867743828414809e-05,0.0,8.305349350052775e-06,6.656084180673433e-10,1.0945187026000547e-07,0.00038593474669839435,0.0,0.0,0.0,0.0,0.671341135659776,0.05882487671553387,-6.168781561271011,4973393341.969843,687.332463837686
0.13557581464913,2.267510242919671e-05,0.00016313665307110428,0.4610594799724584,0.0196764073836919,0.11609172586205,0.0,0.00012082983769146455,3.5554440101460777e-07,9.942727190160192e-05,2.8598553504308874e-05,0.0545347331148518,8.88379612711919e-05,0.0,0.0,0.0,0.0,0.0,0.0018800195963756057,5.0726797505246185e-06,1.642216611511563e-07,5.786140009847215e-08,0.004160505901318653,0.0008556164938493687,0.0007265410428855185,4.3626360171268785e-05,0.00022771689772902186,0.0002216132670640419,5.115627064862607e-05,2.2673807611723946e-06,5.577298050969496e-05,0.0,2.1722265314278773e-05,1.4462190144553575e-09,1.453698562952644e-07,0.0005804619713143087,0.0,0.0,0.0,0.0,0.674021891718376,0.08345185426122546,-6.1766874954114215,6962825396.193264,730.626352096167
0.132010706079228,1.0403493001748288e-05,0.00015658075473963255,0.11494060318373374,0.0191360299098796,0.1104878975343469,0.0,0.00042179423212683264,1.5308046078239959e-06,0.000110234391506,4.53273592941382e-05,0.0600163416918873,5.164422213351512e-05,0.0,0.0,0.0,0.0,0.0,0.004685025109982462,1.6699725819265178e-05,7.548058959037312e-07,1.1845282600306209e-07,0.005660011362809693,0.0009280929636461153,0.000808507482352742,8.437547893297121e-05,0.00016060414917433278,0.00019959207006968262,4.8106764830040985e-05,1.6491485483333246e-06,5.7439532292053794e-05,0.0,8.176975896788508e-06,9.543959880206538e-10,1.1763312057139719e-08,6.807153651623678e-05,0.0,0.0,0.0,0.0,0.6782387903931519,0.3412942469701565,-6.507868770759795,41765767681.65101,773.0250392874451
0.1275347835682,7.0420916503415845e-06,0.00018299744731762859,0.05262346988463183,0.0186522646368306,0.10531214363099,0.0,0.0006657923822149369,3.163237611177054e-06,0.0001232457215074,4.831381524123406e-05,0.0655477909958151,3.561461027691659e-05,0.0,0.0,0.0,0.0,0.0,0.005513907623673923,2.6622330407976332e-05,1.5880101451795843e-06,1.0011467042312878e-07,0.005566429280318116,0.0008208385420428245,0.000794887236764602,8.910104923701538e-05,0.00012363631058490363,0.00021326174995778396,3.9001229807237016e-05,1.8914086050728766e-06,5.6396698663542744e-05,0.0,8.872447117013223e-06,9.49115702049795e-10,3.409469656673346e-09,2.4299486924994824e-05,0.0,0.0,0.0,0.0,0.682829771446657,0.42338284448179,-6.664002527520817,59177781932.49664,810.11693496821
0.122740636787271,2.2420725960928393e-06,0.0002523896434327203,0.026686721581847716,0.0182820765702643,0.102605293884279,0.0,0.0013970577608186496,8.946074254366431e-06,0.0001459862507314,6.045624234099776e-05,0.0712181183919648,1.5698683904748457e-05,0.0,0.0,0.0,0.0,0.0,0.006646667386433387,5.062317665473498e-05,5.121005083092026e-06,1.2150999247154941e-07,0.004023251084014902,0.0004667809231638152,0.000692645287334859,8.601717494709926e-05,5.354776855966324e-05,0.00016357771992391384,2.7173002941535327e-05,1.5276175460234843e-06,5.8590700811259034e-05,0.0,7.996634503735712e-06,7.814061745396631e-10,2.4976566536032446e-10,2.533843966296513e-06,0.0,0.0,0.0,0.0,0.68500788811549,0.4561848342526841,-6.924342004391195,81982146223.2208,849.735831047133
0.117663594874779,3.9581194192093207e-07,0.0007935653702585963,0.029385953715416725,0.0178377240374728,0.0974261781414832,0.0,0.005162923140684794,5.324149943724719e-05,0.0001766901252649,7.020964459315552e-05,0.0770445104404707,1.4124646318966205e-06,0.0,0.0,0.0,0.0,0.0,0.006716512058985901,0.000128330704046075,4.435443961822593e-05,1.9731496192744997e-07,0.0007902161163654673,6.417166487054334e-05,0.0004490566510979701,5.276648681011921e-05,4.8655675632603295e-06,4.265346653298176e-05,8.316329995428764e-06,4.3958862094445974e-07,6.221972631378054e-05,0.0,6.518529605447061e-06,1.0936527465315214e-09,5.036995454550665e-12,5.662182347558489e-08,0.0,0.0,0.0,0.0,0.6898513023805289,0.4469572483521988,-7.405534929337871,124488431903.41821,899.590212079049
0.112556504210234,7.00380396724699e-07,0.0011099170068501428,0.029810014246887128,0.0171510988248453,0.0942037198401444,0.0,0.004997575289578634,7.143664056396764e-05,0.0002094211442303,7.86482011827687e-05,0.0826848359221193,2.310726657942567e-06,0.0,0.0,0.0,0.0,0.0,0.006996525084358603,0.00015704754832288374,4.9303175355229624e-05,2.3392255190948366e-07,0.0010023448014247946,9.924662715323807e-05,0.0004884911976912256,6.104783970603157e-05,8.645704258328522e-06,6.407855141738002e-05,9.90388941179868e-06,8.315803999740606e-07,8.260320114330212e-05,0.0,1.3933531068745717e-05,1.644777562794162e-09,1.4280161648991143e-11,7.27748015855917e-08,0.0,0.0,0.0,0.0,0.693194420058427,0.4347833205820398,-7.381752278887172,127114238484.34842,951.145903455352
0.107843254736225,7.163098457295348e-07,0.0018295182443789143,0.03162889751359665,0.0162876016293108,0.0885193460280595,0.0,0.006888346814302978,0.0001273258617848499,0.0002556355699712,7.469388305105773e-05,0.0886086462354675,1.4839203324574653e-06,0.0,0.0,0.0,0.0,0.0,0.007363515076514083,0.0002225496650657433,8.766322771690549e-05,3.218390289592715e-07,0.0006119727582919015,6.833513525128787e-05,0.00047202116666403824,5.961417103610805e-05,6.111639144973981e-06,4.6435797301397e-05,7.009391519068537e-06,7.209297345090826e-07,0.00010037800138119549,0.0,1.6368794980882234e-05,2.286236163404619e-09,1.3335755147843579e-11,3.139437298701456e-08,0.0,0.0,0.0,0.0,0.6984855158009661,0.4245103862008058,-7.503084115351673,160193581222.0489,998.516919760184
0.1024023121803,5.005480585725309e-07,0.003242115409765829,0.032664005245032185,0.0154416650428538,0.0822664824512429,0.0,0.010981906070102963,0.00026173092053023006,0.0003225035963447,5.5204672469938074e-05,0.0960838002977201,5.52351813812701e-07,0.0,0.0,0.0,0.0,0.0,0.007777690293169752,0.00033123217910605767,0.00018389419468319606,4.7303926543013983e-07,0.0001690939197805095,2.17480558230754e-05,0.0004394882352203625,5.3666386691195074e-05,1.9688364303342865e-06,1.5004692562178632e-05,3.208817957448676e-06,2.7855561785455376e-07,0.00011966845913281055,0.0,9.390986526422893e-06,3.0334999455950667e-09,4.831555651850098e-12,6.907723164316324e-09,0.0,0.0,0.0,0.0,0.703483236431538,0.4140480289296206,-7.682270893649961,230472067969.9395,1050.39711737628
0.096574448540493,5.193905599399373e-07,0.004570132125651621,0.03169403885448185,0.0145945039421955,0.0774837907338954,0.0,0.012840410627976034,0.0003767210021620833,0.0004075195345334,4.808079265783577e-05,0.103093509869668,5.294908937108646e-07,0.0,0.0,0.0,0.0,0.0,0.008692022920898108,0.0004503985246720244,0.0002507461557180675,6.620732520865396e-07,0.000112356506348716,1.7794228394003792e-05,0.0004908389838374149,6.205427699095674e-05,1.794742861247768e-06,1.1315026222031141e-05,2.5670719184426733e-06,2.6184676035254864e-07,0.00015027237243787195,0.0,9.449644503499527e-06,4.016314791110507e-09,4.7796225693352245e-12,2.9403671200029156e-09,0.0,0.0,0.0,0.0,0.7078462273792142,0.4023996899127251,-7.735828830407615,290930914238.8211,1113.70406829768
0.0900201226891435,7.001143156294198e-07,0.005584356123618883,0.029176486127570563,0.0136895499032559,0.0672608866571221,0.0,0.013559890953329427,0.00043569692813272753,0.0005219000518306,4.8750675587999774e-05,0.11179881029243,9.15639773197653e-07,0.0,0.0,0.0,0.0,0.0,0.009937949010265562,0.0005939464142645422,0.0003007821518249643,9.14405148808343e-07,0.00016946022248683223,3.509485752572915e-05,0.0005726240123043832,7.80381753258502e-05,3.983505818025804e-06,2.008093432266706e-05,2.9465671432182184e-06,5.778030625555396e-07,0.00018067438368550811,0.0,1.7008495937361796e-05,5.07467013857799e-09,1.1574700273791972e-11,1.888506965763162e-09,0.0,0.0,0.0,0.0,0.7167087304062181,0.40366096357239406,-7.748882799911834,357843442012.456,1180.8706409924198
0.0830141726818442,4.897133567572149e-07,0.007593474350789892,0.028342735536942817,0.0128621208388782,0.0645511232363049,0.0,0.016626122828056346,0.0006267619210236111,0.0006543235576885,3.523384322830975e-05,0.119224572121272,5.943475568925821e-07,0.0,0.0,0.0,0.0,0.0,0.010811311874903595,0.0007741543889041989,0.0004193606519592742,1.1886317534939242e-06,5.4073374771009875e-05,1.2436597685454596e-05,0.0006125238300851546,8.341836007664086e-05,1.5669977302637034e-06,7.233429826189773e-06,1.7402277853934605e-06,2.50826494870986e-07,0.00021229999998483324,0.0,8.557710042589554e-06,6.229458405353649e-09,3.822013464734844e-12,5.813348794681122e-10,0.0,0.0,0.0,0.0,0.7196936875640109,0.3829544471260303,-7.82584019582419,466460124539.29553,1238.4191572860302
0.0758752987482761,5.046867635643974e-07,0.00939132726773703,0.0275385170012967,0.0122117089589214,0.0617962291227021,0.0,0.018375170880607385,0.000778192717590775,0.0008072953307239,3.243878131113301e-05,0.126411674544446,6.686711227112997e-07,0.0,0.0,0.0,0.0,0.0,0.01152714366746357,0.0009332340996199682,0.0005025796542400811,1.4473887091428404e-06,3.94848180086357e-05,1.0406682045704877e-05,0.0006394711770542493,8.985621796101922e-05,1.4256076493158796e-06,6.1761013103981994e-06,1.5516708994265075e-06,2.5167127679099843e-07,0.00024438268782175557,0.0,8.438038511803456e-06,7.591485717149624e-09,3.826471005545734e-12,3.530476806147621e-10,0.0,0.0,0.0,0.0,0.72289779329493,0.3640412134935092,-7.86235350527524,563129576589.6948,1289.3921150735198
0.0683077731112133,5.096700156946147e-07,0.011573783903191318,0.026450666398408727,0.0113977010094903,0.0580706975520322,0.0,0.02019374249971625,0.0009533941129566437,0.001006553149493,2.9146095568925405e-05,0.134275585825825,7.608057500433612e-07,0.0,0.0,0.0,0.0,0.0,0.012329645318562694,0.001131878918390861,0.0005989572034611828,1.7578880523097208e-06,2.8006377255762914e-05,8.539054270507028e-06,0.0006702020007834668,9.762414162314917e-05,1.2607615613897443e-06,5.1959386152556605e-06,1.3975135220166625e-06,2.5257243135472053e-07,0.0002815141054413951,0.0,8.060565071393376e-06,9.201870250089416e-09,3.662126249302035e-12,2.0395452128983245e-10,0.0,0.0,0.0,0.0,0.7269416893519459,0.343835331434955,-7.923895967424395,682988228967.6334,1347.13969890414
0.0618596386811798,4.768719570205786e-07,0.013647215599159466,0.024359810635549314,0.0106034755411041,0.0518640630577183,0.0,0.02166176652946329,0.0010899610850176706,0.0012371515425847,2.473856465490068e-05,0.142666868422482,8.411406733280511e-07,0.0,0.0,0.0,0.0,0.0,0.013303326422874896,0.0013862690152682895,0.0007066682247572609,2.1574008634502515e-06,1.971354634580641e-05,7.0715020160369074e-06,0.000720890982562097,0.00010956365904584979,1.0723555212379174e-06,4.277144215808521e-06,1.2916033295179394e-06,2.527124802831082e-07,0.00031690915383026156,0.0,7.039164066902966e-06,1.044227355197656e-08,3.066151790815632e-12,1.018170095694084e-10,0.0,0.0,0.0,0.0,0.7317688027549308,0.3324293553234021,-7.987552013396049,821099243890.9218,1414.9216821317002
0.0546799174634764,4.617332700192141e-07,0.01604167840474546,0.0231143566298959,0.0097759054508857,0.0470320766476547,0.0,0.02330638575639191,0.0012604231423541295,0.001492246114645,2.1668649165019276e-05,0.1496032596104969,9.338972161146251e-07,0.0,0.0,0.0,0.0,0.0,0.013824158979182615,0.0016036573569016364,0.0008087513904914529,2.428051709672821e-06,1.3972223194764846e-05,5.698649357101146e-06,0.0007257843968811434,0.00011396123081897934,8.342155158284068e-07,3.6157239162396628e-06,1.224333038723545e-06,2.5344363551837106e-07,0.00035088147218773053,0.0,6.535650558844705e-06,1.1957446297576127e-08,2.7338098106346148e-12,6.361381540113917e-11,0.0,0.0,0.0,0.0,0.7374165947128409,0.3148735178629447,-8.0455339951164,954256757981.5066,1469.6360936580304
0.050144871412229,4.6374571063042514e-07,0.018038894963748737,0.022232775352275577,0.0093237717932385,0.0448400575065335,0.0,0.02431229331841142,0.001400165903529202,0.001705308140138,2.0105584359213617e-05,0.154998321317428,1.0019703424781527e-06,0.0,0.0,0.0,0.0,0.0,0.01407958412579135,0.001761037342161597,0.0008752862493966872,2.628540310304899e-06,1.0883602262242704e-05,4.883947690074553e-06,0.0007198551300197424,0.00011586198443040387,6.648760106063066e-07,3.1983521639402463e-06,1.228499404108052e-06,2.559017976885187e-07,0.0003777398021080496,0.0,6.216147916534146e-06,1.3077760779819517e-08,2.633012454737258e-12,4.6973192324867264e-11,0.0,0.0,0.0,0.0,0.738987669830432,0.301032920649841,-8.080131724659772,1047435178145.7043,1511.30416607372
0.0441574022194333,7.467588984938955e-07,0.02144834167202597,0.023189984213959722,0.0083436080738026,0.0460740805578156,0.0,0.024300990225743436,0.0016247044396044354,0.0019795875692164,2.4510352857427966e-05,0.159496484656606,1.5963817352713773e-06,0.0,0.0,0.0,0.0,0.0,0.01422709944953314,0.00187566875821056,0.0008660236279163882,2.8594232257635637e-06,2.014538955240186e-05,1.0653982171040171e-05,0.0007076762064167455,0.0001176726358915293,1.0412518930700047e-06,7.031905890984511e-06,1.7338531637761853e-06,5.772052233372041e-07,0.00043741729515063565,0.0,8.987732059113277e-06,1.6117929607557648e-08,9.61713217050584e-12,6.273200694935801e-11,0.0,0.0,0.0,0.0,0.7399488369231271,0.2659298701531357,-8.108771332032804,1105786729534.8586,1551.7961155794
0.038379061867999,6.221293242230588e-07,0.024920174727185995,0.024268065481242652,0.0072193225554948,0.0446943539230578,0.0,0.025010825848943923,0.0018779415529123883,0.0022364709959066,1.9907062105307e-05,0.161913525767682,1.3261783361941881e-06,0.0,0.0,0.0,0.0,0.0,0.014283185107374082,0.00197029505663757,0.0008776586516569388,2.7910031776509944e-06,7.044804971205225e-06,3.6882260929798086e-06,0.0006958187279257709,0.00011711752508785679,4.1670705287755163e-07,2.761023932084868e-06,1.4573693852124672e-06,2.914420495234159e-07,0.00048563745408760695,0.0,7.259544424401553e-06,1.900106114753419e-08,3.639608526194083e-12,4.3170717646218735e-11,0.0,0.0,0.0,0.0,0.745557264889859,0.23657362237260932,-8.139394041702625,1165866739615.9065,1578.878626825
0.0326619951359716,9.78883609311014e-07,0.02858939714666436,0.025313567647774014,0.0061616919076777,0.0422068669599372,0.0,0.024942241869870985,0.002099589145645905,0.0025298616728282,2.3511850688972002e-05,0.164433377711975,2.2019571664323774e-06,0.0,0.0,0.0,0.0,0.0,0.014058964218318802,0.0020116524368044664,0.0008483641564478433,2.9206764952268285e-06,1.4378145080978666e-05,8.22646796752185e-06,0.0006600422902013452,0.00011345301671695668,6.595307652608289e-07,6.765401671270027e-06,1.937587866345081e-06,6.746558533744674e-07,0.0005393697168575146,0.0,1.0549158404723556e-05,2.3379687711144452e-08,1.343113016880596e-11,6.662334041421236e-11,0.0,0.0,0.0,0.0,0.752006206611611,0.2096910640219208,-8.15967066942906,1194484262416.982,1604.86731555495
0.0280539215637739,9.288042723606918e-07,0.03388565340053199,0.027233289930964574,0.0053083305079991,0.0464011074167784,0.0,0.0242688009274164,0.002483121357331686,0.0028035904680702,2.101500791368648e-05,0.165845139362816,1.7776455360122415e-06,0.0,0.0,0.0,0.0,0.0,0.013639726514217408,0.002000791422468855,0.0007714591828691088,2.643985262673239e-06,4.710082000376207e-06,2.7777446624785305e-06,0.0006233871786386727,0.00010907327671672759,2.5495537571486966e-07,2.4444347178786174e-06,1.7777468011405585e-06,3.3759223503044687e-07,0.0006086264960098919,0.0,9.253302610104575e-06,2.7900132406113686e-08,5.964990072288193e-12,5.160968752812586e-11,0.0,0.0,0.0,0.0,0.751587910680562,0.17178816907383604,-8.172753759560317,1168182657075.3672,1631.84748442345
0.0229229570399357,1.1582636327569427e-06,0.038873980577590006,0.028595553063864756,0.0044432545144503,0.0472042748627362,0.0,0.023531295697587357,0.002842809826218608,0.0030416622141572,2.1932198695024517e-05,0.166684574832164,2.093726092486046e-06,0.0,0.0,0.0,0.0,0.0,0.012639004300259674,0.0018842945983918245,0.000680841264198259,2.347807016776353e-06,3.801095958329677e-06,2.2955173435590195e-06,0.0005431782353199376,9.623639716137008e-05,1.9944284814269953e-07,2.3010631571947587e-06,1.8458849549336357e-06,3.51013728324585e-07,0.000651867011775781,0.0,1.0830830103171342e-05,3.38592263164532e-08,8.092341905377919e-12,6.392363621343999e-11,0.0,0.0,0.0,0.0,0.7557032765365559,0.1404649376767544,-8.188053344579988,1097112718961.0927,1645.32430604884
0.018480642697019,1.5039865088623914e-06,0.04412952688178356,0.029774646681610315,0.0038044867237579,0.0516041648638813,0.0,0.02258322280041822,0.0032950153488064036,0.0031564109213337,2.430579579588527e-05,0.1657722118700919,2.4079232684711074e-06,0.0,0.0,0.0,0.0,0.0,0.011111896186580109,0.0016484372083284823,0.0005613164858300201,1.8983649620500233e-06,3.050117758467189e-06,1.7975481698402917e-06,0.0004323111613192101,7.696424647574357e-05,1.5778016481299844e-07,2.139810688571775e-06,1.8067362135538898e-06,3.3927311142067113e-07,0.0006651667716553501,0.0,1.2880124527752426e-05,4.0791468296607335e-08,1.2094270597530068e-11,8.975646263691745e-11,0.0,0.0,0.0,0.0,0.7571820829239159,0.10691636429030721,-8.19875813636505,965157085475.1339,1643.5643224362302
0.0148725054324428,2.0198075544398725e-06,0.05126431114236472,0.030504061827333517,0.0033759290600465,0.0594076466645421,0.0,0.022195511466506307,0.00397400648378269,0.0032906942948671,2.780636640980744e-05,0.163639829948842,2.7692384604208897e-06,0.0,0.0,0.0,0.0,0.0,0.009430784965528122,0.001380534158971122,0.0004455468172168829,1.4889545608980205e-06,2.352833536015455e-06,1.3174044659799782e-06,0.0003137006535565081,5.5962172359541655e-05,1.2307327466692129e-07,1.956699603951154e-06,1.670319039395051e-06,3.1136767484739627e-07,0.0006564185653437648,0.0,1.586269237082528e-05,5.0229391844185204e-08,1.9501024658313678e-11,1.3843603526828275e-10,0.0,0.0,0.0,0.0,0.755413394599259,0.07220622892298666,-8.215025794329437,843282163734.2831,1635.27646764156
0.0115533761023773,2.6035567751558388e-06,0.05925068163003372,0.03025210640796921,0.0029010251574597,0.0646008169047724,0.0,0.021781412803709953,0.0047159319500998656,0.0034199042369332,3.005853986640235e-05,0.160369035779233,3.1840321133776067e-06,0.0,0.0,0.0,0.0,0.0,0.007817211370912387,0.0011259298554603925,0.0003415676641997439,1.1317430362641508e-06,1.7033409597926114e-06,9.079418836893659e-07,0.00021607048836833753,3.869773643531569e-05,8.98199150780722e-08,1.7273893073263561e-06,1.4666642554500573e-06,2.778893042984642e-07,0.0006284427496546054,0.0,1.9339439260836745e-05,6.160746420109045e-08,2.92201615305664e-11,2.0337099473933476e-10,0.0,0.0,0.0,0.0,0.757155841819224,0.04276187103864365,-8.232752966336639,727769367366.4359,1627.56425567007
0.0092989128564244,3.4738442514801785e-06,0.06519592100094146,0.031339726716612455,0.0024110655405413,0.0716870559213283,0.0,0.019888040451653505,0.005206035138672981,0.0033639539609719,3.347450824860322e-05,0.155930725541822,3.6112095046208455e-06,0.0,0.0,0.0,0.0,0.0,0.006548983262981581,0.00088993056670946,0.00024172216565198815,8.621241096223838e-07,1.4137662502191322e-06,6.937752131689529e-07,0.00015850303390671755,2.84760648795892e-05,7.403742642120369e-08,1.6210185566157165e-06,1.3531025168410756e-06,2.555755260650228e-07,0.0006100398446400695,0.0,2.3921956233365653e-05,7.444548223943682e-08,4.558115684485897e-11,3.2628046356368817e-10,0.0,0.0,0.0,0.0,0.7573082861789119,0.01360415856518717,-8.231308146186528,594145933095.6234,1608.0574118496302
0.0075723592425767,4.724582105189064e-06,0.07021853739993063,0.034152348736630665,0.0018837292812404,0.0774771469223764,0.0,0.017830072785974233,0.005571253663081971,0.0033214213720142,3.7156615939877825e-05,0.150840876702107,4.463785432941563e-06,0.0,0.0,0.0,0.0,0.0,0.005536639276725001,0.0006903020944127237,0.00016607119281756457,6.72971497286436e-07,1.299142999867478e-06,5.695955166597349e-07,0.00011982030191463961,2.1507148968175932e-05,7.17119431128026e-08,1.6585698986373677e-06,1.2415817211302554e-06,2.496569386954651e-07,0.0006011198105474879,0.0,3.2586627445866323e-05,9.3701736231368e-08,7.316364767356834e-11,6.26595400698326e-10,0.0,0.0,0.0,0.0,0.758904466479685,0.0,-8.232226724163258,490722601612.102,1573.0377573880496
0.0061900387165187,6.433410743080182e-06,0.07308964051182743,0.03695239817018816,0.0014556349750539,0.0842259816820951,0.0,0.015484005076456316,0.005742390452307619,0.0031989451903522,4.1574075310869715e-05,0.145788925188269,5.440324245388957e-06,0.0,0.0,0.0,0.0,0.0,0.004614663474108573,0.0005224929840691176,0.00011039715663898297,5.214716179547569e-07,1.2163495460481e-06,4.7619539542597955e-07,9.005587106382372e-05,1.6186514249969323e-05,7.113518558470551e-08,1.705089086686822e-06,1.1530668400549722e-06,2.458161866453961e-07,0.0005832481161284022,0.0,4.386437285417264e-05,1.1408550095120504e-07,1.1739993190486853e-10,1.2361931288454318e-09,0.0,0.0,0.0,0.0,0.7591404742477099,0.0,-8.216738277494997,394474679783.5023,1535.02222216323
0.004959134074522,8.630312968023193e-06,0.07771828859546048,0.03766735886726559,0.0011591599088985,0.0924957184272266,0.0,0.013813637206192504,0.006105245191495549,0.0031055960979967,4.576160369069318e-05,0.139964739620275,6.364981647723109e-06,0.0,0.0,0.0,0.0,0.0,0.003688076298292303,0.00038276891263349055,7.158392948261931e-05,3.995588883342645e-07,1.0002071642243112e-06,3.5365049653094137e-07,6.039533627745802e-05,1.0933627312448476e-05,6.110546466806753e-08,1.621690853253705e-06,1.0098004926860814e-06,2.2595391919781394e-07,0.0005401590858649725,0.0,5.7765308859237956e-05,1.371356715167677e-07,1.84251286142472e-10,2.3174761156327182e-09,0.0,0.0,0.0,0.0,0.758315651871081,0.0,-8.196007419382086,319474381007.31384,1502.6832068062197
0.0036642662339001,1.1418584833442987e-05,0.08081130299264498,0.035969045087049505,0.0008816357683776,0.0988879787893171,0.0,0.011954015548638132,0.006346088579258897,0.0029247236507848,4.91531754320105e-05,0.134175989609193,7.339220662660018e-06,0.0,0.0,0.0,0.0,0.0,0.00271424667814768,0.00025682607255134393,4.212689710773876e-05,2.780733158918684e-07,7.138498833596205e-07,2.278413929043768e-07,3.507587394693356e-05,6.431370990371011e-06,4.5009355786269405e-08,1.4211809577273174e-06,8.207712188607582e-07,1.9260693286739426e-07,0.00046478735224284083,0.0,7.429514456677769e-05,1.6081394499140615e-07,2.8200870758745457e-10,4.316602850177975e-09,0.0,0.0,0.0,0.0,0.759465405948427,0.0,-8.160967287993246,243009062465.27408,1468.46864584289
0.0031480525380945,2.7870237154849075e-05,0.0762961061752925,0.039648945005161,0.0007215734484895,0.107247956418168,0.0,0.010143179064902504,0.005929705166023893,0.0027582758912837,7.583164071245114e-05,0.127519366610547,1.5585146617759848e-05,0.0,0.0,0.0,0.0,0.0,0.002301362137577456,0.00019730106856763552,2.9505221405571766e-05,2.497597052526104e-07,2.2392027489996872e-06,6.986640634528625e-07,2.8052122220960815e-05,5.186544011069157e-06,1.552346828251049e-07,5.014914420998805e-06,1.2921685877854365e-06,5.989054131693226e-07,0.0004635073753700536,0.0,0.00023787132332936614,1.8056510136756531e-07,2.4162267163815215e-09,2.010398028327887e-08,0.0,0.0,0.0,0.0,0.758604775093418,0.0,-8.103682801848874,210506057073.05832,1419.76000816115
0.0028277866548001,1.7492551300756312e-05,0.07781745389169188,0.03946824121656845,0.0006317370025372,0.115120565495003,0.0,0.010510860285470677,0.006290886717881658,0.0025504363788957,6.51907840017743e-05,0.120709205569428,1.0020307561980388e-05,0.0,0.0,0.0,0.0,0.0,0.001855675630909135,0.00014482052612684935,2.220914571281553e-05,1.795305122987423e-07,6.482544649186561e-07,1.695893543609788e-07,1.802781656936454e-05,3.2317920444539115e-06,4.4341667941575884e-08,1.6092136299159289e-06,6.864542348146827e-07,1.8598255267639622e-07,0.0003752145047375814,0.0,0.00012869853518152877,1.9744567661620135e-07,5.710617275135046e-10,2.1528498152216098e-08,0.0,0.0,0.0,0.0,0.758160268899335,0.0,-8.109602433100784,194302392592.24887,1362.3302492425998
0.002414340995902,2.07374538989921e-05,0.07302634982341999,0.04030062665445886,0.0005457408647603,0.122431149682735,0.0,0.009831874290808168,0.006005151061835479,0.002324746363087,7.625894195059633e-05,0.113754933970667,1.1565692385832066e-05,0.0,0.0,0.0,0.0,0.0,0.001488053147947633,0.00010600305326315882,1.622229681718894e-05,1.3553926264342857e-07,5.916819007077313e-07,1.4238968925066154e-07,1.2467987125885167e-05,2.1967288880398277e-06,3.939025755057578e-08,1.6899134304165773e-06,6.464684169475406e-07,1.8177613942687229e-07,0.00032145741725825083,0.0,0.00015886108884368046,2.0573034700905107e-07,7.656982602673034e-10,5.0074147506487764e-08,0.0,0.0,0.0,0.0,0.758529088122847,0.0,-8.10130036805813,175433730034.15552,1306.83438738702
0.0019109108909119,6.349036532544056e-05,0.048797263960499326,0.055816346122935956,0.0004045183403347,0.13370475095178,0.0,0.005978069535537019,0.003821273883582002,0.0019762036150667,0.00012769572958968014,0.104268722378772,3.129270060145225e-05,0.0,0.0,0.0,0.0,0.0,0.0013122769995398448,8.30367502877576e-05,1.1088251361403323e-05,9.593520824074188e-08,2.734416953213887e-06,7.13927387475479e-07,1.545270175501979e-05,2.7650369520734238e-06,2.547077366089533e-07,7.958968198507164e-06,1.813166531712385e-06,9.349343095625578e-07,0.00035567478729642347,0.0,0.0007431062976454079,1.7541491917154922e-07,8.494771471433548e-09,4.6360305793954236e-07,0.0,0.0,0.0,0.0,0.7577348938231351,0.0,-7.980877535444814,125979647600.78491,1232.9022236447802
0.0007792877558885,4.0072882702845874e-05,0.0192365917783155,0.08676809020668062,0.0001451156227217,0.155322737921123,0.0,0.002388317045586706,0.001493718735037916,0.0012418363614997,0.00013324173155498202,0.082873267975036,3.261141013163228e-05,0.0,0.0,0.0,0.0,0.0,0.0005877681518216577,2.8562581551020385e-05,3.3976406962232687e-06,1.702045760191087e-08,7.828247005661187e-07,2.0993755593834176e-07,9.066619673297636e-06,1.5377111349850428e-06,1.2254065248506966e-07,3.339553411693207e-06,1.4865725648311762e-06,5.088508039535768e-07,0.00019371402593630174,0.0,0.00018201700854387958,9.710050063514712e-08,3.802019283726447e-09,6.285416057097006e-06,0.0,0.0,0.0,0.0,0.759637754363731,0.0,-7.784120131770618,51247106718.43093,1036.32837416568
0.0007892634492154,3.825616187372291e-05,0.007306520162584457,0.2102651342954974,0.0001210026239381,0.1684716366289829,0.0,0.0009336648039724414,0.0005095133736649907,0.0008829855896575,0.00012190860504529751,0.0711500945446648,4.044483998575218e-05,0.0,0.0,0.0,0.0,0.0,0.0005930675392949873,2.4114898666414203e-05,2.3837234837517005e-06,8.903935841589926e-09,2.382068846809593e-06,7.687640473363771e-07,2.620948488851218e-05,4.322321994104437e-06,6.965694365988447e-07,6.917795492351836e-06,3.1234297383043636e-06,1.3940128691401815e-06,0.0002287337061889591,0.0,0.00011985125675812134,4.2941642441371075e-08,1.9853404919981985e-08,4.562365361348595e-05,0.0,0.0,0.0,0.0,0.7585850171635409,0.0,-7.470374858274504,20352833380.00615,926.442608027724
0.0007766512667206,0.00012418897331827354,0.0017536289665509956,0.6067937996619333,0.000124145302391,0.180935484717964,0.0,9.319071891145967e-05,8.302279390913246e-05,0.0005830588405716,5.899622286508608e-05,0.0601554082064362,6.607718356019203e-05,0.0,0.0,0.0,0.0,0.0,0.00025397664536251684,7.791562830046599e-06,3.896025963720578e-07,2.6004463024147455e-09,6.355572345355963e-06,2.5979329712578716e-06,3.938139864876121e-05,7.797605942919198e-06,4.813780156208753e-06,1.9635897531446203e-05,6.285028468446182e-06,6.076755194919492e-06,0.0002118831426130963,0.0,0.0002736678582706073,1.1891414231705499e-08,1.0508428360543138e-06,0.0017848985363772799,0.0,0.0,0.0,0.0,0.757425251665917,0.0,-6.651344308958784,1578265335.6265013,825.4214107775571
0.0007977450098407,3.083805617781224e-05,0.0008711141333326481,0.5550784764240067,0.0001359883811155,0.192734854486587,0.0,8.232047334439185e-05,4.252051493200872e-05,0.0003675505354639,4.799644158337783e-05,0.0498367713422703,3.829056711723681e-05,0.0,0.0,0.0,0.0,0.0,0.00026296553740562926,6.060214310302259e-06,3.29414236939444e-07,1.2881819693503606e-09,6.766489939799071e-06,2.8323275832579276e-06,6.1011133816449345e-05,1.0150054323432792e-05,5.229856410161361e-06,1.3742805784590273e-05,3.994015851108551e-06,3.817873549795567e-06,0.00017582425739320453,0.0,4.4375763778779644e-05,6.0145712698326555e-09,2.684119188704181e-07,0.0003791085739799336,0.0,0.0,0.0,0.0,0.756127090244722,0.0,-6.623599468712099,1382341344.1259484,721.260323673841
0.000670070096821,6.488072432762924e-05,0.0006020327810425535,0.43343636594575263,0.0001225324077494,0.20247314773073,0.0,2.6374966307980872e-05,2.3313216893817592e-05,0.0002238268763992,3.813223264099252e-05,0.0405582360596573,6.391792573831456e-05,0.0,0.0,0.0,0.0,0.0,0.0001933399322651609,3.2274741641182554e-06,1.1381038640551208e-07,7.440773671397234e-10,6.975895934280789e-06,3.315651405648442e-06,7.02201303345707e-05,1.7867101287469863e-05,9.050737577365986e-06,1.6949903686793717e-05,4.6396280671330094e-06,6.071197135139136e-06,0.0002391386821429066,0.0,4.515619388828309e-05,4.228312151408259e-09,9.900973248824992e-07,0.0011578401422256447,0.0,0.0,0.0,0.0,0.755952186828643,0.0,-6.4190903353494555,1066884420.5519991,628.232550112497
0.0006170421501413,0.00011791579903627843,0.00042136468219031105,0.33528481643685215,0.0001071301825482,0.2104973484552689,0.0,7.4400025533124274e-06,1.2190663816071017e-05,0.0001375506285629,2.3583465771025272e-05,0.0330125066433272,8.853284836727691e-05,0.0,0.0,0.0,0.0,0.0,0.0001252224355007951,1.462923365064388e-06,3.7496768511468564e-08,3.7440100604964215e-10,5.615955905319175e-06,2.928483807973834e-06,5.720772370321244e-05,2.7935191112002918e-05,1.1640752823558358e-05,1.6611605860487214e-05,4.986935491782105e-06,7.864443428008611e-06,0.0002978721872411304,0.0,4.5543176242983194e-05,2.8345818268492223e-09,2.6488434927715413e-06,0.0028216209232242904,0.0,0.0,0.0,0.0,0.7556284219401509,0.0,-6.218890805414011,707056618.3267142,544.016802403253
0.0005897911550427,0.010638516911837712,1.0894409199754975e-05,0.2757285746026113,9.54549611353506e-05,0.2169309663588189,0.0,4.1019526324822174e-08,3.565351776616398e-07,8.50048441167795e-05,0.0002531820939641556,0.027192045056779,0.00012730899026404982,0.0,0.0,0.0,0.0,0.0,1.4201383990927923e-06,2.0210334432805437e-09,5.899377920918123e-11,1.0198967903860234e-13,2.624285731368363e-09,1.3224168539475614e-09,9.18347447252711e-08,3.543247223521079e-07,4.672396559891592e-09,3.467962444805683e-07,1.025373653594836e-05,2.7072410193099824e-07,0.002094882610484986,0.0,7.57361276283646e-05,1.7162015096904516e-08,0.0006441508568398031,0.3069182687828461,0.0,0.0,0.0,0.0,0.755106737624107,0.0,-6.45024188630825,1405592582.2973711,484.662044078976
0.000566035408687,0.0037311046938698694,1.6181897812289777e-06,0.20279887462762533,9.45512136854576e-05,0.221817139708843,0.0,2.459825799135519e-08,1.6461352512696393e-07,5.54808183571709e-05,0.0002913215761378756,0.0226229337143434,0.0003703690818117992,0.0,0.0,0.0,0.0,0.0,1.1238486529963604e-06,2.1103786218841052e-09,5.779901361971634e-11,1.7119866404999238e-13,7.64878029652571e-09,3.5391714544315547e-09,4.1370780184651264e-07,6.003468757560964e-07,1.0067958830160765e-08,1.0845596461290765e-06,4.677744209105013e-06,7.10925339931901e-07,0.0026011502152572274,0.0,2.1384404005865394e-05,3.762516946227572e-09,0.0009720224722843093,0.3947987943196974,0.0,0.0,0.0,0.0,0.7548438591360842,0.0,-6.1794949544578825,810920559.9817318,430.1568583669
0.0005281405620349,0.005325522694312625,1.791508718434616e-06,0.16537599402435438,8.81642791041664e-05,0.22511710011633,0.0,1.7385530689288344e-08,1.1800402605605969e-07,3.76914880874069e-05,0.00021570559931902148,0.0190409129655959,0.00023591906464101987,0.0,0.0,0.0,0.0,0.0,8.198754194901144e-07,9.452030127047904e-10,2.4227344585432964e-11,4.36988114976681e-14,2.982468581003278e-09,1.2570591296917293e-09,1.871010947572672e-07,2.894563214880703e-06,4.5783924818196594e-09,3.3736974117512615e-07,4.819545142165803e-06,3.462433110738787e-07,0.0039743606784542656,0.0,2.0264022932000138e-05,1.7011218513673388e-09,0.0007735763231378482,0.26494995447455644,0.0,0.0,0.0,0.0,0.7551879905888471,0.0,-6.301701624119719,1091445219.147549,391.824497956653
0.0002121646148671,0.0017833510998636981,7.318818143819242e-07,0.043879234934106594,1.6776427318933402e-05,0.2298412419825249,0.0,5.503976219342261e-09,2.750748676599409e-07,2.11223615436902e-05,9.644792623524717e-05,0.0131943170955719,0.00020532678645972884,0.0,0.0,0.0,0.0,0.0,6.225572752768867e-07,1.055744888150326e-09,2.4080812445604667e-11,3.0066993312207944e-14,1.9999184152742293e-09,1.0797626714346442e-09,7.485028150398929e-08,4.947481868778535e-06,8.223551574996326e-09,1.9486605303010625e-07,1.4788146431867617e-06,5.030565497499158e-07,0.0012688346217882567,0.0,8.252572365114618e-07,5.2622115579543915e-11,0.0003930505303517815,0.09284259203023218,0.0,0.0,0.0,0.0,0.756714377518173,0.0,-6.037295199350127,684320226.391743,330.857740074178
