Y_AR,Y_N2,Y_H,Y_H2,Y_HE,Y_O,Y_OH,Y_H2O,Y_HO2,Y_H2O2,Y_O2,Y_CO,Y_CO2,Y_HCO,Y_HOCO,Y_N,Y_NH,Y_NH2,Y_NH3,Y_NNH,Y_N2H2,Y_N2H3,Y_N2H4,Y_H2NN,Y_NO,Y_N2O,Y_NO2,Y_HNO,Y_HON,Y_HONO,Y_H2NO,Y_HNOH,Y_NH2OH,Y_HNO2,Y_HONO2,Y_NO3,MF,CEM,HRR,T
0.0,0.707216634050701,0.0037595916132606684,0.0151203985275203,0.0,0.00011655897754948876,0.000491528236056,0.110519013310159,3.094515307378848e-05,1.8917625467743155e-06,0.072161727890579,0.0,0.0,0.0,0.0,4.941609711484834e-05,0.0002768456715486948,0.003669140447976417,0.0944906979849839,1.023928978637041e-06,6.575367172140122e-05,1.1453447533321323e-05,0.0002707992610323428,1.108926671716765e-06,0.0019030910907095837,0.008599993010949911,5.991132544597194e-07,8.190086136786108e-05,1.215718082771273e-09,8.768672541215438e-06,2.976841933104464e-05,8.660685188829388e-07,2.938062613999899e-05,2.763196416522959e-09,6.730038866590748e-09,0.0,0.22133290735045774,-7.473249466546552,44484406530.56891,1133.4718968675
0.0,0.703071207464237,0.0035712906627271227,0.0158052054787298,0.0,0.00010192447241397862,0.0004197532174928,0.10568872213866,2.61472606595598e-05,1.398661803602125e-06,0.0762757772232159,0.0,0.0,0.0,0.0,4.266727412236947e-05,0.00023879519790494602,0.0034006144194562923,0.0987393344776641,6.474714324552846e-07,5.937681730732983e-05,9.203731240110611e-06,0.00025569484374101797,8.268065164533418e-07,0.0016173871805104736,0.008829897868111839,4.4275063680868787e-07,7.117550907547886e-05,8.780833503077877e-10,6.632651798107725e-06,2.489481189473597e-05,6.49357875556661e-07,2.5015162919183796e-05,2.000182259436437e-09,6.306900830065713e-09,0.0,0.2251145260035391,-7.447604692753288,41458007756.706726,1096.88119992383
0.0,0.7003167479314129,0.002796449468480707,0.0159835322082079,0.0,7.102463837363934e-05,0.0003657504670871,0.0995011351794645,2.7093768929039676e-05,1.7725342498291595e-06,0.0809365026102388,0.0,0.0,0.0,0.0,2.7288026790959137e-05,0.00017763744944742217,0.00306687227571754,0.102896331603589,4.520123382053394e-07,5.5645734531577855e-05,9.212209555803517e-06,0.0003447536465782994,9.048410266565342e-07,0.0012070106528528904,0.008945904651086366,4.4158285318476074e-07,6.0988251831675365e-05,6.647764462802961e-10,6.670697711462734e-06,3.0104001519621792e-05,7.524021532899022e-07,3.1798359176407064e-05,1.7877763018694417e-09,1.3288559744117335e-08,0.0,0.22648167580991208,-7.356589964591665,35415926923.95132,1052.91224456113
0.0,0.6964069145315049,0.0020560357038355496,0.0164270541594927,0.0,4.434653409331832e-05,0.000321342263311,0.0923609190663705,2.7084072291424068e-05,2.422135820620043e-06,0.0856588194249221,0.0,0.0,0.0,0.0,1.5552160409312524e-05,0.00012439243997512054,0.0027551310522611083,0.108824950554399,2.996607082158999e-07,5.263838751802982e-05,9.290187864204118e-06,0.0004928084897558511,1.0838584026128063e-06,0.0008297657799645517,0.008778273596647701,4.296162865838569e-07,5.081480781590534e-05,4.589470125864662e-10,6.479564027046153e-06,3.726533335438894e-05,9.339520882980577e-07,4.2576168150135506e-05,1.549899281356309e-09,3.158889543622244e-08,0.0,0.23047215893392387,-7.238355387066919,30510281536.370327,1006.14340291173
0.0,0.692533035751898,0.0013663215329964551,0.0172370596500919,0.0,2.4104645808720244e-05,0.0002773458002786,0.0859650408023184,2.636028769868724e-05,3.5823887267952722e-06,0.0904413461175602,0.0,0.0,0.0,0.0,7.29616243150872e-06,7.556490653817928e-05,0.0023316773014701807,0.113546171877853,1.6601540292698213e-07,4.612046246494336e-05,8.481853909368639e-06,0.0006860212576539385,1.345601177533285e-06,0.0005126443321030514,0.008206289241510152,4.18537566426539e-07,3.987274269915392e-05,2.7968999097884226e-10,6.0776722694723746e-06,4.6811765362216715e-05,1.2071129575113398e-06,5.753775506570416e-05,1.267003949291911e-09,9.446900959719448e-08,0.0,0.23529522023558974,-7.069195916149221,25323775111.69878,952.381289503566
0.0,0.690310417206657,0.0009966422456850962,0.0179674589502097,0.0,1.5315824893378415e-05,0.000247809235204,0.0803542580072826,2.4881460225557426e-05,4.619734970172396e-06,0.0939784296634112,0.0,0.0,0.0,0.0,4.072407622526125e-06,5.163416952147716e-05,0.0020566606577665024,0.1171416269372359,1.0592584776176801e-07,4.1596341590386056e-05,7.684179788994816e-06,0.000832690020191503,1.6015909820563274e-06,0.00036100663032542513,0.0076864464242472515,4.1246228718935915e-07,3.3748829417135595e-05,1.896644897807162e-10,5.580446429290769e-06,5.375973942625709e-05,1.4169364682719828e-06,6.826580132795057e-05,1.0693161904866808e-09,2.0053625994006483e-07,0.0,0.23956399089028163,-6.982950178717774,22083079576.228134,917.307768370271
0.0,0.687037507726292,0.0005943449017189083,0.0182847443363255,0.0,7.373790868046879e-06,0.0002138532732217,0.0744340659698685,2.0438673684881758e-05,6.495167648462417e-06,0.0980791866381152,0.0,0.0,0.0,0.0,1.6367891754226978e-06,3.061112005645306e-05,0.0018186447295429752,0.121950642056176,6.060788867192904e-08,4.104740126197947e-05,7.545277339717051e-06,0.0011585571307025566,2.5163431752334317e-06,0.00021511731714822784,0.007155042970005991,4.3549036079193544e-07,2.8170003083144247e-05,9.982090252391839e-11,4.575330391310207e-06,6.544025943397411e-05,1.822364438648567e-06,8.717896712118398e-05,8.234941107834513e-10,6.028909769387376e-07,0.0,0.24284506051862534,-6.7725874704468145,18327064059.53431,872.7668399310229
0.0,0.6853020568468221,0.0004219671257686153,0.0186219907649571,0.0,4.583622087662059e-06,0.0001923644782488,0.0709767842373113,1.72876398808408e-05,7.594291547016594e-06,0.0992181367389926,1.7065615512116325e-28,4.0353204904001297e-25,2.3903720123652636e-34,7.856179274820987e-34,9.135143423151057e-07,2.200124263907197e-05,0.0016774507506136544,0.125688666933668,4.3147968963394674e-08,4.1051030172501166e-05,7.319994664752291e-06,0.0013759133857597198,3.3156858462617675e-06,0.00015737865967667476,0.006920850225514539,4.827016137198499e-07,2.539124742016545e-05,6.633785833957494e-11,3.947341093782595e-06,7.15649092152317e-05,2.048956224403761e-06,9.814930644751272e-05,6.900853166717286e-10,1.2256113495335456e-06,0.0,0.24674509819506096,-6.641764787864869,16155177760.114826,847.105007804024
0.0,0.6819704087344849,0.00026557667638240934,0.0190677753657695,0.0,2.52931227722687e-06,0.0001704607659414,0.067278857592319,1.387827290810218e-05,9.301799138052823e-06,0.10269484090019,0.0,0.0,0.0,0.0,4.2522239401592125e-07,1.4300526578139512e-05,0.0015011307225181116,0.128817656641295,2.8338736462748828e-08,4.159708047538167e-05,6.934181824442496e-06,0.0016148090512237774,4.8185714071417925e-06,0.00011156415816635251,0.0072324075519497235,6.510647859097616e-07,2.307651454646238e-05,4.084508153171713e-11,3.4475753042611983e-06,8.066109802170778e-05,2.3775333690862757e-06,0.00011247900185456852,5.750122127093772e-10,3.581953854587188e-06,0.0,0.24901756807802566,-6.499370125089034,13789184610.523226,814.186381964552
0.0,0.6789614366821751,0.00016975592977823601,0.0196072887541721,0.0,1.4978101103367478e-06,0.0001584013193134,0.0637488871036579,1.09295261720711e-05,1.1073315220686153e-05,0.106309128480839,0.0,0.0,0.0,0.0,2.1226698151075993e-07,9.798721550531877e-06,0.0013680279128530965,0.131214857659843,2.0597589276559855e-08,4.4310757299652364e-05,6.733299205078522e-06,0.001791944302171475,7.192689198353742e-06,8.61034588833534e-05,0.008561773403732102,9.940993512688845e-07,2.174149478922006e-05,2.7190648857174667e-11,3.2433487996993634e-06,8.903746109134446e-05,2.801508189053779e-06,0.00012846705079359828,5.095958862206678e-10,1.0727878907096729e-05,0.0,0.2503198762471699,-6.457223082418041,12274474207.23798,783.4092538338
0.0,0.678576261632915,0.00018660022036233817,0.0195239093531979,0.0,1.6774900886067048e-06,0.0001619909780508,0.0645865592981624,1.1674458831457395e-05,1.0914377813020318e-05,0.106874407757883,0.0,0.0,0.0,0.0,2.4347822656854824e-07,1.051710508204581e-05,0.0013910544067438665,0.13027687097979,2.176336192462198e-08,4.348768909259976e-05,6.743483852023106e-06,0.0017415855192843257,6.655792837069265e-06,9.117940584192803e-05,0.008297578488212594,9.191202809857752e-07,2.207894603617465e-05,2.977312579952255e-11,3.325914436577933e-06,8.833967328222851e-05,2.737941722781675e-06,0.0001253912466256381,5.254194590346406e-10,8.854023315427851e-06,0.0,0.24911773287886366,-6.456473377727148,12645524798.363483,788.908184923463
0.0,0.67840711801415,0.0001819413599664015,0.0196029971286059,0.0,1.6291966524506915e-06,0.0001628053993581,0.0651154726023204,1.1546988042049845e-05,1.1149524870491973e-05,0.106527210214707,0.0,0.0,0.0,0.0,2.338921741623249e-07,1.0260996361799603e-05,0.001381384365565034,0.1301843966408599,2.1434877179366532e-08,4.364516020139988e-05,6.721212765584984e-06,0.0017370597505730668,6.882195917109599e-06,9.003932124414238e-05,0.008441119701884103,9.472449995840688e-07,2.196474650070989e-05,2.9318962393635696e-11,3.354360031043607e-06,8.898109916833327e-05,2.7994904911078404e-06,0.00012694864924314033,5.235835853700401e-10,9.603473562929001e-06,0.0,0.24945968993648768,-6.460231744086248,12631851742.884853,786.621832374828
0.0,0.6762211936100521,0.0001348933630391945,0.0197920049325203,0.0,1.1810387810255628e-06,0.000150259836224,0.0627527512941012,9.734496967938395e-06,1.1832631206155599e-05,0.109143333870017,0.0,0.0,0.0,0.0,1.5226791838090833e-07,8.19205918228892e-06,0.0012999704834281947,0.131940456457085,1.7640040611100126e-08,4.561923761915643e-05,6.544166592859622e-06,0.0018570235504607592,8.471368962728475e-06,7.779697025062214e-05,0.009717465257273199,1.2419753597864021e-06,2.141696347334626e-05,2.2471377643296415e-11,3.167387806550736e-06,9.353271371483333e-05,2.939441722470146e-06,0.00013421690557916013,4.876261852454436e-10,1.731082865643657e-05,0.0,0.2493474162760074,-6.4655177576028935,11377372191.087915,769.533665155973
0.0,0.675562162323509,9.861753894276479e-05,0.0198161442128716,0.0,8.601312432321351e-07,0.00013910263961,0.0603668125909117,7.891780607049728e-06,1.212606624573867e-05,0.110465154335896,0.0,0.0,0.0,0.0,1.0075370877347689e-07,6.692150845092093e-06,0.0012362685132285849,0.133650623897202,1.5023530375362944e-08,4.880155522262678e-05,6.5408028250523505e-06,0.0019979888074874337,1.0556051440952362e-05,6.793917480256686e-05,0.01185939329156474,1.6512599377241569e-06,2.0945145646292065e-05,1.708632473826463e-11,2.9897942134698257e-06,9.648385712599783e-05,3.0696838303478006e-06,0.0001422171901328464,4.5926469509936823e-10,3.011191586333153e-05,0.0,0.2486195575078146,-6.454068435742301,10263883200.843254,753.126029182044
0.0,0.6750547174887459,7.190831402393774e-05,0.0199729913410198,0.0,6.425277413434303e-07,0.0001291198168966,0.0582604401623533,6.3675583206010345e-06,1.2283854889238526e-05,0.111036210054737,0.0,0.0,0.0,0.0,6.799156651261777e-08,5.489686630825116e-06,0.0011681414914937556,0.135546521136246,1.2904158942417e-08,5.1385184000078706e-05,6.437897736964136e-06,0.0021055984679438575,1.2899468530807774e-05,6.04272127647524e-05,0.015239491731533035,2.1546848185993034e-06,2.0439909562781855e-05,1.3214017932453171e-11,2.8790817587159887e-06,9.850991980084096e-05,3.188077598273821e-06,0.00014968074844658928,4.3868881647093145e-10,4.9055926752591494e-05,0.0,0.24809382725595752,-6.396231749656852,9232989917.56313,737.060298222578
0.0,0.6741468450186721,5.340786668548329e-05,0.0203503939030666,0.0,5.295517786784924e-07,0.0001277976020894,0.0561543152440707,5.196168792138776e-06,1.3075754107226995e-05,0.112513615102398,0.0,0.0,0.0,0.0,4.872963576022226e-08,4.651387970007976e-06,0.0011176117099051188,0.136707033129704,1.1900401958966678e-08,5.548585351459181e-05,6.489937480142858e-06,0.002137805621323765,1.657487729154562e-05,5.652903625389772e-05,0.021636830979819496,2.8933241224371752e-06,2.007858414138414e-05,1.0802623980386005e-11,3.0013713112301448e-06,0.00010177759684637702,3.5288811492220733e-06,0.00016138819254626799,4.345117058694573e-10,8.009950044706686e-05,0.0,0.24531900714229757,-6.350757701329522,8709243102.041636,720.2212864765511
0.0,0.673580714269394,4.6391932119304956e-05,0.0204068456159499,0.0,4.7620714901725447e-07,0.0001234024136483,0.0544166824364471,4.725526328961024e-06,1.2995705626500573e-05,0.11376613519059,0.0,0.0,0.0,0.0,4.17744953712697e-08,4.306029696513215e-06,0.001090155114685029,0.137706220073971,1.1226264417138554e-08,5.614915348235729e-05,6.439965753466455e-06,0.0021799548598796605,1.7758124765627285e-05,5.460048213862947e-05,0.024867047061535766,3.210030893596283e-06,1.9982294596667854e-05,9.716907337518678e-12,2.982942263285811e-06,0.00010263531544608909,3.5512416954451515e-06,0.00016414831858390364,4.3149449637227174e-10,9.442213303920133e-05,0.0,0.24344495200595345,-6.3340334906138755,8258209158.484917,714.055554098602
0.0,0.674166979939653,4.554215322493716e-05,0.0202846396104333,0.0,4.687734331725223e-07,0.0001232219488327,0.054599656713595,4.600004133089575e-06,1.288481209005013e-05,0.11274001802987,0.0,0.0,0.0,0.0,4.1385734977558804e-08,4.328955921484312e-06,0.0010974400349037076,0.138085483757615,1.139063219749571e-08,5.7073201183623465e-05,6.58481174215179e-06,0.002219411230712685,1.81658350075735e-05,5.427699030995822e-05,0.02527047182997261,3.256222741502536e-06,2.0011571127299634e-05,9.555117797199694e-12,2.962359235524962e-06,0.00010227215024076731,3.562490944689898e-06,0.000165671438406733,4.321861385270914e-10,9.63581671585705e-05,0.0,0.24351506679445817,-6.330894491518584,8243376433.056211,713.842253163853
0.0,0.6754832783109009,5.811570975756399e-05,0.0202415784716974,0.0,5.431767867236226e-07,0.0001255726175694,0.0560786904833497,5.432915621722326e-06,1.2488563055574336e-05,0.110354422569983,0.0,0.0,0.0,0.0,5.33411666925832e-08,4.877659435674667e-06,0.001132658039960829,0.1377164575465,1.2171156389838925e-08,5.391841456243721e-05,6.475542138308519e-06,0.002178743217678342,1.51801035158012e-05,5.669600663924194e-05,0.018847262391411806,2.5982998247074546e-06,2.010964701645476e-05,1.132610195232987e-11,2.8902120465926755e-06,9.949061653793381e-05,3.358657433085962e-06,0.0001575823665178852,4.3246155463130484e-10,6.794429835137244e-05,0.0,0.24869064293226212,-6.358044802250505,8739354436.953642,726.3403856155119
0.0,0.675376822157,6.160294951391232e-05,0.0204061645333644,0.0,5.734605483499508e-07,0.0001281669266487,0.0571256476969158,5.701341290456532e-06,1.2692986231475814e-05,0.110014687168771,0.0,0.0,0.0,0.0,5.6497544204049814e-08,4.960212562213895e-06,0.0011324675326034373,0.1369485115173,1.2252842581237497e-08,5.29336530542679e-05,6.343205417253593e-06,0.002110546785507496,1.4679855724044814e-05,5.7571556674995496e-05,0.017950216703000038,2.473564700999329e-06,1.9992287353923633e-05,1.1888874502368861e-11,2.929457549884124e-06,9.922359378794787e-05,3.3729826130261315e-06,0.00015576768250161513,4.3099254765873333e-10,6.325190365339653e-05,0.0,0.24954577936527192,-6.364111083574401,8948172210.537157,727.771149651782
0.0,0.6744273971483399,7.076454515083821e-05,0.0202665714903158,0.0,6.388661944389218e-07,0.0001298059751837,0.057908907909516,6.385140339143394e-06,1.2577423298970122e-05,0.11138540300878,0.0,0.0,0.0,0.0,6.602338624872165e-08,5.340906009293073e-06,0.0011527217858637744,0.135881914467865,1.2686439770515996e-08,5.090953923384114e-05,6.28387261717136e-06,0.002068271756736549,1.3077760838056518e-05,6.033022832132995e-05,0.015620715710739017,2.1945892193075167e-06,2.0321139152766296e-05,1.3234131680624199e-11,2.9396658968665464e-06,9.919268735874349e-05,3.2465298699655303e-06,0.00015047288510272315,4.3849464005451476e-10,5.1272315061201086e-05,0.0,0.24906751329818286,-6.390557141035389,9223001714.147821,735.108078940809
0.0,0.67452194772127,7.684163214952534e-05,0.0202625060320698,0.0,6.78679619007738e-07,0.0001298624465442,0.0583703793229585,6.794455155308163e-06,1.2392684000803216e-05,0.11111693256165,0.0,0.0,0.0,0.0,7.235782315855441e-08,5.54986529306966e-06,0.001158822633370295,0.135598371915508,1.2838690449560648e-08,4.9187905950451825e-05,6.168870934910924e-06,0.0020369241731864737,1.2043094309108086e-05,6.159497410258918e-05,0.01421552815295673,2.001294148631097e-06,2.0358785184412027e-05,1.404663993997766e-11,2.9195904819573993e-06,9.826290536238744e-05,3.1451333985732605e-06,0.00014656228648332207,4.3908241089703207e-10,4.398142891759381e-05,0.0,0.24993901591327963,-6.403348889316428,9331053040.096506,739.602626179456
0.0,0.6754182558274641,0.00010108298810408554,0.020140262031007,0.0,8.653937895643671e-07,0.0001351585819131,0.0603007347178833,8.172906525560141e-06,1.1951048227534011e-05,0.109614080938898,0.0,0.0,0.0,0.0,1.0177221524543769e-07,6.54216505098626e-06,0.001205304770485272,0.134391507902834,1.429221898846602e-08,4.5807742730351536e-05,6.105152145885795e-06,0.0019444893204701487,9.686032382198414e-06,6.754479344390939e-05,0.011131720855074908,1.5239684494246976e-06,2.0633884934708747e-05,1.7392804590666887e-11,2.9476772430136867e-06,9.531456121720897e-05,2.9443243059022547e-06,0.00013767016648623834,4.51315979368104e-10,2.692369203798752e-05,0.0,0.25143178164729874,-6.451945643386898,10014392241.140646,754.464281801069
0.0,0.6765971659934691,0.00013531203288181037,0.0197786159974393,0.0,1.1609007463470444e-06,0.0001371858991158,0.0626559186637922,9.956430423361703e-06,1.109124551325741e-05,0.108478932526205,0.0,0.0,0.0,0.0,1.5101249358568606e-07,7.929048143455215e-06,0.0012498463951355796,0.132352180919979,1.5949609842297492e-08,4.164674578772532e-05,5.941161706880146e-06,0.0018308560372738204,7.200838025964298e-06,7.614917840982267e-05,0.008853681374516057,1.0992507281891873e-06,2.1076416409755354e-05,2.1891588750643297e-11,2.947539324717942e-06,9.139729983630797e-05,2.6054465845999446e-06,0.00012481805217239838,4.688396574943147e-10,1.3910384572205567e-05,0.0,0.2505231580875027,-6.439330599448237,10485106386.673275,772.698932701154
0.0,0.6786049934085829,0.00020015387683588982,0.0194443531698515,0.0,1.8206103507413167e-06,0.0001425589022597,0.06571427435081,1.249438723028259e-05,9.679407836079087e-06,0.105165179282691,0.0,0.0,0.0,0.0,2.7128529417040674e-07,1.0736733440339527e-05,0.0013321283698215275,0.130928640885804,2.0002943418305274e-08,3.8034564915817896e-05,5.867938131713061e-06,0.0016728128984255992,4.8770111785677126e-06,9.284347752934772e-05,0.007182005676576633,7.235414899591551e-07,2.1785007392129805e-05,3.0575820304293604e-11,3.022092905101584e-06,8.423571930682151e-05,2.2101936948445637e-06,0.00010961642656084295,5.053640220778848e-10,5.204027762906135e-06,0.0,0.2508982809363084,-6.416403018790291,11366046990.18855,798.906160597285
0.0,0.680620759823408,0.0002217122731943177,0.0193492879490258,0.0,2.048565699241295e-06,0.0001462205366463,0.0675519725177519,1.3166801460754016e-05,9.360823158436696e-06,0.102713525043971,0.0,0.0,0.0,0.0,3.180620457986474e-07,1.1620500746547987e-05,0.0013514329368415094,0.129618234129197,2.1401472345350525e-08,3.7231730738821364e-05,5.844400203778927e-06,0.0016019006348234033,4.472971317778042e-06,9.808804787121058e-05,0.006928333436397468,6.547940540707844e-07,2.1809202437492422e-05,3.3656259079171475e-11,3.0909842423952526e-06,8.17920034717796e-05,2.1548780038801357e-06,0.00010646356170837374,5.1680764795651e-10,4.098151940410227e-06,0.0,0.250956283580269,-6.435218306015082,11697954377.66118,805.045791182968
0.0,0.6812107656099549,0.00027418691223256997,0.0193794646354935,0.0,2.705446824605243e-06,0.0001545138717926,0.068428678700324,1.5011239932144491e-05,8.866961689948244e-06,0.102579697130792,0.0,0.0,0.0,0.0,4.424027258949556e-07,1.3747709094615503e-05,0.0013976615373938466,0.128246880051642,2.485578054605901e-08,3.5750989763830155e-05,5.790244770338925e-06,0.0014671456985486191,3.7144168454477225e-06,0.00011367117017891148,0.006693456670541553,5.634945245286567e-07,2.2474130802710133e-05,4.212146492333294e-11,3.336788008263962e-06,7.869938455373383e-05,2.0383522645223355e-06,0.00010031495515443215,5.590702452256176e-10,2.6108748603175693e-06,0.0,0.25020755958914453,-6.495522953639763,12553449191.992006,817.939824507929
0.0,0.68190329517626,0.0003088304518967203,0.0189464346092135,0.0,3.1795880025095694e-06,0.0001593161005772,0.0695026301584652,1.5670281525692767e-05,8.322227005970817e-06,0.102305946587373,0.0,0.0,0.0,0.0,5.463488489037211e-07,1.581597597591026e-05,0.0014676768771234008,0.127182377368112,2.8675809566336247e-08,3.7042465433103166e-05,6.129681901399656e-06,0.0014504511520025572,3.442157911222324e-06,0.00012464217582472948,0.006662936682617838,5.269603500935832e-07,2.3364012627601718e-05,4.711853901971749e-11,3.3949540415589864e-06,7.668726312506901e-05,1.951927468392997e-06,9.722677795810944e-05,5.873033560849612e-10,1.934993006285972e-06,0.0,0.24774930799112133,-6.537326525996976,13115037800.792408,827.896096521386
0.0,0.686033313646106,0.0004961041631868428,0.0184278132732352,0.0,6.0354569274927675e-06,0.0001741696029071,0.0740686152337025,1.895187363756024e-05,6.227729842569145e-06,0.0966871212579113,0.0,0.0,0.0,0.0,1.2509394084066622e-06,2.5465775549064935e-05,0.001645205704138183,0.124608966986138,4.585808903540389e-08,3.730360241480289e-05,6.371963706076407e-06,0.0011945020199530677,2.199462083186781e-06,0.00018236350206393318,0.006467497183639636,4.0119565339786845e-07,2.5959001823304765e-05,7.770472819201377e-11,3.764968755135202e-06,6.527968109657981e-05,1.5512661091224959e-06,8.01261570718493e-05,6.981594286241834e-10,5.651306182583174e-07,0.0,0.24664361878162014,-6.695130606163897,15011896462.747982,866.2064244355389
0.0,0.68857743258853,0.0007677760154582628,0.0180647194738461,0.0,1.1426687188553586e-05,0.0001905846593216,0.0796595063852781,2.2510745969276635e-05,4.59654794515648e-06,0.0928802979740806,0.0,0.0,0.0,0.0,2.7524117233526223e-06,4.0041718362048264e-05,0.0018142408749586743,0.120627458918943,7.312875067421362e-08,3.7751009168577496e-05,6.357265084477015e-06,0.0009017893415312288,1.4215200637599428e-06,0.00028119516359558275,0.006773830438631537,3.702712979342821e-07,2.994894916053505e-05,1.315269387121335e-10,4.30952505261839e-06,5.5306182109585355e-05,1.2042344114251538e-06,6.328027173291734e-05,8.491037125101968e-10,1.9729132507348527e-07,0.0,0.24378290360410673,-6.873473012483512,17038152166.31191,905.316485777497
0.0,0.6901711955685009,0.0011656033644953264,0.0177394399919254,0.0,1.974587312857015e-05,0.0002415054834231,0.0844240312352912,2.539114130630926e-05,3.7029732008919885e-06,0.0909888843266548,0.0,0.0,0.0,0.0,5.6038492342559625e-06,6.264616852366632e-05,0.0021308033881732844,0.116434943394204,1.2704515566466839e-07,4.223330084051309e-05,7.412187021659198e-06,0.0007221508412599962,1.2558022989764178e-06,0.0004307583207057682,0.0076612461244897675,3.935126620844361e-07,3.607450967620306e-05,2.2455534768036842e-10,5.368008239613533e-06,4.830928055656605e-05,1.1444060140812343e-06,5.700836701168691e-05,1.0994197400565016e-09,1.0817560107656117e-07,0.0,0.2396270824088938,-7.045602723496024,22175641233.100807,938.82289265256
0.0,0.6919081773077409,0.0014638781739930702,0.0175118940342179,0.0,2.6810245238078128e-05,0.0002706007979095,0.0869707609485501,2.639444210452033e-05,3.1568980184196095e-06,0.0889314990473542,0.0,0.0,0.0,0.0,8.353225553708546e-06,8.093714334352505e-05,0.00233405809185731,0.114407067864227,1.742074536976006e-07,4.515801344651743e-05,7.990239616725136e-06,0.0006271560966283278,1.1581382000532755e-06,0.0005493381885235608,0.008090760627230435,4.032149454613126e-07,4.03713214945303e-05,2.9878798823481477e-10,5.859412415350457e-06,4.369926549425302e-05,1.068512252912383e-06,5.1881706497578044e-05,1.2503026247845874e-09,7.079349160500998e-08,0.0,0.23794261042609874,-7.0899920424464336,25315759025.006203,961.2102731874072
0.0,0.6918134628598471,0.001727376039726322,0.0173319726272463,0.0,3.3419153343532086e-05,0.0003031780449795,0.0888776026267383,2.7358033625986972e-05,2.9309807957071055e-06,0.088878207171213,0.0,0.0,0.0,0.0,1.100728945522266e-05,9.735927702508777e-05,0.00252326336407441,0.112795576669976,2.2199677644936038e-07,4.807485748617417e-05,8.678675336210108e-06,0.0005735931816522746,1.1575207518651359e-06,0.000660473536180861,0.008573276619572332,4.229521308316317e-07,4.454928567822677e-05,3.718446991945253e-10,6.4293291152788156e-06,4.142559158672904e-05,1.0597680615456615e-06,4.981734463356803e-05,1.4086608638660468e-09,5.692242941197102e-08,0.0,0.23568990295308676,-7.1541353380568555,28678490994.8414,976.617158790182
0.0,0.6928904899076711,0.0021085617643099726,0.0170136913384777,0.0,4.444962280822674e-05,0.0003357337747504,0.0920212948403684,2.7906063850436047e-05,2.519420541534908e-06,0.0872702630087871,0.0,0.0,0.0,0.0,1.566982144681805e-05,0.0001231015740921403,0.002752912432423625,0.110468527129945,2.9688526187880994e-07,5.144615070353218e-05,9.240764916507258e-06,0.0004937065511253267,1.093041252147277e-06,0.0008330491442082278,0.008961636168907751,4.3690086248553364e-07,5.0314097745709414e-05,4.775698165977311e-10,6.8298023651578906e-06,3.756408407382521e-05,9.772845101842073e-07,4.4421699351100726e-05,1.582433902053039e-09,3.700625943576557e-08,0.0,0.23319643989531694,-7.241374525357282,32280281860.777084,1000.77930258542
0.0,0.6945204966952551,0.00236999378092451,0.0165742587199072,0.0,5.313580785668335e-05,0.0003560473386093,0.0942432784934941,2.776905892646126e-05,2.269136632143424e-06,0.0858644042767251,0.0,0.0,0.0,0.0,1.9476076860284465e-05,0.00014371249500924266,0.002928736150000097,0.108441514476008,3.602649485794239e-07,5.460555946105188e-05,9.719702262536178e-06,0.00044881921089370277,1.0740998834868063e-06,0.0009651548016499882,0.009157879817172346,4.438123973126506e-07,5.491593511309522e-05,5.497227117706571e-10,6.949742008255295e-06,3.5189682672527664e-05,9.207369571915016e-07,4.0725643343083234e-05,1.6959772401826176e-09,2.6653588345216142e-08,0.0,0.23045100198924706,-7.289835326433215,34463939620.03313,1018.85668225162
0.0,0.6965221982285389,0.0026988429116424936,0.0161595832561331,0.0,6.459582846708877e-05,0.0003818734206037,0.0969832459736237,2.7505788248847906e-05,2.0215479923729995e-06,0.0838476940946263,0.0,0.0,0.0,0.0,2.475177676056439e-05,0.0001699083012911713,0.0031269988955184586,0.106105405026474,4.4422568388071147e-07,5.785330689420094e-05,1.0159020482997406e-05,0.0003981256949305765,1.0522593068331366e-06,0.0011343067879280389,0.0093042982131544,4.5015660242837533e-07,6.029720017196028e-05,6.420576821412375e-10,7.06969526968025e-06,3.2481046509450896e-05,8.625579116423737e-07,3.6773104528151185e-05,1.8275844051267285e-09,1.845613861982648e-08,0.0,0.22793129945973106,-7.342703857839119,37201831370.44154,1039.79309653689
0.0,0.698420259798785,0.0031203446027226194,0.0158111070790873,0.0,8.085753740099369e-05,0.000410401534914,0.0999847392793,2.6743243772284346e-05,1.7330428155544582e-06,0.0812333466389073,0.0,0.0,0.0,0.0,3.2612950006505136e-05,0.00020667953063449495,0.003376150854372798,0.1041401456690069,5.663235200578262e-07,6.200086921819502e-05,1.0508360268344125e-05,0.0003418851844033453,1.0165234770075958e-06,0.0013639269115662954,0.00932339449346356,4.506050423696902e-07,6.729068670095871e-05,7.555981767048293e-10,6.984400130025991e-06,2.922569264067154e-05,7.834606217555426e-07,3.181920908194761e-05,1.9606145201642857e-09,1.1202116122550833e-08,0.0,0.22636293953736847,-7.39974677232821,40565400087.245926,1067.39275980386
0.0,0.7017463255281341,0.003482508531285163,0.0155370651233349,0.0,9.397741696723876e-05,0.0004350063963225,0.103130419103426,2.5580684914797403e-05,1.524431325139224e-06,0.0771733077942947,0.0,0.0,0.0,0.0,4.032810745118694e-05,0.00023887573824742973,0.003560309025657517,0.101977876054487,6.740303056147219e-07,6.47317974459972e-05,1.0625953404820259e-05,0.00029857742065956557,9.857989774988337e-07,0.0015417800417607177,0.009129005648233504,4.3664250010268696e-07,7.177936529522768e-05,8.404035903346506e-10,6.773627961684286e-06,2.6254629536587617e-05,7.266498653977772e-07,2.8252491817807017e-05,2.0291936273468214e-09,7.413219722860482e-09,0.0,0.22586839397864036,-7.442680061602183,43288298683.363686,1089.41749740895
0.0,0.7048024249765609,0.0037549323205357966,0.0153287326984724,0.0,0.00010499331157268478,0.0004521028762165,0.106015149871798,2.4876299081021556e-05,1.3909756680568568e-06,0.0741870246695863,0.0,0.0,0.0,0.0,4.665675715469778e-05,0.00026151755445723366,0.0036458930908863894,0.0992145649073666,7.439781881084834e-07,6.521452852904665e-05,1.0383489455316377e-05,0.0002630035170870354,9.394635203453601e-07,0.0016822860155436986,0.008932686370313836,4.287141124910311e-07,7.460949302896625e-05,9.05737469887059e-10,6.633508508810806e-06,2.41402161925551e-05,6.817148958499535e-07,2.559482724796587e-05,2.0762934108323395e-09,5.562279743603824e-09,0.0,0.22460425270366416,-7.4723023213549755,44875411620.76068,1105.2894150645402
0.0,0.704586237176463,0.004128740445648537,0.015208329106131,0.0,0.00012510507849874665,0.0004853523053839,0.108804667686072,2.510909327042548e-05,1.3076798153642086e-06,0.0745025437870226,0.0,0.0,0.0,0.0,5.5089190310137e-05,0.000292304232984458,0.003782670628025068,0.0964128699389281,8.497809040017178e-07,6.619241696637819e-05,1.0172076570672602e-05,0.00022677372518863065,9.048815681662395e-07,0.001942038871642238,0.009014186549696877,4.504422975332668e-07,8.125132898066702e-05,1.0297706613754331e-09,6.7939721635682325e-06,2.2815351673620577e-05,6.473949584720401e-07,2.3078896292956034e-05,2.246607811497189e-09,4.316158506911652e-09,0.0,0.2217121124495667,-7.508264557541804,48253026119.638695,1125.08867785747
0.0,0.7074446415755209,0.004618036441762513,0.0150230778240209,0.0,0.0001494247282928252,0.000526808715211,0.111559777571116,2.3906768677117574e-05,1.166922265597976e-06,0.0717835167794901,0.0,0.0,0.0,0.0,6.834945769530682e-05,0.00034030630343620673,0.0040041310134357935,0.0936621775346408,1.0187706566404312e-06,6.906166452517032e-05,1.0006724564364728e-05,0.00018961231734769977,8.767020478395347e-07,0.0022471884935396733,0.008779445990810342,4.444056866998504e-07,8.863456258294318e-05,1.149923648986068e-09,6.526188664087075e-06,2.0363649318763855e-05,6.007384763561632e-07,1.997622317956619e-05,2.372416854728645e-09,2.7482553931310723e-09,0.0,0.22042186932629956,-7.552728401051536,52787387820.778366,1153.76994293523
0.0,0.708980811512993,0.0048876691897463435,0.0146658643947419,0.0,0.00016979585242245362,0.000551246038816,0.11438297942646,2.278257422267149e-05,1.068000467937757e-06,0.0702634999082959,0.0,0.0,0.0,0.0,7.829700859388637e-05,0.00038079991614167204,0.004186452563215986,0.0911555987186934,1.1615425594494138e-06,7.263660013666264e-05,9.798386483221706e-06,0.00016464864485213855,8.605939073210675e-07,0.002505798858523056,0.008533825036738883,4.4248212161577553e-07,9.599423800739578e-05,1.2021519091474877e-09,6.060553275895226e-06,1.894747670284516e-05,5.608125302741566e-07,1.743644983848676e-05,2.4584758058186993e-09,1.8006741529348079e-09,0.0,0.21794443373155314,-7.590432969689276,55318732492.8125,1180.69282335605
0.0,0.711518531253217,0.0051646583171464375,0.0141519927946991,0.0,0.00018690495537739154,0.0005925969063996,0.1171492654788909,2.1794358705011134e-05,1.0327480305273727e-06,0.0681606731289719,0.0,0.0,0.0,0.0,8.805635982031649e-05,0.00041980294811919426,0.004382497297271295,0.0884269404378218,1.3132720549971442e-06,7.640692036291178e-05,9.974053391610963e-06,0.0001483908110450614,8.901709081137579e-07,0.0027357757695374886,0.008401954919595386,4.409159230219026e-07,0.0001025383853470856,1.2614455475597157e-09,5.86993219997327e-06,1.7827745114822924e-05,5.533561438242205e-07,1.6205359516405715e-05,2.5916674946507115e-09,1.3605114827661326e-09,0.0,0.21491096176490868,-7.625895367368549,58905174332.92787,1201.77443610187
0.0,0.7135686630874541,0.0054201221212531,0.0136805582320644,0.0,0.00020376712182189173,0.0006347105773413,0.120638660160057,2.067789414448543e-05,9.967458450206554e-07,0.0656232480703489,0.0,0.0,0.0,0.0,9.873002414463799e-05,0.0004625968993737486,0.004581869658700306,0.0858541598727341,1.482797706328076e-06,8.054141459189059e-05,1.0053835930485936e-05,0.0001328800639473558,9.161781537202451e-07,0.0029651386713736828,0.008176455198246065,4.345292475834402e-07,0.00010906893476851851,1.3048087658932065e-09,5.541532463901866e-06,1.6714058289730972e-05,5.435676425737022e-07,1.4919324677453003e-05,2.705290949321164e-09,9.906295401152053e-10,0.0,0.21245550220004614,-7.655206491180285,62527390101.45265,1225.12306215123
0.0,0.7161437131611559,0.005704696870256531,0.0132379098695138,0.0,0.00022636500736060146,0.0006857151453598,0.123861331867504,1.916183640603086e-05,9.398171810386608e-07,0.0628734130144486,0.0,0.0,0.0,0.0,0.00011323394677861592,0.0005222764576974171,0.004839910030567133,0.0831979169420179,1.718926136230307e-06,8.633496060911732e-05,9.929887938749945e-06,0.00011424769612953256,9.342837966860546e-07,0.0032730411742118346,0.007826837712611369,4.2188538971112834e-07,0.00011800888385464584,1.3350544027032401e-09,4.937752558079697e-06,1.5354424855692625e-05,5.244661718822789e-07,1.3158139078215595e-05,2.8160050340776378e-09,6.274664498733707e-10,0.0,0.21022167737870842,-7.680420974175134,67327811096.134834,1258.12205635463
0.0,0.7199883506492729,0.005945134949947676,0.0127855551627,0.0,0.0002432665722877522,0.0007349101112324,0.12785824285472,1.7390137391304745e-05,8.815662290976166e-07,0.0586146101794804,0.0,0.0,0.0,0.0,0.0001287106133610303,0.0005810282819506297,0.005045942203293606,0.0800183310425943,1.9377561275941446e-06,9.115245980632863e-05,9.615296232061962e-06,9.701944922306717e-05,9.384225470868789e-07,0.0035074596673676365,0.007329251788179811,3.9423310657124627e-07,0.00012412361731163488,1.3285078135048126e-09,4.24356192272552e-06,1.3798672177614787e-05,5.034024835374862e-07,1.1571167541244805e-05,2.8482793350387903e-09,3.9152501302953766e-10,0.0,0.20845647155337957,-7.695313142717175,71388084146.3914,1290.68478113147
0.0,0.7210392964132242,0.006172245489680316,0.0124629319962713,0.0,0.00026358745000736153,0.0007899419699961,0.130775865653887,1.6886621700564057e-05,8.800302802812186e-07,0.0575228171814659,0.0,0.0,0.0,0.0,0.00013998802813645686,0.0006222755145541837,0.005184024176163522,0.0774091467851558,2.10272124311809e-06,9.351196615775645e-05,9.436219896346802e-06,8.621907115591396e-05,9.495680491795756e-07,0.0037803608559129585,0.007204211729248842,3.9772969641852735e-07,0.000130980346280069,1.3804856221050814e-09,4.045324783654374e-06,1.3168461818405356e-05,5.014568560898598e-07,1.0826170188632104e-05,2.9993107324464774e-09,3.172462081428767e-10,0.0,0.20571622403460194,-7.701841612745381,75802547184.95963,1311.5849014234
0.0,0.7227703381709941,0.00646718746616162,0.0122513326473059,0.0,0.0002837805133153348,0.0008468191182398,0.133703105276976,1.6549290505853955e-05,8.853132070893539e-07,0.0560195179504409,0.0,0.0,0.0,0.0,0.00015204950368267835,0.0006532066105500883,0.005230655574664016,0.0744088868360436,2.208959642288813e-06,9.245095967074853e-05,9.10321384811498e-06,7.622248382667344e-05,9.339562151314547e-07,0.0040197492885531904,0.0070712703121404335,3.9940215465065876e-07,0.0001348548561436169,1.4580127603258772e-09,4.003087587608517e-06,1.2399805496793006e-05,4.970637656223354e-07,1.0287816868801317e-05,3.138696769843869e-09,2.8070983926717047e-10,0.0,0.2033713387991672,-7.705884213156671,79892290070.35155,1326.02470131229
0.0,0.7243597527694801,0.0067478696734106225,0.0120453065024165,0.0,0.0003073481825718896,0.0009080876690063,0.137074231936444,1.5923144501526687e-05,8.727852949095109e-07,0.0542988010763181,0.0,0.0,0.0,0.0,0.00016676258793048442,0.0006948713338246061,0.005299683682553404,0.071313820046335,2.346577949812507e-06,9.237565468749527e-05,8.59762172875467e-06,6.519513832002038e-05,9.086033840547316e-07,0.0043032229863897535,0.0068219504639555825,3.950602426950848e-07,0.0001399327517402621,1.5122504828175353e-09,3.730529634860524e-06,1.1521289790762501e-05,4.848078254812868e-07,9.423704392532114e-06,3.2471661881370625e-09,2.2209937941016585e-10,0.0,0.20113942914472688,-7.723866626918709,84419551258.74785,1348.1151073739
0.0,0.725082762614192,0.0069162210806934885,0.0117914010759921,0.0,0.00033135028343791713,0.0009615871220204,0.139045072787893,1.5731748470208164e-05,8.760130164588527e-07,0.0542960740266023,0.0,0.0,0.0,0.0,0.00017602825659114403,0.0007258729880004925,0.00535945224865059,0.0688231023732992,2.454753812482937e-06,9.275729455803507e-05,8.264096716436259e-06,5.7935094557809154e-05,8.995363018777971e-07,0.004605321416078755,0.006748414725743644,4.0576669764788936e-07,0.0001464973893016817,1.5647388452035498e-09,3.5759207796242214e-06,1.1158992827226526e-05,4.812027640792655e-07,8.839980552783973e-06,3.405912107397691e-09,1.9185212344802667e-10,0.0,0.1981181852692434,-7.736577409090316,88092153928.89084,1366.0096129700698
0.0,0.7277393367102621,0.00714725367433462,0.0114955140025074,0.0,0.0003518637793151615,0.0010309754098387,0.141970205343899,1.4821752362723543e-05,8.627375127108646e-07,0.0518740987944046,0.0,0.0,0.0,0.0,0.0001918948973289182,0.0007727045330918934,0.005444148040714822,0.0658898697390879,2.610707318155691e-06,9.371191692507502e-05,7.86215578045953e-06,4.969914358624904e-05,8.889952295339658e-07,0.00486708552699056,0.006452423488091365,3.9277630420995177e-07,0.00015132093841831507,1.591086285282972e-09,3.223713848506096e-06,1.028891683883737e-05,4.709760949915167e-07,8.098148673867875e-06,3.479951663094983e-09,1.469681812015767e-10,0.0,0.19603833464330292,-7.752754530357604,92769048340.57535,1390.42100173461
0.0,0.725412710386534,0.007224663468986997,0.0113428361331909,0.0,0.0003796921548314724,0.0010678157052601,0.141888413764371,1.5920953967963516e-05,9.139835612923476e-07,0.0555044781328054,0.0,0.0,0.0,0.0,0.00018935241447676302,0.0007700686963700303,0.005438066785395102,0.0647837458778378,2.6236540257227143e-06,9.229423754924801e-05,7.857322557816213e-06,4.857083062096316e-05,8.956714544352594e-07,0.005206924218663809,0.006798557461993151,4.434444001456463e-07,0.00015907314452297068,1.7067892676083054e-09,3.5545364413103973e-06,1.0869385054907805e-05,4.863742583482709e-07,8.215938947367411e-06,3.802613071139837e-09,1.7143130241166415e-10,0.0,0.19227015874980807,-7.7590446351751075,95050019860.3927,1390.73480848529
0.0,0.7268051872197699,0.007373334798406026,0.0108416226554165,0.0,0.00040972468940024255,0.001152108224302,0.144131187836791,1.5665203269267324e-05,9.427158644254039e-07,0.0552618462117629,0.0,0.0,0.0,0.0,0.0001980791512905109,0.0008042953847335301,0.005516165028108997,0.0618080478519573,2.754911777272784e-06,9.33160754052601e-05,7.695489727967031e-06,4.313496075128279e-05,9.135539544628051e-07,0.005612825580529775,0.006793230661499405,4.621679334443424e-07,0.0001680987133990062,1.7750471153877838e-09,3.4577869747032632e-06,1.057196052375878e-05,4.92869172989778e-07,7.82563017665068e-06,4.0791363301055975e-09,1.5319399814547867e-10,0.0,0.1878914908110985,-7.774305678904662,99638822291.90211,1409.84376555767
0.0,0.7291144618377121,0.007351332671008144,0.0102752299283248,0.0,0.00042229858683212514,0.0012062740736731,0.145178073981588,1.5392744249083285e-05,9.77987538251306e-07,0.0546110016544397,0.0,0.0,0.0,0.0,0.00019935273411158006,0.0008194956045247552,0.005568005429649733,0.059614958524262,2.8265117673217653e-06,9.497540219132925e-05,7.804541455432318e-06,4.1056371145938115e-05,9.549922540394222e-07,0.005831773516837435,0.006848434259933087,4.7592287473539304e-07,0.00017415395553488076,1.7950095445046813e-09,3.4451116990089117e-06,1.0493371881799717e-05,5.055995966615148e-07,7.758534433199377e-06,4.3031641249331914e-09,1.472675101016065e-10,0.0,0.18408155620922076,-7.782680961723233,101066023704.8797,1419.94040250055
0.0,0.7322143190127101,0.007370723661124823,0.0097240517309412,0.0,0.00043500609989642364,0.001273675050825,0.146701072663879,1.4830335020720728e-05,1.0073960848844524e-06,0.0529368665017773,0.0,0.0,0.0,0.0,0.00020409620942777354,0.0008424682705950968,0.005622601915244534,0.0571500150398669,2.9202349336291972e-06,9.65428533489403e-05,7.828612889908203e-06,3.8115119254959976e-05,9.920368702140223e-07,0.006053860851053894,0.006800374148570167,4.793269010166503e-07,0.00017967539886205855,1.8115080995067182e-09,3.342768959640179e-06,1.0171600944925232e-05,5.14055191690127e-07,7.579111584959767e-06,4.501117550257433e-09,1.3415528077004168e-10,0.0,0.1807351578304249,-7.793046778901701,103131280077.22182,1433.71520329077
0.0,0.7322769276990101,0.007306756647824644,0.0093014853195913,0.0,0.00046158536846494934,0.00134320316316,0.148423374597558,1.468756400573756e-05,1.0157640934923959e-06,0.0536272596782175,0.0,0.0,0.0,0.0,0.00020702476560091628,0.0008740494301902476,0.005707033338263168,0.0550277495424634,3.058241572940153e-06,9.95309576387716e-05,7.633414278527342e-06,3.4256873224364106e-05,1.018102484679849e-06,0.006476453958758033,0.006785745808979202,5.043443857300657e-07,0.00019082487271794858,1.8258178275027577e-09,3.0667740881429928e-06,1.021109412643303e-05,5.244406400734089e-07,7.111369528774774e-06,4.740726143704185e-09,1.1483863910444738e-10,0.0,0.17680869470732427,-7.798770195451588,106119173514.16139,1457.02508917829
0.0,0.734626648032511,0.007287299181965669,0.0089215506565084,0.0,0.0004758574190758303,0.0013986711863164,0.1504096345242259,1.4113400206534615e-05,1.0095753535946382e-06,0.0521118409781667,0.0,0.0,0.0,0.0,0.00021199027366730354,0.0008944560375814789,0.005696687678695602,0.0525316546222709,3.10446117172922e-06,9.95997618382458e-05,7.321235605538573e-06,3.0543068675808505e-05,1.0142315290216807e-06,0.0067003058248181315,0.006604038128591592,5.025620948384364e-07,0.0001949888659059396,1.8163920059093278e-09,2.814740825460997e-06,9.791242274146486e-06,5.213279475617234e-07,6.681928980858811e-06,4.822874730737572e-09,9.796943369760034e-11,0.0,0.1741110811493957,-7.805466807561642,106957566828.62782,1475.1754782484695
0.0,0.737100157970652,0.0072580765854169645,0.0086247282583594,0.0,0.0004906621834930988,0.0014210866122009,0.1518527116499989,1.3887461682034365e-05,1.0019102505606803e-06,0.0513071557129156,0.0,0.0,0.0,0.0,0.00021217163386051305,0.0008855737088543917,0.005538703593272784,0.0496941597958729,2.993032380551042e-06,9.514649068576872e-05,6.8258748491488845e-06,2.723915917844263e-05,9.634980683108327e-07,0.006855463843386941,0.006441479220258095,5.085502628774071e-07,0.0001947409143808227,1.8127221661972756e-09,2.7138930251500197e-06,9.38910011907437e-06,5.088510896545235e-07,6.316474841927098e-06,4.8856333074496966e-09,9.167790327491292e-11,0.0,0.17109995919606805,-7.809882045586516,104389006901.27637,1484.24676003629
0.0,0.7367912226475408,0.00738239656090115,0.0084677858910092,0.0,0.0005366206039670919,0.001479766672493,0.153085916750232,1.4403964075562958e-05,1.0179557991883156e-06,0.0532257257289578,0.0,0.0,0.0,0.0,0.00021358853738666836,0.000881036364464242,0.005390187431884917,0.0469495823097669,2.9213614387600327e-06,8.935171849520572e-05,6.24631096044699e-06,2.3604172594984928e-05,8.988588638561637e-07,0.007357914457569536,0.006441396057504479,5.546416341001563e-07,0.0002000248489541146,1.9139891091398123e-09,2.755580440111505e-06,9.25974116404706e-06,5.025455122124039e-07,5.939365211349399e-06,5.187364830554862e-09,9.304575846683446e-11,0.0,0.167076159738554,-7.818962438227366,105244062127.32549,1495.0354348751596
0.0,0.739863299112923,0.007563800624457694,0.0082799786681257,0.0,0.0005661946151181557,0.0015583255210787,0.155030333837977,1.3734328831989061e-05,9.95524887376291e-07,0.0512078729730585,0.0,0.0,0.0,0.0,0.00022552534494981057,0.0009011050133959521,0.005286161307121724,0.044060189886837,2.9087917679865396e-06,8.522450178627868e-05,5.656027060639025e-06,1.9583898494292794e-05,8.404142673649329e-07,0.007664547250549903,0.006109511020189278,5.438035467894504e-07,0.00020066027541603226,1.952262376143356e-09,2.5124077810040463e-06,8.463088962366125e-06,4.815847135852929e-07,5.391402913879302e-06,5.2081668617742556e-09,7.774165383810344e-11,0.0,0.16518107168191534,-7.831149506011872,107021581236.75455,1515.46674749639
0.0,0.7420963476041541,0.007380678711363709,0.0079014598556476,0.0,0.0005784245219698965,0.0015863022637334,0.156653926048176,1.3231141677689997e-05,9.579795070940885e-07,0.0503210179476497,0.0,0.0,0.0,0.0,0.0002236867849363065,0.0009005598057860875,0.005169094090312331,0.0414409462806387,2.8273738712806686e-06,8.340485212425793e-05,5.222859672302094e-06,1.6943041117136748e-05,8.103723341341615e-07,0.007859512015278076,0.005881897246694286,5.458717934184713e-07,0.0002024707492390667,1.887105371491805e-09,2.2185167781552447e-06,8.132817079087449e-06,4.734600481176489e-07,4.923770868931458e-06,5.172698294892068e-09,6.530053360977825e-11,0.0,0.16203296189850327,-7.831992443689526,103869970039.84528,1534.9360041880802
0.0,0.744767042878915,0.007257314041311829,0.0073964814258113,0.0,0.0005929166353150708,0.0016446802928366,0.1581836794668509,1.2853219007103006e-05,9.755845887835883e-07,0.049162606562117,0.0,0.0,0.0,0.0,0.00022017744421409292,0.0008934031848977435,0.005065883469277987,0.0388455093734684,2.7559041538070673e-06,8.138216269740033e-05,5.017428953910845e-06,1.526968855613082e-05,8.060110554306346e-07,0.008098346014643218,0.005817988686772314,5.602597607853256e-07,0.00020516710183857408,1.8775757345550887e-09,2.157223380873299e-06,7.878580790580352e-06,4.7376434478736277e-07,4.736118260587263e-06,5.3593575847189094e-09,6.232262842568161e-11,0.0,0.15843098503440614,-7.8370385588173,101625587553.44154,1546.2959517877405
0.0,0.7463953966245308,0.007074405425732486,0.0069052676891747,0.0,0.0006071169727977461,0.0017034668457218,0.159904324342858,1.2600085394298183e-05,9.941090671138536e-07,0.0485486879355139,0.0,0.0,0.0,0.0,0.00021432231967666773,0.0008859845406560829,0.0049814939712539315,0.0365428565622012,2.701642682357193e-06,8.027819169024388e-05,4.853764208785652e-06,1.3892262893027348e-05,8.1171016389019e-07,0.008373517655961862,0.005795202158427423,5.842052503886701e-07,0.00020945710679985818,1.861713456692708e-09,2.086188717162908e-06,7.7784903733789e-06,4.804653266972465e-07,4.566579180778971e-06,5.574769605320033e-09,5.986587374557482e-11,0.0,0.1547804096335052,-7.8398513164510355,99329958767.76816,1558.8338991920002
0.0,0.748253017806668,0.006973777871044005,0.0065027221734887,0.0,0.0006308688977880328,0.00179142798814,0.161265084228611,1.2243424395475368e-05,9.96667233372471e-07,0.0478551938313808,0.0,0.0,0.0,0.0,0.00021338552018107082,0.0008928942051292213,0.004923474416201469,0.0343325539717126,2.6958015510964774e-06,7.936060474339102e-05,4.616207462762578e-06,1.2175057545652113e-05,8.108878174993902e-07,0.00876891339276516,0.0057120841962650555,6.054078741462027e-07,0.00021520881692168797,1.871832623671364e-09,1.9498081821108336e-06,7.576223270555522e-06,4.848589404655761e-07,4.296257447393148e-06,5.7614383223269905e-09,5.4410707871987064e-11,0.0,0.15160757827072902,-7.8454436927927205,99147797288.59486,1578.26491711874
0.0,0.7510847015932409,0.006746497708368931,0.0061007538388208,0.0,0.0006341449557092839,0.0018336005847938,0.162846269231973,1.1620586939646219e-05,9.652310565298325e-07,0.046141130236565,0.0,0.0,0.0,0.0,0.0002093656965505716,0.0008849270879013214,0.004790465705582532,0.0319935445146058,2.5984993315767176e-06,7.749720998402648e-05,4.297402704943031e-06,1.0578777576690495e-05,7.9222683611368e-07,0.008905518741032493,0.005499388345924645,6.040357840634796e-07,0.0002154348052148358,1.8046724397359388e-09,1.7405353494947264e-06,7.243864597987727e-06,4.799390387328869e-07,3.974205897571655e-06,5.71037354091024e-09,4.692002123673046e-11,0.0,0.14901282008607564,-7.8457572912084625,95181129878.33202,1596.8430282432098
0.0,0.750504176781397,0.006701968882440513,0.0058195092062282,0.0,0.0006832821918491514,0.0019025620492132,0.163339033099232,1.2181250640758466e-05,1.004762581889794e-06,0.0484408133033238,0.0,0.0,0.0,0.0,0.00020010181274163544,0.0008594990874595686,0.004635607653051927,0.0299939055606062,2.4925158930128607e-06,7.286546725684297e-05,4.018002749001928e-06,9.483521725151504e-06,7.579090226817345e-07,0.00952536415719976,0.005610132724901566,6.816242291007674e-07,0.00022115555947830408,1.876518484816671e-09,1.8402928998886106e-06,7.339234017065742e-06,4.864035119271389e-07,3.841066925273594e-06,6.184466772080463e-09,5.207387643327046e-11,0.0,0.1447145870095789,-7.850615937859077,93722386539.95676,1603.08136176242
0.0,0.7508458269678159,0.006752105074387437,0.0056014982860334,0.0,0.0007303236139908745,0.0019592867121812,0.163783575938704,1.263333038221656e-05,1.0587469682164955e-06,0.0498026603964447,0.0,0.0,0.0,0.0,0.00019272970358858262,0.0008249444083827068,0.004428413358977721,0.0280071516988209,2.339766501149917e-06,6.63581133494311e-05,3.7108030090534862e-06,8.530766238091658e-06,7.025909697277321e-07,0.010021304381647817,0.0056505948903292046,7.475960845886364e-07,0.00022133601147741527,1.9587490897930952e-09,2.016940872870983e-06,7.196701202034691e-06,4.777377527299267e-07,3.7481001279743347e-06,6.659856422545589e-09,5.950000498390969e-11,0.0,0.1412757217082536,-7.857326227056995,91483161719.88332,1602.25249033903
0.0,0.7506265184975369,0.006735329924535782,0.0053882131308113,0.0,0.000780137352233633,0.0020129972033496,0.163796645158044,1.3161135050915151e-05,1.0970052378283257e-06,0.0518748692164459,0.0,0.0,0.0,0.0,0.0001836929426338444,0.0007946310378599408,0.004256274920253925,0.0263007567938122,2.218093319654476e-06,6.141955749864186e-05,3.4361911238417304e-06,7.670101580559962e-06,6.590131955759641e-07,0.010600939512130826,0.0057099294543613436,8.287042632218841e-07,0.00022369372062495873,2.0282339562783486e-09,2.1467775609174238e-06,7.176734696125854e-06,4.755475054231634e-07,3.6208365139628146e-06,7.1349034761474245e-09,6.617727097832614e-11,0.0,0.1376561517116169,-7.8617664985552915,89427966257.03133,1605.1519349739
0.0,0.7514826295088559,0.006572372259380247,0.0049942538173986,0.0,0.0008453384826400238,0.0020657038553922,0.163931714242403,1.3661478990796398e-05,1.1243422358415772e-06,0.0541792725870741,0.0,0.0,0.0,0.0,0.00016649324750423697,0.0007352986707376001,0.003923427211863604,0.0233464259888758,1.9666599679136723e-06,5.334657056673626e-05,2.943078800590518e-06,6.269946662891119e-06,5.799661541728964e-07,0.011365466643701987,0.005658404154664134,9.483227393842216e-07,0.00022257114083355087,2.057038506097658e-09,2.247963220422264e-06,6.967348656043373e-06,4.627894904142445e-07,3.330313848005891e-06,7.708453082358581e-09,7.339657048405278e-11,0.0,0.13211272219821152,-7.864499874428741,82990608183.36612,1611.78913725672
0.0,0.7533798002400529,0.006269289363775633,0.0039718215820638,0.0,0.001025249395836446,0.0022479691834273,0.160136713345054,1.579262717999706e-05,1.4713535636490324e-06,0.0617769175931879,0.0,0.0,0.0,0.0,0.0001212138520102887,0.0005894877124403797,0.0033371079144047496,0.0184867780562142,1.5525633157759076e-06,3.9255113486263826e-05,2.432725679637417e-06,4.99462922635142e-06,4.902505332368812e-07,0.01366152090242637,0.00628292944625392,1.429425294304115e-06,0.0002265017124232205,2.3248298829898845e-09,3.6069814367691914e-06,7.022311835514839e-06,4.571681225777671e-07,3.3431809650915934e-06,1.0912478293648246e-08,1.4861041143698564e-10,0.0,0.11875169091971643,-7.874379816419195,72701039005.28159,1589.4906906174
0.0,0.755851231893367,0.0058045113246567035,0.0033565051152213,0.0,0.0010902375365033148,0.002291612470263,0.158600013487468,1.6611214641480744e-05,1.656612525698417e-06,0.0643495673408663,0.0,0.0,0.0,0.0,9.50168197441561e-05,0.0004975995976068813,0.002929360996371129,0.0155510696928144,1.2951875122051043e-06,3.180971976200938e-05,2.068647609989963e-06,4.174258010043941e-06,4.3184222012385865e-07,0.014657496730105996,0.006357967602904344,1.763025612931263e-06,0.00021963982241780336,2.3300616909502064e-09,4.342554343057728e-06,6.8868986572960115e-06,4.4755458584859203e-07,3.216691848160529e-06,1.2786132236005582e-08,2.0485621314349517e-10,0.0,0.11201260519727008,-7.86829182707899,62480710391.65194,1581.64122615919
0.0,0.7581838773268771,0.005496980104763143,0.0029910360596156,0.0,0.001152247336952405,0.0022884327713365,0.156538862172392,1.726405345843624e-05,1.757556497342945e-06,0.06661724267689,0.0,0.0,0.0,0.0,7.693277736381602e-05,0.0004242626780580084,0.0025696803624432898,0.0133805489928895,1.0842324597268468e-06,2.5382407718380517e-05,1.7030482290659212e-06,3.410431613608901e-06,3.6124221037334173e-07,0.015475670418340961,0.006219437760859289,2.061005391917806e-06,0.00020842948384157395,2.3339587921592084e-09,4.935383071963218e-06,6.531639083646565e-06,4.2076329441409334e-07,2.986775129950691e-06,1.4195278183246876e-08,2.569415602664575e-10,0.0,0.10724730259777857,-7.862878865268292,54227328965.04908,1575.20799952191
0.0,0.7590643090795259,0.005462534625347731,0.0027745712281294,0.0,0.0012930516427749222,0.002282385779417,0.154233777129408,1.858647952976728e-05,1.8619622102506083e-06,0.0705241899628342,0.0,0.0,0.0,0.0,5.969480863705092e-05,0.00034035636373788144,0.002115321237940396,0.0111207668206854,8.568096605366875e-07,1.7154248768928412e-05,1.2173514208397929e-06,2.4281789877738277e-06,2.524020465969866e-07,0.016965407096174053,0.0058153879221961345,2.5115857021858384e-06,0.00018833805551434954,2.537378181611865e-09,6.081037114922383e-06,5.729132026214461e-06,3.598699198661714e-07,2.5973959990275285e-06,1.622066351216898e-08,3.530322103467655e-10,0.0,0.10202231080847865,-7.867278142610825,46413823895.98145,1563.13609443858
0.0,0.7586274545035219,0.005049891457858724,0.0024726144412546,0.0,0.0013576562359360071,0.0022370496736786,0.15177916934464,1.9708415360328646e-05,1.9474306235694666e-06,0.0752136648711078,0.0,0.0,0.0,0.0,4.4765211510020594e-05,0.0002797185092690889,0.0018350197770887421,0.0096700471657968,7.202718765837394e-07,1.344473706480378e-05,9.868663746060155e-07,1.9955436057529016e-06,2.079771844387465e-07,0.018031622378160434,0.0057135445330550524,3.045254013012405e-06,0.00017843427031432414,2.522356156303563e-09,6.969159591086178e-06,5.560878635466032e-06,3.3946121665960643e-07,2.3902653589022503e-06,1.8162997249074764e-08,4.599799224753267e-10,0.0,0.09672758697596574,-7.853995890251319,39563391741.4023,1554.28612889782
0.0,0.7582940154651371,0.004480756729425536,0.0020617641401406,0.0,0.0013689361354772567,0.0022144683693743,0.1487132628962559,2.0946489365823037e-05,2.2348684883644694e-06,0.0800848089354359,0.0,0.0,0.0,0.0,3.2478676537596076e-05,0.00022996158253407205,0.0016476483304383378,0.0086316801936569,6.303948448890997e-07,1.1537933863721123e-05,9.178214412030883e-07,1.9146461617689504e-06,2.0148059875945067e-07,0.018751477180949015,0.0060172015058894265,3.7652800476081636e-06,0.00017447324712114605,2.452436625744943e-09,8.821259810898662e-06,5.834983664043198e-06,3.468796432210086e-07,2.45222169937837e-06,2.129116101412498e-08,6.943807534856221e-10,0.0,0.09121993451562799,-7.831873474226411,34175912348.923645,1533.92839612794
0.0,0.759732624691028,0.004043193981089576,0.001713006424122,0.0,0.0014195377987039827,0.0022112689081039,0.145744229889781,2.1665206638164953e-05,2.500308395903663e-06,0.0834008003030845,0.0,0.0,0.0,0.0,2.268288388964772e-05,0.00017920171840412843,0.0013812195669646431,0.0071980697838804,5.196419654248426e-07,8.554417371029378e-06,7.23202111128461e-07,1.5236939070968347e-06,1.6482933789194465e-07,0.019809633884811856,0.005857064177860137,4.61745160501904e-06,0.00016050966995322035,2.4227425606019014e-09,1.0852849755957772e-05,5.469966223921787e-06,3.2166363880829553e-07,2.273979576854682e-06,2.472785498560841e-08,9.922073100571338e-10,0.0,0.08651497908636797,-7.813796240297593,28348771480.367973,1519.6358525020098
0.0,0.7587845460935579,0.004104591999420372,0.0016019957841549,0.0,0.001584649013818814,0.0022090162586175,0.141790632758601,2.4041731075973396e-05,2.8638486910397357e-06,0.0893046819689535,0.0,0.0,0.0,0.0,1.627016039032904e-05,0.0001366686211593532,0.0011324777768015506,0.0063091271361146,4.423852058329584e-07,5.503132768403844e-06,5.400745024183892e-07,1.1714390516270454e-06,1.1736817517405231e-07,0.021858841973692762,0.0056160267481735575,5.800614602648547e-06,0.00014345769722281282,2.9087767325753136e-09,1.620053698163025e-05,4.844440092835972e-06,2.737169549221251e-07,2.1230231656223807e-06,3.0062867960101486e-08,1.733707196189948e-09,0.0,0.08162040587447479,-7.821144600324432,25462841222.276764,1488.6614821462
0.0,0.7593178182589879,0.003906861571267094,0.0014743410621398,0.0,0.0015923967503209163,0.0021715685981036,0.13975701879709,2.4839047840376846e-05,3.0658239757750184e-06,0.0914230823175293,0.0,0.0,0.0,0.0,1.3396568883477747e-05,0.00011858616519183858,0.0010306351794341028,0.0058561709661489,4.0089803411646397e-07,4.66939824753622e-06,4.879048858309609e-07,1.0814700390068415e-06,1.0670552903780365e-07,0.0221193855650546,0.005571818746641649,6.405409056258566e-06,0.0001360875419852264,2.9337697056612495e-09,1.8919232173270575e-05,4.739400407213944e-06,2.635563596504895e-07,2.0956805137513293e-06,3.2361340174717457e-08,2.232896576218443e-09,0.0,0.07952542071189489,-7.810685967617384,23224599226.3333,1473.36883939932
0.0,0.7592348799490709,0.0038106672772747724,0.0014111434823555,0.0,0.0016132558209495198,0.002149318525071,0.137863350095072,2.5568329716174732e-05,3.1940300945906966e-06,0.0937193825906463,0.0,0.0,0.0,0.0,1.1779815306513046e-05,0.00010810510933480499,0.0009706460755833242,0.0056219253577838,3.797846027946018e-07,4.173441673514877e-06,4.5512805741691445e-07,1.024339038689364e-06,9.943872794202868e-08,0.022486390214992047,0.005559033996955827,6.8968835691958035e-06,0.00013207477803926733,2.9962194650891256e-09,2.1160071368755524e-05,4.677086719568056e-06,2.5647424035021127e-07,2.0754364768811042e-06,3.415138181198448e-08,2.668832240164134e-09,0.0,0.07774879056600403,-7.805605437949458,22117772193.26109,1463.27317892887
0.0,0.7592719644300109,0.0035369073392429377,0.0013080688791808,0.0,0.0015277924778813179,0.0020639205222987,0.134931959772366,2.6780135883504333e-05,3.4461579343904617e-06,0.0967606696130251,0.0,0.0,0.0,0.0,1.053548553039595e-05,0.0001012150101940238,0.0009592324408252086,0.0056634167831184,3.6240632491379485e-07,4.288951712466772e-06,5.061258179364487e-07,1.186804446881492e-06,1.123985771263025e-07,0.021531562600597135,0.005978700575637625,7.310633270700484e-06,0.00013259624941170062,2.8669061483493727e-09,2.456140462736609e-05,5.193957403786623e-06,2.764759214093687e-07,2.3033707375032975e-06,3.5347603996758404e-08,3.4988214153907497e-09,0.0,0.07593081575842209,-7.786292451688254,21017769497.981808,1441.21092479288
0.0,0.759428544860843,0.0031830555717617917,0.0011403527356116,0.0,0.001463289286484775,0.0019571184388123,0.130194943821468,2.8927646784352848e-05,3.926717454676927e-06,0.10202522919618,0.0,0.0,0.0,0.0,7.871408991243736e-06,8.198801182368777e-05,0.0008509248970599266,0.0052538109470841,3.093628092418682e-07,3.6069588353446783e-06,4.870466497066998e-07,1.2047872282720235e-06,1.1026753547179084e-07,0.0208268759236736,0.0062417150642655,8.439457754583553e-06,0.0001238478730175002,2.804794514911659e-09,3.3006883918495766e-05,5.477553340539986e-06,2.8015175753528453e-07,2.456798866617108e-06,3.8569002451937235e-08,5.862739597787365e-09,0.0,0.07226264859120941,-7.760127714753662,18369485144.881348,1405.51853664857
0.0,0.759008185412453,0.0027919506165892363,0.0009779589586969,0.0,0.001407578841961133,0.0018650575610944,0.126425586660348,3.0273199078879476e-05,4.294466912157628e-06,0.107056710588838,0.0,0.0,0.0,0.0,5.716648782270187e-06,6.55407514929742e-05,0.0007363862511448498,0.0046665008185692,2.5857366101043927e-07,2.9476895450266716e-06,4.2747370518116346e-07,1.0980277429537355e-06,1.0071998618457375e-07,0.02030332978391175,0.006238283029409461,9.731484503586027e-06,0.00011393909690698001,2.605532336468182e-09,3.9689771615098184e-05,5.537082065968872e-06,2.7449384471801796e-07,2.422423100043617e-06,4.1247313711795094e-08,8.546176556626527e-09,0.0,0.06860045035543788,-7.726993444330334,15537866121.921453,1383.16208468482
0.0,0.7595627543903699,0.0025043901307106277,0.0008814021250822,0.0,0.0013417644425042744,0.0017353609046874,0.1230651381053309,3.1916829351794255e-05,4.5754604309250314e-06,0.11060531407313,0.0,0.0,0.0,0.0,4.2138289814708175e-06,5.169177919443955e-05,0.0006233695463627302,0.0041500304014002,2.090046382958452e-07,2.286431881063696e-06,3.6290407466995754e-07,9.768483284131715e-07,8.662791181584318e-08,0.019407327008989013,0.006060198433857347,1.0867757562110463e-05,0.00010149433836597628,2.4664754894182624e-09,4.78664505493212e-05,5.443065646796483e-06,2.5902969810371275e-07,2.353711461586357e-06,4.2696849214919724e-08,1.2541796730957711e-08,0.0,0.06620678597214368,-7.697085882774898,13034627927.841724,1356.66943701491
0.0,0.7600986396623259,0.002345685252642451,0.0008101551569305,0.0,0.0013677452416565694,0.0016723184336386,0.120029230665523,3.2879607698561816e-05,4.7516634717644615e-06,0.113864749145893,0.0,0.0,0.0,0.0,2.9993845576886084e-06,3.9425549629333436e-05,0.0005028348106791717,0.0035249069356888,1.6947189085422706e-07,1.5427583758636949e-06,2.5793082612612486e-07,7.132180588850276e-07,6.151381036097467e-08,0.019767015741829846,0.005490392127611338,1.234442760271479e-05,8.77648119179837e-05,2.483807096943971e-09,5.628842336505645e-05,4.73889218592701e-06,2.2084073233272473e-07,2.049438746603793e-06,4.558946330578148e-08,1.6924293510887413e-08,0.0,0.06370924126304464,-7.680497946024608,11102640146.939093,1341.11949012256
0.0,0.7603159688606099,0.0019773900337257833,0.000668544522636,0.0,0.0012403637765782975,0.0015682402377743,0.11603924435442,3.479351976106986e-05,5.485229552846968e-06,0.118457269585703,0.0,0.0,0.0,0.0,2.068109127262316e-06,2.9539095793659476e-05,0.00041034908564322516,0.0029507324388569,1.2703978208979315e-07,1.1814565842607242e-06,2.1833657248362393e-07,6.295299252380359e-07,5.567189383738602e-08,0.018022433568648737,0.005432898430863014,1.4120854142100205e-05,7.501978019871914e-05,2.1882020773232763e-09,7.168570567181662e-05,4.781037778950991e-06,2.1778598719066116e-07,2.0437028270949242e-06,4.683044842771008e-08,2.9280485743980673e-08,0.0,0.060718404781412307,-7.633758694335631,8967968634.950354,1306.66420462851
0.0,0.760462920253256,0.0016425358592172135,0.0005441486459206,0.0,0.0011173451210669005,0.0014869988878402,0.112370479519353,3.574810773297879e-05,6.195297018858931e-06,0.1226676256574859,0.0,0.0,0.0,0.0,1.4911603400846842e-06,2.3131883886756873e-05,0.0003443241642979974,0.0024678270361434,9.755909842288789e-08,9.725634904063456e-07,1.889990795884156e-07,5.583297146971471e-07,5.252462264564127e-08,0.01637029554513883,0.005396346629825889,1.5835807885867593e-05,6.517536914727252e-05,1.840588509923441e-09,8.335589652153651e-05,4.85321969358776e-06,2.1877752802720224e-07,2.0102134368438835e-06,4.698729571743514e-08,4.47179191020302e-08,0.0,0.05803062997556308,-7.583065294773548,7295946957.219441,1281.98989393712
0.0,0.759531714684425,0.0014407092007214344,0.0005012604775987,0.0,0.0009538802417116986,0.0013883226534272,0.1076113647968909,3.954187208687899e-05,7.255236493090965e-06,0.12859342584208,0.0,0.0,0.0,0.0,1.313624840153019e-06,2.0699700462208543e-05,0.00032746428433823326,0.0023739115455786,8.113375982401754e-08,1.0099481818091452e-06,2.2247107217272127e-07,6.846647801007059e-07,6.626180024278368e-08,0.013935269159243164,0.0060594358976992614,1.698040039285974e-05,6.065490755697903e-05,1.6299950753996093e-09,0.00010363484726655175,5.908480170452558e-06,2.6050117024232463e-07,2.414426082019626e-06,4.439686974407146e-08,8.327065149497851e-08,0.0,0.05514600385885939,-7.531762994921739,6629896725.402853,1241.3565005282
0.0,0.7595399612551891,0.0012065616171750813,0.0004369963082979,0.0,0.0007818363465748371,0.0013052826812451,0.103390762232959,4.195934285262909e-05,8.51381390709368e-06,0.133075370173992,0.0,0.0,0.0,0.0,1.1936260665919195e-06,1.9230645173811044e-05,0.0003210203705779642,0.0022516273483166,6.750020211654438e-08,1.1669059004942143e-06,2.7881278396666066e-07,8.735403822323254e-07,9.288012830891306e-08,0.011497929455281506,0.006951942396294736,1.784856092697915e-05,5.6932706628935015e-05,1.3178922724392542e-09,0.00011687222276187134,7.4152275005765075e-06,3.2723765936599567e-07,2.9289029919742247e-06,4.041523923298057e-08,1.4317391308949095e-07,0.0,0.052855431680179484,-7.450105130996235,5854044692.625688,1207.30675697137
0.0,0.7598893140360642,0.001350917977553358,0.0004345484225788,0.0,0.0009653822423137888,0.0014300018985559,0.108707755457606,3.761965955507663e-05,7.4708273753472755e-06,0.127430205588768,0.0,0.0,0.0,0.0,1.158828762946763e-06,1.908851037437496e-05,0.00030289917441379404,0.002108174596427,7.648466881568209e-08,9.025463534309153e-07,1.8807739711041785e-07,5.630907214921318e-07,5.8868772556436586e-08,0.014248402761632143,0.00571651692441931,1.7812131270005592e-05,5.735380200507421e-05,1.5228407654084044e-09,0.00010046681174232986,5.3976611139836525e-06,2.4537385582793795e-07,2.17563177448781e-06,4.602472682038978e-08,7.809490455589673e-08,0.0,0.05524375588073845,-7.509986694442488,6131673993.636118,1251.10599728333
0.0,0.761039840432563,0.0015242304685595095,0.0004472352706614,0.0,0.001179626169374981,0.0015716134349334,0.1154851976379059,3.275283074851319e-05,6.384589533287454e-06,0.11958478029641,0.0,0.0,0.0,0.0,1.1030544217475123e-06,1.834320700479788e-05,0.0002739020035827167,0.0018713329275257,8.188391583757836e-08,6.418117004705368e-07,1.1280265123401375e-07,3.208124327134776e-07,3.3264538447336965e-08,0.01751061348518025,0.004406550444565462,1.7228961652064622e-05,5.475392045475112e-05,1.7246312605988003e-09,7.863824062373646e-05,3.646983882299039e-06,1.7350490571859466e-07,1.5009059084306237e-06,5.057630605125635e-08,3.974237223915309e-08,0.0,0.05865383583578799,-7.560931123552657,6184351820.941992,1300.53410269022
0.0,0.7601114752039448,0.0013285308616082028,0.000402144537713,0.0,0.0010497646324042252,0.0014589720734858,0.110994611908739,3.50909254692562e-05,7.081726413637811e-06,0.125320470511263,0.0,0.0,0.0,0.0,8.867928602991995e-07,1.5368344974013158e-05,0.0002440824029082786,0.0017123257648542,6.532716303501598e-08,5.802912024881339e-07,1.1163588075712372e-07,3.298125179898169e-07,3.465559115361162e-08,0.015529886213849957,0.004629261518883834,1.867442587147396e-05,4.926870556735276e-05,1.5211487422807955e-09,9.492339450077741e-05,3.9833599822837846e-06,1.835227340182714e-07,1.6019089426223372e-06,4.878315677400366e-08,6.555973532366691e-08,0.0,0.05578482496700958,-7.506295564380713,5433499342.149819,1266.48668123338
0.0,0.7599700404761659,0.0010479212766666942,0.0003332543276301,0.0,0.0007927404048743053,0.0013310207736465,0.105551658578605,3.8408027147663365e-05,8.743445873323718e-06,0.131096579200866,0.0,0.0,0.0,0.0,8.575675581542424e-07,1.5089292811954199e-05,0.00025603371368451277,0.0017174466430857,5.413631588949275e-08,8.213876688260747e-07,1.7854317591959758e-07,5.392690895895883e-07,6.425083681316476e-08,0.011795468771889661,0.005990159740951923,1.9647001728906342e-05,4.798739554625677e-05,1.1341669388353072e-09,0.0001132054680689183,5.906659122235979e-06,2.6923589812225686e-07,2.2548586102490025e-06,4.229870009986618e-08,1.3519575934471492e-07,0.0,0.05314085642697623,-7.4023832204091295,4793881803.3831625,1217.96938098733
0.0,0.760242068294654,0.0008729300560376659,0.0003030696825007,0.0,0.0006383652978403859,0.0012229206850505,0.101233802627444,4.090872789318563e-05,9.99904414561071e-06,0.135347417391501,0.0,0.0,0.0,0.0,7.869467770844431e-07,1.4058541849771804e-05,0.0002513851249407282,0.0016507213188499,4.43741003070107e-08,9.637695253954387e-07,2.2715564758936747e-07,6.997407837478639e-07,9.064577091282815e-08,0.009545413128385038,0.006923533231688804,2.047758797283682e-05,4.472649598301367e-05,9.060536809524304e-10,0.00012389237537776236,7.520082494405778e-06,3.395577595430652e-07,2.740162533980015e-06,3.7263790574346646e-08,2.3636662771377943e-07,0.0,0.051101798026130615,-7.312509920320509,4204259939.975046,1182.44570931229
0.0,0.7601195925424858,0.0007669575362341975,0.0002958104861579,0.0,0.0005468569951554004,0.0011473861335745,0.0970451428472755,4.456283772766616e-05,1.1529560785848674e-05,0.139952170284929,0.0,0.0,0.0,0.0,6.374125751416671e-07,1.1498611793383744e-05,0.00021674990723551587,0.0014398977055772,3.3321358340343945e-08,8.339972665902872e-07,2.1322579845138117e-07,6.740122413836618e-07,9.206336801335176e-08,0.008139054488788365,0.007163548163754945,2.214587135217374e-05,3.762291294403901e-05,8.022594719340763e-10,0.0001403763313677413,8.155190852219552e-06,3.7076972223642106e-07,2.9076649434459537e-06,3.409754540379194e-08,4.577561482925092e-07,0.0,0.048759372591487174,-7.24527763132686,3683295909.252126,1146.3845993404
0.0,0.7597651891537209,0.000620345106401607,0.0002703573162856,0.0,0.0004272470343044305,0.0010576341327855,0.0929790801858231,4.606185144412324e-05,1.3144848526772232e-05,0.144527426546153,0.0,0.0,0.0,0.0,5.966811073326156e-07,1.1022902119659389e-05,0.0002192415187445349,0.001400312665231,2.7600814771207988e-08,1.0713025018292873e-06,2.8447608007826747e-07,9.048793280801931e-07,1.398735800564801e-07,0.00645946237711795,0.008574032278015222,2.2793204266344938e-05,3.535801208025955e-05,6.08236584359168e-10,0.00013969794097269631,1.0660787376101422e-05,4.896196461342589e-07,3.572416214823688e-06,2.90222318903358e-08,7.933453183713568e-07,0.0,0.04633847556571727,-7.1460495577808745,3207028407.362182,1114.70326401482
0.0,0.7601056318835979,0.0004957286660691626,0.0002456200750456,0.0,0.00032710789513555285,0.0009776783581711,0.0895361251397941,4.651949430740706e-05,1.5081844459335055e-05,0.147760679403517,0.0,0.0,0.0,0.0,5.651736795907469e-07,1.070766427215328e-05,0.00022522180095138757,0.0013742651398738,2.3123921598490833e-08,1.4394216557661672e-06,3.9189512826971675e-07,1.2422557577941803e-06,2.2233324227895364e-07,0.005064661948720674,0.010446284742556971,2.3171878329412442e-05,3.3254887046094595e-05,4.527781310325065e-10,0.00013393748131890256,1.4019011138791828e-05,6.633839861248663e-07,4.442911251577714e-06,2.4278769521009447e-08,1.3900515774194105e-06,0.0,0.044491460706306496,-7.053325511964591,2783594093.506466,1083.72360262359
0.0,0.7598712841367321,0.000397462942554666,0.0002185010265261,0.0,0.0002734155019297268,0.0009010097611746,0.0865362816528804,4.5725747162499277e-05,1.605310102441956e-05,0.151244105676583,0.0,0.0,0.0,0.0,4.624928302454491e-07,9.275981039441065e-06,0.0002049670118868682,0.0012288177461038,1.816067398697731e-08,1.4770741544913258e-06,3.952603151692729e-07,1.25088713173333e-06,2.484387193397728e-07,0.0043011296004810354,0.011246159418367865,2.4388648888388714e-05,2.940023005839409e-05,3.469607802739329e-10,0.00012812386650108766,1.5378170083207447e-05,7.30041208640301e-07,4.557642111596627e-06,2.153017859554307e-08,2.0318994457868872e-06,0.0,0.042451881412319314,-6.970721631761054,2302639527.128308,1064.3810240077
0.0,0.7595556067186969,0.00032440259699407966,0.0002178835849865,0.0,0.0002107541335935994,0.0008370334855004,0.0830033586288846,4.692460611782155e-05,1.885020105281609e-05,0.155201466607761,0.0,0.0,0.0,0.0,4.1200795636906797e-07,8.43190458560199e-06,0.00019944799816895375,0.0011846509741695,1.4558506295261244e-08,1.766283947449489e-06,4.827216008373865e-07,1.5392618649341301e-06,3.4916410501483446e-07,0.003399032019769016,0.013493437377662164,2.503118483886682e-05,2.621131298621435e-05,2.741147847363604e-10,0.00012240646293894502,1.9167598474088353e-05,9.582622875382504e-07,5.475897357097e-06,1.799899369408694e-08,4.249144131750099e-06,0.0,0.04012220267470338,-6.8984298015224,2027901247.9732888,1028.6459282699302
0.0,0.7597295030258749,0.0002533325403639689,0.0001816668512042,0.0,0.00018066443582031604,0.0007487150918555,0.0823539148076188,4.259116329090327e-05,1.7675204876930243e-05,0.15588687348764,0.0,0.0,0.0,0.0,3.494383325976152e-07,7.779820943775739e-06,0.00018992838978948136,0.0010993267358067,1.229533584154185e-08,1.9545948325504573e-06,5.043735013083349e-07,1.5925901980883276e-06,3.8483340749778216e-07,0.0029864255041993147,0.01399476513182959,2.5205264761272903e-05,2.480267632161669e-05,1.9579541588412017e-10,0.00010843032182627069,2.0351035566313968e-05,9.660031881907917e-07,5.286722537935262e-06,1.607972230508517e-08,3.943145527366918e-06,0.0,0.03956750658371726,-6.830823314411386,1615669007.9787111,1027.79828273455
0.0,0.759383478820924,0.00023181953255716438,0.0001813711133659,0.0,0.00016035190609998184,0.0007192157268365,0.0807965115219551,4.190857770731175e-05,1.8319053457009275e-05,0.157778796795468,0.0,0.0,0.0,0.0,3.497960217506222e-07,7.912256134913851e-06,0.00019864316065712617,0.0011406260214497,1.190574792549332e-08,2.337917831279413e-06,6.055687395713515e-07,1.918435134196103e-06,4.837998827975016e-07,0.002702136917268715,0.015409745319627736,2.4759493817329006e-05,2.4856828779389457e-05,1.7348550899447402e-10,0.000103003368105525,2.306415883288819e-05,1.1047710783907883e-06,5.889400832873319e-06,1.478450156452404e-08,4.756967528085861e-06,0.0,0.03841687574613156,-6.8031778519358515,1546441774.3508089,1017.12871294178
0.0,0.759539653884942,0.00018512785128980998,0.0001456258517913,0.0,0.0001457675151812314,0.0006458914067205,0.0810867020460525,3.710028729349565e-05,1.6109172768049095e-05,0.157536827758225,0.0,0.0,0.0,0.0,2.961051550515176e-07,7.332375927574789e-06,0.00018695478928608964,0.0010452990522687,1.0322115707161197e-08,2.4179953787232865e-06,5.851431039310568e-07,1.8263301553421238e-06,4.7035551231771445e-07,0.0025050241904268455,0.014989900947353712,2.473825531478654e-05,2.3878263692445562e-05,1.2533438418319325e-10,9.098933960592996e-05,2.2709946908291996e-05,1.005521379901207e-06,5.270299283184696e-06,1.3722953752244742e-08,3.425035221679359e-06,0.0,0.03846192425682764,-6.762016340547543,1231640435.3391268,1027.10620224321
0.0,0.7593158514472221,0.00014770163427402827,0.0001438099805441,0.0,0.00010824186089614855,0.000582178975646,0.0784063328276403,3.489602186000577e-05,1.7480387668759543e-05,0.160441579477531,0.0,0.0,0.0,0.0,2.843913643114678e-07,7.3518563239068885e-06,0.0002014428815874865,0.001110247291416,9.24024505504163e-09,3.487939421966847e-06,8.541108472246298e-07,2.6805387707552127e-06,7.608713368430717e-07,0.001961973516673889,0.018304019231029967,2.3590564472788216e-05,2.32259433640368e-05,9.249060185926268e-11,7.982264932251767e-05,2.9354293842867892e-05,1.3292897544822485e-06,6.586086812920283e-06,1.1131246782543911e-08,5.3623863179613755e-06,0.0,0.0365280724102404,-6.674331047829622,1085170602.3434935,1001.39591408715
0.0,0.759091493125996,0.00011367897135106698,0.0001322251236477,0.0,8.48298477946272e-05,0.0005255787562317,0.0757571172451236,3.227368069582268e-05,1.8483685383469765e-05,0.1634346968828789,0.0,0.0,0.0,0.0,2.3800390329856052e-07,6.561475226821302e-06,0.0001926998053131684,0.0010588888661219,7.524678553527699e-09,4.033255757661544e-06,9.700902260510195e-07,3.03006560760162e-06,9.488863192033563e-07,0.001606894839035564,0.020920986014153608,2.399181717588683e-05,2.09016306072427e-05,6.764619924059239e-11,7.207595421244603e-05,3.323611668807768e-05,1.5392675398955115e-06,7.1504822789937635e-06,9.415735620047918e-09,8.325104006774328e-06,0.0,0.03450097273673209,-6.572385677610634,896442302.8396941,980.030216224238
0.0,0.7593821070982779,8.620722690056702e-05,0.000132318988251,0.0,6.382517910449943e-05,0.000459035094004,0.0730602747019693,3.0172908102020974e-05,1.9530755847571196e-05,0.165959189477628,0.0,0.0,0.0,0.0,1.8907366468093303e-07,5.571195273656486e-06,0.0001782506549511299,0.00100707463987,5.760794784052805e-09,4.421976167374212e-06,1.0503087109320335e-06,3.357047802653851e-06,1.1201961482150933e-06,0.0012742930139572576,0.02347175526955086,2.3976670272221785e-05,1.8174542197548075e-05,4.8935557758073345e-11,6.368045201242032e-05,3.763165859051439e-05,1.7481562475835617e-06,7.677676780046333e-06,7.718010339444285e-09,1.397562387551685e-05,0.0,0.032788566673569525,-6.443254032067642,720224998.0407445,954.460503717674
0.0,0.759673905335605,7.471891092734337e-05,0.0001435993751407,0.0,5.322276427650803e-05,0.0004194747123284,0.0706051742197359,2.977470102786435e-05,2.0436435401703846e-05,0.168165833647892,0.0,0.0,0.0,0.0,1.6246072302828687e-07,4.953620653080376e-06,0.0001683613347186678,0.000992012709298,4.8259830818012085e-09,4.513496043649899e-06,1.0704162676091537e-06,3.5613579689908235e-06,1.1973508273724397e-06,0.0011003556212906356,0.0248625306933118,2.36742966292515e-05,1.6556288133252597e-05,4.1794703124834924e-11,5.918431588858138e-05,4.0812992604444556e-05,1.8821786909428266e-06,8.0592611492559e-06,6.802299423572081e-09,2.040129016650088e-05,0.0,0.03147986700300022,-6.419209487188098,640536250.4853219,936.290211205752
0.0,0.7593730091762321,5.689568654951465e-05,0.000147024540341,0.0,3.804270633086196e-05,0.0003701355896875,0.0680850791469317,2.6357084377383266e-05,2.1923034128607845e-05,0.170968232048961,0.0,0.0,0.0,0.0,1.403848281818707e-07,4.599314414090189e-06,0.000173628524544963,0.0010565194978471,4.206332904339229e-09,5.99091114081998e-06,1.414307603670583e-06,4.845572968936502e-06,1.7267793787421062e-06,0.0008616828252342147,0.02970198025611185,2.3036592287240863e-05,1.5504253079372887e-05,3.024966254063913e-11,5.084475536892577e-05,4.93465939386408e-05,2.311143635410552e-06,9.634319401299156e-06,5.475793539149858e-09,3.493964113543385e-05,0.0,0.0293443480885107,-6.3313933668991655,549137954.5590653,910.816689729638
0.0,0.7593828126553349,4.3316531373941284e-05,0.0001333393773942,0.0,3.132356295063462e-05,0.000333630467062,0.065977910088272,2.3758056704343368e-05,2.2124622950308735e-05,0.173205551218589,0.0,0.0,0.0,0.0,1.0946005030251158e-07,3.842496270552933e-06,0.00015547204980644855,0.0009667561933467,3.29822216167565e-09,5.927358318423216e-06,1.3632562477638227e-06,4.638975523089197e-06,1.7586424599677222e-06,0.0007429880247466019,0.03250112828774673,2.4304398941558258e-05,1.3556722281984399e-05,2.256056101849337e-11,4.686870576663925e-05,5.04051096976794e-05,2.3881149197399723e-06,9.463735475964421e-06,4.819042845445833e-09,5.1320001744612874e-05,0.0,0.027630467131441246,-6.22430680899453,441149243.2302072,895.4140410117699
0.0,0.759067369018733,3.146017979472311e-05,0.0001284244123109,0.0,2.361643199871769e-05,0.0002991901819378,0.0635781663119094,2.063210902892848e-05,2.3562800082789672e-05,0.175975071594093,0.0,0.0,0.0,0.0,8.581276234668959e-08,3.2283147341871387e-06,0.00014540357813698873,0.0009517784810156,2.6529981584182064e-09,6.631796179665853e-06,1.4955497749689102e-06,5.112894560782543e-06,2.1227822513421364e-06,0.0006070154860340059,0.03939323597552142,2.5925489475766546e-05,1.1919762716036137e-05,1.6447143962402526e-11,4.243686898017844e-05,5.511064437842806e-05,2.7319989772856693e-06,1.0320080857198364e-05,4.040590548120966e-09,0.00010147718658070507,0.0,0.02508753748314603,-6.134010348023591,362125311.4791379,869.1861465185159
0.0,0.7588282257935149,2.4600504908437022e-05,0.0001374787842181,0.0,1.807149739505454e-05,0.0002696936979366,0.0612015207242972,1.861243322396758e-05,2.510597951271737e-05,0.178575204957058,0.0,0.0,0.0,0.0,6.996462586040382e-08,2.7836375091141037e-06,0.00013946954452093456,0.000987876042975,2.240882951788581e-09,7.328197857939642e-06,1.6335646360409974e-06,5.831445340964854e-06,2.5059888283563577e-06,0.0005065562575633545,0.04617070901583161,2.6958945310389565e-05,1.083320999034424e-05,1.3056320519269646e-11,3.8875844568494496e-05,6.105091223834824e-05,3.068512914418583e-06,1.141429765134824e-05,3.4462059865863836e-09,0.0001813992212866573,0.0,0.022760153729165494,-6.125595839256944,315582046.14801097,845.204499556788
0.0,0.758742265685413,1.6937712685667087e-05,0.0001247072865046,0.0,1.513487984691649e-05,0.0002422423453992,0.0586028014199817,1.672466147779036e-05,2.609284016648202e-05,0.181458448882155,0.0,0.0,0.0,0.0,4.6576869263877506e-08,1.9474223400635583e-06,0.00010757528482729252,0.0008295343805466,1.4663267090029596e-09,5.845489249901123e-06,1.241746594844223e-06,4.353163618145032e-06,2.1245780475450293e-06,0.00043489148977753984,0.05511124159258789,3.135398979555223e-05,8.4651867350941e-06,9.579741838219178e-12,3.7583299126356974e-05,5.724626136407975e-05,3.0920668045944565e-06,1.0302997385303812e-05,3.0313806227707455e-09,0.0003618250392200129,0.0,0.01970721141302802,-6.101148240881781,233276924.4204263,818.8777690617592
0.0,0.758658565767961,1.1373748249795926e-05,0.0001110450089116,0.0,1.295783503091052e-05,0.0002177795806384,0.0561010491552393,1.4912998588814078e-05,2.7015669332618842e-05,0.1842330193279589,0.0,0.0,0.0,0.0,3.02888985992983e-08,1.3186257985156442e-06,8.016073405140197e-05,0.0006785411592911,9.273319624247252e-10,4.358555337856752e-06,8.882108446085873e-07,3.02884805187024e-06,1.7049791125813374e-06,0.0003754562297330849,0.06405741642530594,3.772594799916914e-05,6.471257419394203e-06,6.939541198198616e-12,3.660956589253968e-05,5.184908294572064e-05,3.053692407703788e-06,9.007900701011e-06,2.678512297798769e-09,0.000675105815818106,0.0,0.01670252763677727,-6.039009681595705,169749773.34118697,792.372053493241
0.0,0.758666964356568,6.948641842610594e-06,0.0001050513094803,0.0,8.632029605159195e-06,0.0001817320128224,0.05328077774567,1.1224294365459521e-05,2.696385529697672e-05,0.187057041323344,0.0,0.0,0.0,0.0,2.2268250719008548e-08,1.0669360578977994e-06,7.614314856832358e-05,0.0007084332521151,7.30725880699969e-10,5.013422174335928e-06,1.0634247031962855e-06,3.688683641318656e-06,2.1559154084852478e-06,0.00029258257210461704,0.07328620840226001,4.175482888214561e-05,5.802806781821632e-06,4.249417314503426e-12,3.1739767759039655e-05,5.9198629854525684e-05,3.3894354239067216e-06,1.0027242833898256e-05,2.1258424279436758e-09,0.0010105036806855887,0.0,0.013865930828156478,-5.932531105523178,128980458.22825956,765.838247075599
0.0,0.759073403977678,3.13828062217816e-06,0.0001037272110131,0.0,4.527751116550717e-06,0.0001293157672771,0.0484319910929363,7.882267439160575e-06,2.6800548582903578e-05,0.191588573846519,0.0,0.0,0.0,0.0,1.137567352368381e-08,6.290824347369275e-07,5.814877113704212e-05,0.000672988104576,3.9143052091401757e-10,4.196187931417485e-06,9.487071941534963e-07,3.5706574380419636e-06,2.1011342853549723e-06,0.00020080020697279172,0.07084159339627884,4.946866104186344e-05,4.455306973447783e-06,2.004543250966913e-12,2.6338899872463495e-05,6.81887602462724e-05,3.4536699464383485e-06,9.886220983349683e-06,1.4962439945426828e-09,0.001634183107398324,0.0,0.011712547546273024,-5.953695253681319,78712373.67499486,722.3974540884378
0.0,0.758586336982273,1.215557070536629e-06,0.0001062953866689,0.0,2.0742734513405214e-06,8.99299658777224e-05,0.0435341727568647,5.227338034471318e-06,2.7906636669682524e-05,0.197015940532834,0.0,0.0,0.0,0.0,5.070121119809016e-09,3.2155189005211417e-07,4.1219711870106434e-05,0.0006673243754806,1.957739603945267e-10,3.0510500087514023e-06,7.473650122000589e-07,3.114644473766941e-06,1.9543906616090423e-06,0.0001421513377994243,0.0667342488787346,6.516036447992532e-05,3.6094532848124607e-06,8.909943101651561e-13,2.41371587140905e-05,8.666797158154078e-05,3.5078242744527e-06,9.424940099910104e-06,1.0746305548532506e-09,0.002704370168292691,0.0,0.009126793401099648,-5.97985887094963,48279987.62780171,670.652084883828
0.0,0.75823071962641,2.528212290131316e-07,7.857083742192141e-05,0.0,4.7998297207771e-07,5.2826196733876286e-05,0.0401582134969552,4.378693749613703e-06,3.4713984018135805e-05,0.20096677099505,0.0,0.0,0.0,0.0,3.882799521571559e-10,3.738322009323641e-08,1.0350421524612945e-05,0.0005128988474287,4.602562871601358e-11,3.549421290001767e-07,8.81656284172766e-08,3.8376451417055173e-07,2.9921801068024447e-07,0.00017831524636046097,0.05882253324313203,0.00042465550805283794,6.13235854064789e-06,3.6083434362487547e-13,7.287706110361234e-05,0.00015810027327499955,1.865455735053323e-06,2.9037815734498406e-06,1.5759506702382973e-09,0.017304046324904235,0.0,0.0006351169291316684,-5.786084218701534,28168670.403909445,634.8624152678859
0.0,0.7577837623865721,3.748427850510658e-08,7.537111014255059e-05,0.0,1.0654134268927698e-07,2.8093428476035302e-05,0.0362497121735945,5.022689544388288e-05,9.674413816709985e-05,0.205385962053049,0.0,0.0,0.0,0.0,1.0444588945837685e-11,1.150879188926423e-09,9.504820142134619e-07,0.0004770988481655,1.3806695085177444e-13,2.9398256388513933e-09,1.282388712541332e-09,7.408366604767251e-09,2.4268453201675152e-09,4.288220759510508e-06,0.035410515595972455,0.0016546834277074629,6.4142223595548665e-06,2.1441873434934965e-15,4.911157430705524e-05,2.673396960499956e-05,1.432908642961578e-07,3.3272523033973835e-07,1.5630245179140845e-08,0.08376142990314622,0.0,0.0,-5.6780698104750575,34258469.19640832,595.906547785611
0.0,0.7583775648867421,2.5172831608873093e-08,7.646633992562809e-05,0.0,6.042143758221583e-08,1.8715812473391e-05,0.0330884960590836,4.0260768268943266e-05,9.904425581040976e-05,0.207924687984313,0.0,0.0,0.0,0.0,6.1027237933727685e-12,7.500129467532828e-10,7.77512447298988e-07,0.0005140689174619,7.395931185031202e-14,1.9889839622402356e-09,1.2197114079636317e-09,8.443537834658162e-09,2.5436182685057932e-09,2.3993817174637496e-06,0.025466769741216786,0.0011886697733435355,5.945558812751732e-06,1.201440072585413e-15,4.072123090472396e-05,2.4465344727481746e-05,1.4896561376479532e-07,3.390797118535043e-07,8.395283769559574e-09,0.07038674012886405,0.0,0.0,-5.695264017510582,22173805.27852066,561.838043993588
0.0,0.7578677930070269,2.0837516549176775e-08,6.66654041016695e-05,0.0,7.357587223897115e-08,2.5172383190388e-05,0.033207010313596,6.323226136781386e-05,0.00010812766709378638,0.208363341388848,0.0,0.0,0.0,0.0,4.927197739281721e-12,5.626614588605298e-10,5.873761571084386e-07,0.000470017503236,4.801044293108384e-14,1.099370525823674e-09,7.195939462085522e-10,3.725562688044335e-09,1.2797340008617894e-09,1.8065514915205802e-06,0.030506598048217443,0.0017069525683459485,5.143772053806809e-06,6.886248430982967e-16,3.4120374581550455e-05,1.8298420728377867e-05,1.0249010241651843e-07,2.538773848970563e-07,1.4497839205755854e-08,0.1031815542210351,0.0,0.0,-5.74363312387156,37732047.33670168,560.9053941190509
0.0,0.757679349128278,1.5977864696985205e-08,5.23133143121558e-05,0.0,7.14460851508643e-08,2.2261853650174693e-05,0.0320709098096651,5.526275808759759e-05,9.67505430852596e-05,0.20976454215257,0.0,0.0,0.0,0.0,4.912037540049737e-12,5.344696436971584e-10,5.321419683105036e-07,0.0004106237415241,3.871633107924113e-14,1.0710966840836793e-09,7.793948867567329e-10,3.5927819350243974e-09,1.4306187513056202e-09,1.3583332782099956e-06,0.02395570485199891,0.0013434294947774752,4.24578343450137e-06,4.558073125759052e-16,2.5698277559051474e-05,1.692628209422714e-05,1.1345769169781539e-07,2.515315226727276e-07,9.126321394838302e-09,0.08711491565214362,0.0,0.0,-5.720496392975139,30911225.62215617,547.774462256615
0.0,0.7575555355495981,1.1664151854040143e-08,5.99525535291165e-05,0.0,3.7729938272707486e-08,1.03232884668298e-05,0.0283945534822123,1.7032999247741e-05,6.833879398627863e-05,0.213550575223761,0.0,0.0,0.0,0.0,5.292715126289713e-12,6.211958122151079e-10,7.089990025741313e-07,0.0004290599024333,4.892733294601684e-14,3.0383935352376267e-09,1.9793678774806072e-09,1.4372940539841965e-08,6.214626217048474e-09,1.335425153791334e-06,0.010314478150175704,0.00044308817267213176,3.8312148179412845e-06,4.754763191275604e-16,2.1535849105424335e-05,2.60282657199434e-05,2.5140692724964705e-07,3.8852525169514663e-07,1.0760481973847364e-09,0.029642993646572482,0.0,0.0,-5.74291506884468,7791720.633560293,511.561635782955
0.0,0.7576380375258149,2.686668375307434e-09,5.22067924157815e-05,0.0,7.867391219681253e-09,4.96556063480084e-06,0.0261363315753622,3.16498118898702e-07,1.1404215804488496e-05,0.215770226065447,0.0,0.0,0.0,0.0,1.0214331565451258e-11,2.00719926958699e-09,2.770623318690787e-06,0.0003982324803249,1.3885363798789207e-12,1.034430850691971e-07,4.678436937294125e-08,4.706309033570468e-07,1.1941758313900018e-07,2.194152803059824e-05,0.0023799683653191735,3.422619605165466e-05,1.8882699320646205e-06,2.3025479667852347e-15,1.6451795530216005e-05,8.872556797244013e-05,7.401764186089006e-07,1.6074174427627206e-06,1.4597247400815622e-10,0.0020727054815701095,0.0,0.007800293493605711,-5.614060106701897,1116353.807130779,484.789538564204
0.0,0.757825333379977,6.214392165468214e-10,4.45400560333067e-05,0.0,4.185916587708019e-09,2.69402671827382e-06,0.0242787502544482,8.2891634340214e-08,4.400274902584034e-06,0.217485823718732,0.0,0.0,0.0,0.0,7.065081860216258e-12,1.6828346482979368e-09,3.376562409279842e-06,0.0003628585640904,6.797732516853215e-13,1.648865370568752e-07,1.0144914173297396e-07,1.3515724586623604e-06,1.3262099517448674e-07,8.65894181196993e-06,0.0007384758891094341,6.570254428664336e-06,8.808855881686805e-07,2.5343459949898317e-16,4.275615129874537e-06,4.6678277164448364e-05,4.951117742337703e-07,2.0311374895451075e-06,5.5081116969461995e-11,0.0004502503457530429,0.0,0.007849965696067128,-5.368252792588125,426344.1262814977,466.8814255544901
0.0,0.7576956605698721,2.711052881799703e-10,4.02172679727142e-05,0.0,2.8055855175804888e-09,3.00703240951567e-06,0.0212783816135471,1.3307959449003414e-07,8.423018541240036e-06,0.2206609120034069,0.0,0.0,0.0,0.0,3.68093166246503e-12,6.411156476346015e-10,1.3820000135181618e-06,0.0003218215127917,3.2052017059920636e-13,6.453586476053965e-08,2.669284997189086e-08,2.3337396851602091e-07,9.740988964674066e-08,1.0223824759836592e-05,0.0011065196104177904,2.6766820200952404e-05,1.3665197323408744e-06,1.5956816093326474e-16,1.1859968768069677e-05,7.976125125658234e-05,5.996203176853828e-07,9.218461939191258e-07,6.048393529105239e-11,0.0016688119349423242,0.0,0.005403391869368428,-5.432915135349571,509645.3265796424,430.785727013695
0.0,0.7575127213598929,2.9098426202860033e-11,2.0579412312992305e-05,0.0,4.440620667009807e-09,2.5804245879588e-06,0.0173017419910025,1.1027301504749931e-06,1.964460259091484e-05,0.224920751064337,0.0,0.0,0.0,0.0,1.953699481256613e-12,1.7004804197472414e-10,4.072384927344056e-07,0.0002416257478668,2.2323764362900238e-14,1.75784658014831e-08,6.536267717505946e-09,2.817047182145796e-08,4.0972941941429743e-08,2.8558195453079525e-07,0.0008396369894067641,3.442296658694017e-05,8.277551480904556e-07,6.272030235465815e-19,3.1201174390203617e-06,2.865945213675602e-05,4.4672429781719557e-07,2.877870922740293e-07,3.0514717765738884e-12,0.002625857282099586,0.0,0.0024935959363944615,-5.042070925717151,452172.3010509647,384.438159637202
0.0,0.7574246489246089,1.6149552071806683e-11,2.25775086528365e-05,0.0,4.603526326575465e-09,2.46329454120254e-06,0.0161230862088115,1.181778940811451e-06,1.925742024512365e-05,0.226185108351417,0.0,0.0,0.0,0.0,1.6393569193293916e-12,1.3118397880835234e-10,3.353475721538811e-07,0.0002421157119694,1.937393048596116e-14,1.3715010152086675e-08,4.899064333718915e-09,2.098082627504606e-08,3.881331936332018e-08,1.846718568513434e-07,0.0007386382304797442,3.100043605060446e-05,6.845663016134426e-07,2.401875689704465e-19,2.1809231015857762e-06,2.3760622451136888e-05,4.275882616168204e-07,2.363294316296917e-07,2.0447471151431394e-12,0.0024552728023543584,0.0,0.0019134071200649992,-5.042490986823343,430444.72102825274,371.577426039135
