Y_H,Y_H2,Y_HE,Y_O,Y_OH,Y_H2O,Y_HO2,Y_H2O2,Y_O2,Y_OH*,Y_N,Y_NH,Y_NH2,Y_NH3,Y_NNH,Y_N2H2,Y_N2H3,Y_N2H4,Y_H2NN,Y_NO,Y_N2O,Y_NO2,Y_HNO,Y_HON,Y_HONO,Y_H2NO,Y_HNOH,Y_NH2OH,Y_HNO2,Y_HONO2,Y_NO3,Y_HNO3,Y_CO,Y_CO2,Y_CH4,Y_C2H6,Y_N2,Y_AR,MF,CEM,HRR,T
4.220608387234484e-05,0.0206505701773541,0.0,2.0763182214110876e-07,9.51108244451843e-05,0.0453471409024383,2.4526746950579136e-05,0.0010628427595394578,0.122730617830048,8.630827366325271e-19,3.82553502584095e-09,1.4859979977198266e-07,0.0007205537423060493,0.1412895739823829,3.455723573796906e-08,0.0004832140292761099,1.0636066966759443e-05,0.00100450022697373,7.303015011763993e-05,0.00033746091092522743,0.18199276524101654,9.791721318907665e-06,0.00011407890945718727,1.4281357365803395e-10,2.4847533916127162e-05,7.910741619433087e-05,8.822457973785927e-06,0.00044209126279156616,8.735644366975043e-11,0.000529572302616528,1.2391337230663573e-07,2.988121685247725e-05,0.0,0.0,0.0,0.0,0.669886986283332,0.0,0.1508530311185656,-6.029641750182243,3733651566.7874165,643.093592872109
2.647017738377565e-05,0.0212486198861064,0.0,1.8112852585079142e-07,9.00461983821247e-05,0.0416063195490606,2.203545952440275e-05,0.0012868397902649393,0.125445664361419,2.6464036552948207e-19,1.4698974968797286e-09,8.065336407487303e-08,0.0008312417816955964,0.144471094490346,3.6581350322366506e-08,0.0009533896536012336,1.3535689257145159e-05,0.0013597136534800342,0.00013924099099039836,0.0003414426929170684,0.0020930466529552297,1.6209880751172637e-05,0.0001282901030374665,9.025162338353181e-11,2.4790307447064574e-05,8.296845625361901e-05,1.1748644118444759e-05,0.0005713847365737763,3.958229170046567e-11,0.0002268995205305963,1.4946477793864237e-07,5.6752241301273736e-05,0.0,0.0,0.0,0.0,0.6671382555146861,0.0,0.259892969170459,-5.964345673871182,6398244566.148995,610.374844241899
1.196349847965166e-05,0.0218124964038864,0.0,1.0010077378603171e-07,8.376768021369829e-05,0.0383221580586965,1.1218600036901517e-05,0.0007530995876975981,0.12961593615862,6.556551680894589e-20,4.4991573798237634e-10,2.9866347240958684e-08,0.0005629979834748365,0.147288165619071,2.024954962936865e-08,0.0009171190225507368,9.727332075924862e-06,0.0009770021444195248,0.0001257379713223648,0.0001927849022488894,0.2847100980708937,1.2815182392494786e-05,7.595775828139855e-05,2.8629699130115853e-11,1.2909010994903953e-05,4.8130055185112354e-05,8.354207456468833e-06,0.0004056563723876874,1.5086368251061142e-11,0.0006964221154828097,2.0838686681483036e-07,4.2017376217052263e-05,0.0,0.0,0.0,0.0,0.6628774760795121,0.0,0.10798934153698572,-5.947582569018046,2314898351.6078796,584.239136616736
4.516490014759997e-06,0.022154438813703,0.0,1.312378609239531e-07,8.40794602671872e-05,0.0344729373443815,1.1589576085310573e-05,0.00041748009984117766,0.132322405156947,2.428299002586973e-20,1.4416963556705176e-10,1.3316102770361521e-08,0.0006905532889349372,0.149858627457966,2.556641035748934e-08,0.00045040288624249815,1.5017271290154736e-05,0.001422260212228355,0.000322732998123763,0.00027533730777094,0.0001648602960807909,3.064727248305378e-05,0.00010074462585468827,1.84694157580379e-11,2.7629524793891695e-05,5.845698067089784e-05,1.772041651730014e-05,0.0007283804024708743,1.6703708675603364e-11,2.8880544490678332e-05,5.340245784254e-08,2.5830490714083515e-05,0.0,0.0,0.0,0.0,0.661107511766735,0.0,0.2664432705643287,-6.12434953540876,5454814942.80649,557.4269197558
1.6692799468058715e-06,0.0224708843503633,0.0,1.0028814524560925e-07,8.159275223804029e-05,0.0298226347502874,1.1689063617293184e-05,0.0007782694831908727,0.135685122825469,3.9081255193561096e-21,5.267044288636557e-11,5.610508741655936e-09,0.0006253577569464069,0.15300266203338,2.4413799174171168e-08,0.0011773120635393982,1.4838262134797568e-05,0.0012191157003719718,0.00038865959795375766,0.0002710475226317897,0.0014621233199158307,3.126681923173022e-05,0.00010041078894635883,5.476798855080995e-12,2.593713655565046e-05,5.6821496664251146e-05,1.843306845202797e-05,0.0006825810793643528,1.099140724615622e-11,0.00023700917838906168,2.598528900904292e-07,0.0001354132297477732,0.0,0.0,0.0,0.0,0.6589371032882629,0.0,0.26673581864508406,-6.396311508579154,5278744734.412753,525.131361907532
5.048285255269191e-07,0.0227783308817334,0.0,1.0259531140818501e-07,8.1176609677868e-05,0.0267700004146292,1.007315433625503e-05,0.0002485282225644221,0.138385612234517,9.380790541810422e-22,1.875212804654749e-11,2.0690056067794262e-09,0.000560037378023155,0.155029475428482,2.2718535679127655e-08,0.00010033396920709388,1.564594403419215e-05,0.0010916892891961935,0.0004895783104198346,0.00025265994022614084,0.00013128638508779137,3.0418876797994333e-05,8.813734987383863e-05,1.5464930720660794e-12,2.640932079715762e-05,4.824637467327906e-05,2.2517869681958157e-05,0.0007183461860396874,6.019826063207072e-12,2.6596542167488483e-05,4.229167910254906e-08,2.5111444678837004e-05,0.0,0.0,0.0,0.0,0.65695540443096,0.0,0.26967233874813784,-6.40875731038726,4913873836.347046,499.2116888847409
2.0291118743508533e-07,0.0231298502485533,0.0,9.69287521491482e-08,8.11581515531288e-05,0.0240180060543868,9.677503861764463e-06,0.00014357381902060335,0.1403384185414549,2.9290400520564786e-22,9.009351723864329e-12,9.862707381759372e-10,0.0005191770157203897,0.157283292114028,2.145771832889661e-08,3.834222576059433e-05,1.64558781591834e-05,0.0010053911404355519,0.0005351447563454347,0.0002277195238594921,6.10642604617185e-05,2.6997316731110373e-05,7.922968691907351e-05,5.278219431562835e-13,2.187493759744425e-05,4.298999988419025e-05,2.477363552588506e-05,0.0007094066455807597,3.621966170643976e-12,1.3948037919919894e-05,2.3298251638844126e-08,1.3761649141973277e-05,0.0,0.0,0.0,0.0,0.655149274890023,0.0,0.27197511114412043,-6.3660809587262905,4661436641.3532505,481.319580455761
7.922075963247757e-08,0.0233835840581981,0.0,8.602684257607255e-08,7.938464997291071e-05,0.021720097496272,1.0481511412310797e-05,0.00018507937251412322,0.141847620592776,8.186401980012683e-23,3.823954558860968e-12,4.249879197427456e-10,0.0004575238872628215,0.159513252540051,2.1143703932199296e-08,3.651250330550478e-05,1.593553317045739e-05,0.000877108886857539,0.0005990577028449625,0.0002496724284928022,8.388160766701464e-05,2.8060598634364036e-05,8.096027001435777e-05,2.2882408749841316e-13,3.058557305702427e-05,4.244229330344882e-05,2.966441671197809e-05,0.0007301114277590451,3.079194600705917e-12,2.237533121698857e-05,3.087988926344969e-08,2.2323291372653235e-05,0.0,0.0,0.0,0.0,0.65345606066273,0.0,0.2737730264446274,-6.318187250246355,4316302978.195334,462.881996656252
2.1651046411028258e-08,0.0237068390059822,0.0,1.8884102140438657e-07,7.72142974829573e-05,0.0196234517452982,1.3461716851830277e-06,8.401506270954307e-06,0.142947965535148,3.711093313018562e-23,1.5725764561461807e-12,1.4583446778500503e-10,0.00044093269291174117,0.161164510942932,2.3153584784411037e-09,1.0218724140803817e-06,1.3706497558591305e-05,0.0006386541469917472,6.684942308637599e-05,3.3764575991122816e-05,1.329064795033148e-07,1.0153100597250083e-06,1.7599132113365097e-05,3.041271981439349e-14,1.250186912567275e-06,5.162659477152075e-06,8.963070676449221e-06,0.0002304206994317689,2.9338961665112434e-15,4.074709021433617e-08,1.2434485224509945e-10,4.363207148743766e-08,0.0,0.0,0.0,0.0,0.652480018473157,0.0,0.27608352139594744,-6.235458204558791,2904840062.603225,441.170689579843
6.295532667095368e-09,0.0241246375158349,0.0,2.055943292801083e-07,8.068571932020159e-05,0.0173962337867492,1.3347319675506927e-06,8.896731686333965e-06,0.1447432248757559,8.9468911079323e-24,6.489107767430277e-13,5.67393239525277e-11,0.00040295473707048523,0.16259163375782,2.167023232140189e-09,1.03419442277197e-06,1.4991368089346215e-05,0.0005583817936352236,7.338513639566114e-05,2.835386331116586e-05,1.0679624684193817e-07,8.590062221162907e-07,1.477855122571383e-05,1.0897812434958006e-14,1.1902676987121307e-06,4.522655951477452e-06,1.1597105610126758e-05,0.00024734697389792667,1.556181161787827e-15,3.9179834807122585e-08,1.26943078212083e-10,4.285576571396689e-08,0.0,0.0,0.0,0.0,0.65106358434452,0.0,0.2779546902246962,-6.179168672453071,2793945239.0230184,422.350891153149
1.841153963381093e-09,0.0245176525117809,0.0,1.3629681501530068e-07,8.28291217829221e-05,0.0151169334441094,4.270370969792506e-06,2.1075581700015715e-05,0.14666988236644,1.3088949678605931e-24,2.8826898890592816e-13,2.5168185727118478e-11,0.00037425123210732027,0.164185040829991,6.823806043760997e-09,4.222505749878153e-06,2.1012265260791097e-05,0.0006218978587519775,0.0002920217131693693,4.662015657461197e-05,1.3729902404815029e-06,4.11575748803492e-06,1.990845272524808e-05,1.0434586700768487e-15,3.6421864960865034e-06,1.1662469634605933e-05,2.7903944521340132e-05,0.00046521963573213345,3.0284763121063516e-14,5.624750616652786e-07,2.483384661776473e-09,6.204758005374145e-07,0.0,0.0,0.0,0.0,0.649427661725896,0.0,0.27986425656210595,-6.151437956068246,3167719529.9059587,407.555783811464
6.987836920034338e-10,0.0247098426892666,0.0,2.3007060783713616e-07,8.14224177254379e-05,0.0126673266990324,1.1151053975089509e-06,9.3560507100798e-06,0.14953235827402,6.586451867305003e-25,1.216376632816941e-13,9.814873439361068e-12,0.0003323234011420199,0.165484541714724,1.5530570376765901e-09,8.688985210211805e-07,1.5472353266974806e-05,0.00041787728522059187,6.793815566737767e-05,1.9335084179213154e-05,5.1185789618366505e-08,4.949519003210274e-07,1.1348616426643425e-05,2.203098534851242e-15,8.748777941454283e-07,3.4853853612119076e-06,1.5366967194585586e-05,0.00024395458924484752,3.497847765716448e-16,2.4642017997271352e-08,8.506063105751007e-11,2.7657250686708124e-08,0.0,0.0,0.0,0.0,0.647524508205232,0.0,0.2799979719449698,-6.082532489040809,2381421886.3671,392.174171457477
2.238943196131098e-10,0.0248585722058932,0.0,2.823914254598982e-07,8.009608434289741e-05,0.0103882753387037,5.801113391617165e-07,7.496584053687647e-06,0.151217765049108,1.9309608469858127e-25,4.103372937503751e-14,3.0593913136510767e-12,0.00028572950215896635,0.167268830728067,6.441512184569074e-10,3.679606266669961e-07,1.1793263870740495e-05,0.00028410585857855655,3.034414923775958e-05,1.0725817426488822e-05,7.945759038695884e-09,1.26562056785184e-07,1.0787438210997196e-05,1.2738750587620972e-15,3.3820888870920327e-07,3.418503007287774e-06,1.2319004068345126e-05,0.00017815892728049776,3.960889903521296e-17,4.582525365621034e-09,1.3716773722452676e-11,5.220595086614384e-09,0.0,0.0,0.0,0.0,0.6461864605938851,0.0,0.2809989249655766,-6.014657073028463,1944272077.0050046,374.5526413999031
3.3505500210063056e-11,0.0250412909567806,0.0,1.5761686884600804e-07,8.34057364298706e-05,0.0089922412132108,3.668209693861208e-06,2.2651365658725955e-05,0.15221611718383,9.212881044822703e-28,1.4328539871790834e-14,1.0878828348542816e-12,0.00026130793275522637,0.168732159364259,4.432414985641882e-09,3.1096625245632257e-06,2.182030671723589e-05,0.0003700436616394662,0.00026165765248546517,3.326997885254114e-05,3.868706942524005e-07,1.7717851401599253e-06,1.3768975330387698e-05,4.6081970091158083e-17,2.8483387554673026e-06,7.138421146059207e-06,4.597634389180354e-05,0.00041333981604869084,2.8674670412601617e-15,2.5467117538499836e-07,1.17207020993215e-09,2.9175005628103647e-07,0.0,0.0,0.0,0.0,0.644934785545489,0.0,0.2824165006598622,-5.996734100301869,2385235610.6686764,359.4667908238349
9.676137906072255e-12,0.025224220817942,0.0,2.3159264211331813e-07,8.40246844508924e-05,0.0072555397983569,1.753663269896582e-06,1.593713256984134e-05,0.15329630812008,1.7212357422771594e-28,6.861656446515563e-15,4.925157346083826e-13,0.00024358490538086043,0.170079828126245,1.9794199478912058e-09,1.4485210309202547e-06,1.9969564783956448e-05,0.0002942060578470201,0.00012388601697427528,1.552908489596607e-05,6.120793794074575e-08,5.204413146548856e-07,7.856133244197824e-06,7.373864153158586e-17,1.074718920743092e-06,3.4643735162672705e-06,3.580114959569922e-05,0.00030360303430677297,1.99231459786126e-16,4.511014860060608e-08,2.0754326218178403e-10,5.1978601612856276e-08,0.0,0.0,0.0,0.0,0.6440600784529251,0.0,0.28360693276423177,-5.950481964404746,2023147391.4962785,348.881807871981
9.32875193585949e-12,0.0254096040763963,0.0,1.0519722717064303e-07,8.617888008585241e-05,0.0061366595779847,7.509679793844538e-06,5.289896687449608e-05,0.153265384496899,1.3946432233357978e-27,2.879540218878464e-15,2.215012108716617e-13,0.0002022359061504161,0.1709373444890289,9.085536820887072e-09,6.530366508643768e-06,2.018485952420382e-05,0.0002817858064679543,0.0005835118333776181,0.00010457767752369059,1.99362244724858e-06,5.804308480873369e-06,2.694732672672374e-05,4.288720251970977e-18,1.4381419939762382e-05,1.151077998952606e-05,9.034181695392227e-05,0.0004845730940918039,1.4443970392537506e-14,1.77873850316662e-06,3.2539242210462404e-09,2.039478782056183e-06,0.0,0.0,0.0,0.0,0.644164828479605,0.0,0.2850067313552876,-5.939445142989345,2532435276.339797,338.65079872436
3.778532591154827e-12,0.0255916811041073,0.0,4.651761670780121e-07,8.4836759663347e-05,0.0046718969861601,8.50197914246281e-07,7.43716991819017e-06,0.154939667559465,2.0003429860644188e-27,2.1128883553098537e-15,9.477986656829442e-14,0.00019736100925246697,0.171793041941276,1.3408807369334224e-10,9.684526609499231e-08,7.49583712582507e-06,0.00011446500501981763,8.672202737798654e-06,2.1056512085032062e-06,2.8027099915489093e-10,9.761004420301805e-09,4.258241941486712e-06,9.325343031612301e-17,5.1680362205143836e-08,2.5314326086925372e-06,1.1132310976713132e-05,0.00011649310955769095,8.651176175480218e-19,2.7501468895885084e-10,7.347570552628911e-13,3.1958767811518236e-10,0.0,0.0,0.0,0.0,0.6429188756493289,0.0,0.28549874129396924,-5.844794155237517,1368209003.7858262,328.669503074444
1.926517576386168e-12,0.0258050600392629,0.0,9.664680344572518e-08,8.80422383788896e-05,0.0041049771265504,8.72086586051135e-06,8.04162444636673e-05,0.1555874756554389,1.6484754634657588e-28,5.609763355940505e-16,4.444041547618157e-14,0.00016049358164742247,0.172314253427432,1.0237545684941691e-08,7.705246609075601e-06,1.8045775368810462e-05,0.00021266340901578636,0.0007201618242233033,0.00015448998882661207,3.6924447308956178e-06,1.0370182255214539e-05,2.9545033616124108e-05,1.0797205557727384e-18,2.9119835011156736e-05,1.1207890584409138e-05,0.00012297750940305104,0.0004193868325130622,1.758647329000014e-14,4.394788490637235e-06,4.6988118525297375e-09,5.031426686879825e-06,0.0,0.0,0.0,0.0,0.6421001915129371,0.0,0.2863864515255786,-5.884539451573386,2447295232.140418,319.91866724130404
1.4686181740315529e-12,0.0258696244840629,0.0,8.888840990160754e-08,9.22687366523322e-05,0.0036947792935046,1.0680518356847584e-05,0.00014516441933857115,0.155963824500346,9.898242270412313e-29,3.0151349298093477e-16,2.7636835097491963e-14,0.00014323481909429145,0.172417537608474,1.3356552256657428e-08,1.141579837399937e-05,1.6288493483308864e-05,0.00019543341205092039,0.0009154929082128797,0.00026690278822790706,1.4961027634286345e-05,2.648402959407513e-05,3.786077156386394e-05,1.4486593232659715e-18,7.205051577660012e-05,1.398560832948072e-05,0.00014028339482920893,0.00037905312293115936,5.1002016267665756e-14,2.1045269721656704e-05,1.2324065955429324e-08,2.38769979724022e-05,0.0,0.0,0.0,0.0,0.641961965376959,0.0,0.2862962759359522,-5.9440949389060025,2697549360.5595045,314.313400062274
0.0,0.025921361347025,0.0,2.122205579854438e-07,8.995967283398599e-05,0.0029255987463216,3.212585626865987e-06,3.25047624494202e-05,0.157474543214998,0.0,3.1746368086656786e-16,1.9770840190479415e-14,0.0001664584227999766,0.172924511233582,3.060686739820461e-09,2.45633993067733e-06,2.167342574060844e-05,0.00017978465110881083,0.00023419411389870404,2.6837157600093028e-05,1.0442893643920718e-07,8.399873064530432e-07,1.09653167614746e-05,1.4805639291473293e-18,2.6338233082719115e-06,4.171121296738386e-06,8.930133966139493e-05,0.0003289080477662276,2.0666566902525214e-16,1.2751216160084683e-07,5.357062495137325e-10,1.4671523050728696e-07,0.0,0.0,0.0,0.0,0.6406640257852391,0.0,0.2864218379046264,-5.832361226296069,1803541810.2576342,311.019909033219
5.137836699799728e-13,0.0260540105603341,0.0,1.0054839995315242e-07,9.48338322721529e-05,0.0021174455153037,9.94643857786079e-06,0.00013072799973424715,0.158695012958812,2.951955062503345e-29,1.3172422370187722e-16,1.1132927629916206e-14,0.00013184693557581674,0.173221454478,1.1757844458215317e-08,9.368199215839169e-06,1.6439623570869416e-05,0.000169194220990779,0.0008508742657076072,0.00022896881462192248,8.849147978892463e-06,2.1689879201659598e-05,3.2945712846177984e-05,3.614057331146881e-19,5.929023151593411e-05,1.1394713478019935e-05,0.00015856622183861883,0.000343535008256696,2.5226986390881292e-14,1.4266110484901434e-05,9.059521723665858e-09,1.6149995667109596e-05,0.0,0.0,0.0,0.0,0.639817242655278,0.0,0.28627342177344606,-5.935555670758858,2574605920.338131,304.692376297404
2.1265731688998508e-13,0.0261152119841888,0.0,1.4472520966685092e-07,9.67214822673631e-05,0.0011315381308333,6.910336932602448e-06,7.178012927332941e-05,0.1594473812773469,1.6199600571881955e-29,1.1344183033647885e-16,7.398014597029303e-15,0.00013670624237461886,0.173842968210891,7.131380176980476e-09,5.192297206497669e-06,1.8753918698243854e-05,0.00015017288323893832,0.0005415893034367222,9.789749920991473e-05,1.036991468808043e-06,5.398112396936239e-06,2.168937314441224e-05,8.333725358005638e-20,1.676194518826558e-05,6.869550205695877e-06,0.00015693039907492082,0.00034283046084324656,2.7222997467808067e-15,1.670343605733051e-06,2.4140924450122744e-09,1.897605719972104e-06,0.0,0.0,0.0,0.0,0.639366178914474,0.0,0.28679087889938326,-5.829666516261582,2250358834.0811696,300.458881721251
2.847132584963518e-13,0.0261765008845188,0.0,9.896645555535385e-08,9.6916864807913e-05,0.0008251838303209,1.1168271865870789e-05,0.00024717809304497827,0.159365666033014,1.2839194509148874e-29,5.1556820503620764e-17,5.2453248751088665e-15,0.00011115600132313047,0.174172786775283,1.301709022623681e-08,1.4539828814721862e-05,1.4144487360993317e-05,0.0001485402701455183,0.0009358379359116939,0.0003580448038710361,4.268251535758384e-05,5.2904178055480774e-05,4.19839683216241e-05,3.0398271653704423e-19,0.00012945229743092682,1.4565888212816228e-05,0.0001720531033397826,0.0002811486992642429,5.795321847499285e-14,8.328881866205723e-05,2.9815066059146213e-08,9.206612187190632e-05,0.0,0.0,0.0,0.0,0.6393629456120551,0.0,0.2866075587292454,-6.066783805762107,2710645287.934391,297.15737210468603
2.2725373620059423e-13,0.0261511164957613,0.0,9.323677752119151e-08,9.24055187147895e-05,0.0011378942485793,1.0452214081679942e-05,0.00019528670458649174,0.158569216467536,9.328570561090567e-30,4.5575212417274263e-17,4.445673408488466e-15,0.00011170297395332192,0.174390512242124,1.2070161458603669e-08,1.2030296132369545e-05,1.4550538769887002e-05,0.00014946715751884361,0.0009069298044133594,0.0003057843921413012,2.469394110689078e-05,4.0111387410860976e-05,3.7529218155796805e-05,2.0870106480188806e-19,9.950753543794398e-05,1.2973667010799198e-05,0.00016749209838245424,0.00028296839694230756,3.9811718403984e-14,4.620020502248166e-05,1.905531319460872e-08,5.142047739347151e-05,0.0,0.0,0.0,0.0,0.639658855027286,0.0,0.28736155892905,-6.007303282850135,2517545120.3038125,296.043176487541
1.26402496720303e-13,0.0261947044507695,0.0,1.7380860424807494e-07,9.51161450843792e-05,0.0012156820391743,5.279634987801794e-06,5.813151337050766e-05,0.158404729138484,0.0,6.350794867790182e-17,3.842025020374753e-15,0.00013056580528582012,0.174480460367408,5.022705986589139e-09,3.845533843330007e-06,1.9422749762640273e-05,0.00013340566361315132,0.0003994096146630054,6.120952601017231e-05,3.837205260991089e-07,2.698856974552937e-06,1.6949864359709184e-05,2.3688068023468944e-19,8.917267270431465e-06,5.110998132166841e-06,0.0001510619072778773,0.0003116934798407196,7.105622787538552e-16,6.465679265206176e-07,1.3460341346155503e-09,7.33428984229283e-07,0.0,0.0,0.0,0.0,0.639609307859079,0.0,0.2882123443463147,-5.7876793051351925,2093792630.7890966,294.370379296853
1.9071280635996038e-13,0.0261681393659543,0.0,9.335667538679248e-08,9.180600166864108e-05,0.0006138048293446,1.0265920626136312e-05,0.00018679737106138715,0.159215903685126,7.496568388248402e-30,3.9696932575579957e-17,3.824740214576184e-15,0.00011054346081629023,0.174850110734876,1.1721210703677811e-08,1.1495970424828696e-05,1.4615088746461273e-05,0.00014714090344710625,0.0008952159880883618,0.0002941841381832387,2.1771191324461596e-05,3.789857436810061e-05,3.639834526034486e-05,1.6435901590748697e-19,9.374408855276441e-05,1.2493323496018434e-05,0.00016882518603942827,0.0002787563162654743,3.487095972216832e-14,4.1061299955655256e-05,1.7340369285524828e-08,4.563291611148241e-05,0.0,0.0,0.0,0.0,0.63906023538303,0.0,0.28747550212276246,-6.000315075864664,2474185957.998067,294.671403959683
1.273149416174394e-13,0.0261281744164015,0.0,1.1448945444528914e-07,9.099557173944028e-05,0.0010677260645022,7.928312769429689e-06,9.402292566012882e-05,0.15813761824489,4.5478788017531774e-30,4.789426799621203e-17,3.5201949370833095e-15,0.00011973341597733861,0.174816739458403,8.313671271491257e-09,6.430107070482515e-06,1.6594205373421578e-05,0.00013992583144678864,0.0006624887868421214,0.00014367492836108331,2.729825893130191e-06,1.0925841145480723e-05,2.486118511228438e-05,4.9818964029703506e-20,3.078501019716882e-05,7.818727366209798e-06,0.0001676360683977716,0.0003023225557264856,6.019289600170481e-15,4.7957086663083695e-06,4.282197457924213e-09,5.405944777479216e-06,0.0,0.0,0.0,0.0,0.6397587462440639,0.0,0.2882378537943671,-5.87758645329551,2170653119.579993,293.97496913895304
1.1346335133112606e-12,0.026124091776844,0.0,1.6963844076234676e-07,8.94092164836299e-05,0.001507949029711,4.62848063517102e-06,4.840992706389184e-05,0.15743275977561,1.4285478014044791e-27,7.540932599838484e-17,4.642076251326094e-15,0.0001344290120943296,0.174460915680215,4.2661352155110965e-09,3.432640296702336e-06,1.9751907526203967e-05,0.00014150715303078168,0.0003494874753630137,4.887973005764097e-05,2.7114780885265495e-07,1.9460583867466637e-06,1.5031087019652398e-05,1.3882328002507319e-18,6.3943861489262605e-06,4.841825347561723e-06,0.00013157556154606828,0.00031131072741858145,4.910906720983594e-16,4.156805518708902e-07,1.0517622443039952e-09,4.726833221747698e-07,0.0,0.0,0.0,0.0,0.640384874521136,0.0,0.2884468014712051,-5.7895632652975015,3387028820.7314644,296.720028052314
4.444861974727891e-12,0.0261707152391642,0.0,2.622027228563117e-07,9.11286731326904e-05,0.0017211039196409,2.421932795364574e-06,3.283969949312148e-05,0.15769837182048,2.896383661940167e-27,7.375841912194065e-17,4.293642648149024e-15,0.0001422098291774232,0.174219035611362,2.1453386709968594e-09,1.8543900314575678e-06,2.0918525653746105e-05,0.00013464694843694583,0.00017602274464983446,1.8984637053889895e-05,4.330548107290348e-08,4.838179693778096e-07,8.865793921689687e-06,5.23707104722715e-19,1.795539832036211e-06,2.91557382823582e-06,9.721010169623786e-05,0.00027432721551753957,4.3054616744070813e-17,6.487063322209216e-08,2.847316381605518e-10,7.397085765252519e-08,0.0,0.0,0.0,0.0,0.6400996447362199,0.0,0.28833770420835797,-5.776422205854746,9198336710.394934,295.775356409341
2.9568926426083463e-13,0.0261702803404987,0.0,9.926901149616147e-08,9.28417629255043e-05,0.0013168628045203,1.1587899262270701e-05,0.00042995679031842426,0.159083041291375,1.3397110354839195e-29,4.5329406167916413e-17,5.069011990653329e-15,0.00010274945614935202,0.174157848607671,1.1642218167044321e-08,2.6891317646371036e-05,1.22403738162089e-05,0.00013532642780225818,0.000836514329806686,0.00040742881446290927,0.00019960787208239862,7.817917770427036e-05,4.9324250204377207e-05,3.9012305779677527e-19,0.00016927972456955376,1.7708207376305287e-05,0.0001610788821400072,0.00025593196218010034,9.777945719946336e-14,0.0003983594997931696,1.1282756135594343e-07,0.0004168844126629776,0.0,0.0,0.0,0.0,0.63917912519301,0.0,0.2852865955856908,-6.121415615540558,2576472030.040259,297.237935875943
3.446044269131716e-13,0.0261603249575017,0.0,8.949682898410916e-08,9.08462434747388e-05,0.0014866914722915,1.1033993838118558e-05,0.0002729399388323624,0.1589798792840369,1.4951236381782435e-29,5.556548963282209e-17,6.0016297781865844e-15,0.00010950578464125205,0.1741046021124929,1.2329266185602327e-08,1.6763074554316356e-05,1.3370965211389036e-05,0.00015005050181334496,0.0009096374352193562,0.0003693024534853067,6.368483714525379e-05,5.739881582301978e-05,4.401911180590776e-05,4.251386525123704e-19,0.00013722281317221679,1.5787296867670413e-05,0.00015771643792764667,0.00027748808357385725,7.305200199602935e-14,0.00011737903186945146,3.941691614809649e-08,0.00012892730743693724,0.0,0.0,0.0,0.0,0.639177655930202,0.0,0.2865220673096165,-6.066180462305649,2557019557.6653247,299.093064554815
2.0074877101493888e-13,0.0261390065473065,0.0,1.6763253335947713e-07,9.41299717211838e-05,0.0013220079045999,5.331179780805714e-06,5.3007774836528044e-05,0.1593234249350709,1.739057375454376e-29,1.4020838655492455e-16,8.698480358313473e-15,0.00014419530791937664,0.1737966439393209,5.185363427473452e-09,3.9377014364944675e-06,2.0154120239516085e-05,0.00015477956836383643,0.0004022046430715733,5.9969835173938824e-05,3.966224377580315e-07,2.5431079262231292e-06,1.711597548259724e-05,2.645841541344089e-19,8.228770881711406e-06,5.652224900038911e-06,0.00013471876934618494,0.00034194393834756874,9.306538430376497e-16,5.884302358811767e-07,1.3464722944056536e-09,6.707559437788869e-07,0.0,0.0,0.0,0.0,0.639324786701981,0.0,0.28697075809531336,-5.812008268559239,2088984090.6707115,302.301739092435
5.912577505343816e-13,0.0259842523833106,0.0,1.0578901181314558e-07,9.363898970453442e-05,0.0016537997766898,9.123577236063148e-06,0.00010135585068376115,0.15886495588957,3.8660608098689024e-29,1.8204716209177344e-16,1.4255919110399282e-14,0.00013977927456468807,0.173573706515854,1.047791397422382e-08,7.93369506873538e-06,1.7354365468134546e-05,0.0001746763331718243,0.0007649588048659343,0.0001787444163904279,4.575412557480218e-06,1.3899917268631096e-05,2.954444494494134e-05,2.9674623602955367e-19,3.938916617965179e-05,1.0238451730285828e-05,0.00015123508938886258,0.00036457055876994805,1.524519371940747e-14,6.844362899096251e-06,5.743457903616925e-09,7.764217105432716e-06,0.0,0.0,0.0,0.0,0.639829646444871,0.0,0.2862581135851072,-5.903475217708002,2482736121.9641457,307.276512113368
0.0,0.0257512206773277,0.0,3.7319697938361845e-07,9.07958187762704e-05,0.0030652764700713,8.942190956455075e-07,1.6580049944585753e-05,0.157400959495479,0.0,6.942707874610732e-16,4.1691811460372275e-14,0.00019042505494189682,0.172755117264448,9.006929891223925e-10,7.485655127263057e-07,1.8160271994151075e-05,0.00016955267829628316,6.504066806177113e-05,7.270258317597258e-06,7.508243025125303e-09,1.1988568016767604e-07,5.2832560156432556e-06,1.6787261724571985e-17,4.2394714652550835e-07,1.8521314497142932e-06,3.980938245649325e-05,0.00022988229999808184,6.398774704811226e-18,8.150191145209591e-09,3.438213796258927e-11,9.404045707183386e-09,0.0,0.0,0.0,0.0,0.640936630273897,0.0,0.28561020089711914,-5.840845939575122,1634726602.590262,318.748861271272
0.0,0.0254971899655287,0.0,2.7088076730339426e-07,8.61289555562739e-05,0.0054958547397584,1.4905850796681688e-06,1.7418396212225428e-05,0.154906343850324,0.0,1.850670703115391e-15,1.2398913876433644e-13,0.00021054780326117207,0.1714432837862309,1.5592054348548224e-09,1.22754572326787e-06,1.9875578751146442e-05,0.00022726095915816713,0.00010754582264995243,1.2127294313747331e-05,2.9693254904039242e-08,3.1433439187249447e-07,6.7476457842634675e-06,2.5882503261744832e-17,8.270791343696813e-07,2.7355889730261316e-06,4.249737046059719e-05,0.0002787574394144257,5.389541538027558e-17,2.6812954109320182e-08,1.241374937843812e-10,3.104517598365298e-08,0.0,0.0,0.0,0.0,0.642571198702601,0.0,0.2849060216914546,-5.890528612600875,1761624851.8792071,331.631689404697
1.3923328051173998e-11,0.025201024573756,0.0,1.98233293021852e-07,8.44692368315052e-05,0.0078353037656583,2.483808348787572e-06,1.84354202806823e-05,0.153175229708753,0.0,1.0129019283320566e-14,7.438012537505139e-13,0.0002543685022737712,0.169542040124098,2.887779026905427e-09,2.060194879707125e-06,2.117515515411745e-05,0.00033157218842589173,0.0001753245933461921,2.1475420826398407e-05,1.418641065641791e-07,9.201359308726009e-07,9.757468816531147e-06,6.480515459906568e-17,1.6556891871475946e-06,4.794657956355924e-06,4.0242335040690394e-05,0.00035082517893133305,6.902778875189667e-16,9.88253488619475e-08,4.727275729350741e-10,1.1343804039670649e-07,0.0,0.0,0.0,0.0,0.6441619325909029,0.0,0.28318467411781917,-5.973173400219478,2176831901.2399797,354.144748808166
4.4003341001313105e-10,0.0247172483137182,0.0,2.917973226244422e-07,7.87946696959303e-05,0.0112737221188816,6.393627151961338e-07,6.071825741557692e-06,0.149991676604841,4.318843251102177e-25,5.75231714274425e-14,4.210935982188419e-12,0.00028914657203344877,0.167251629583346,4.112681866406582e-10,2.0562042015472645e-07,8.962066312308136e-06,0.0002552549175138594,1.7103333095962412e-05,8.808107621993476e-06,3.4362756454038143e-09,6.649002417773654e-08,1.228782043696189e-05,2.1877596477893032e-15,2.0369703568129859e-07,5.048723783063292e-06,8.766174767481266e-06,0.00014448287923608496,3.6175742275439446e-17,1.9123025865947206e-09,5.061591768313347e-12,2.174628078351533e-09,0.0,0.0,0.0,0.0,0.6466869287095172,0.0,0.28102521180970225,-6.0252271804929975,1859504053.5701432,379.451412544133
3.7112442981685256e-09,0.0241305676321796,0.0,1.4841021612832036e-07,7.693344385957621e-05,0.016213921555975,2.6828751987725036e-06,1.3511813940377732e-05,0.144452896809812,3.57126166360963e-24,4.567035863335329e-13,4.1800325077036856e-11,0.00039286587422907834,0.16393717679739,4.320738336046779e-09,2.575987061158284e-06,1.8710909957863446e-05,0.000647340235233848,0.00017635603451681268,3.243781907433992e-05,6.15821216746478e-07,2.5561357389488935e-06,1.3814347569199482e-05,3.1889584472453213e-15,2.2205387735668384e-06,7.99763908270831e-06,1.7943191312816223e-05,0.00035969479253717627,1.2555675604117762e-14,2.2014064614031773e-07,9.591026678422922e-10,2.402328182693925e-07,0.0,0.0,0.0,0.0,0.651188503760784,0.0,0.2792348222185018,-6.17711647878753,2932341667.567246,417.545899198011
4.3630782738497486e-08,0.0235644783423269,0.0,1.214787393124537e-07,7.438839975881909e-05,0.0217026739175364,3.717704054273079e-06,1.9169333077679294e-05,0.14046279335416,5.893383210616222e-23,3.056579746093733e-12,3.108982643058688e-10,0.0004883215854593956,0.16001720077459,7.39455410218201e-09,4.737832107340051e-06,1.8094154700834923e-05,0.0009177549068694352,0.00023920073008001672,4.979822670975642e-05,2.602536804305366e-06,6.395658766441628e-06,2.254139916574413e-05,2.9077452395778463e-14,3.2459693686431023e-06,1.4651169934368602e-05,1.42346964280409e-05,0.00040845758067671346,1.2921711656431178e-13,6.46892433424941e-07,2.8562334078439395e-09,6.754185085737843e-07,0.0,0.0,0.0,0.0,0.6541784652116279,0.0,0.27613027648393634,-6.296904308960175,3546606790.7332325,457.344040507484
1.0183592919716585e-06,0.0227900250363426,0.0,9.922357592176707e-08,7.57553502156583e-05,0.0285577791923866,9.476188195798752e-06,0.0003300757904148705,0.1360020260592,2.0981475371757858e-21,3.1411755119912486e-11,3.5135780999347954e-09,0.0005872278964280588,0.1547929340799599,2.1012654044516402e-08,0.00020805518214420612,1.4448045528691372e-05,0.0011844996560336607,0.0004105575109557217,0.00023716206157818373,0.00019353004976310466,2.8860032670456155e-05,8.761964118652749e-05,3.0860649401925196e-12,2.2559250454264145e-05,4.982604297808511e-05,1.8498119897158457e-05,0.0006805791069862724,7.419743147559105e-12,3.3137872665874125e-05,5.640741496558947e-08,2.9786408852819285e-05,0.0,0.0,0.0,0.0,0.6577814802818941,0.0,0.27081197134133855,-6.435223762270501,4799710738.498747,514.243033257805
5.1528284784632925e-06,0.0223430433666392,0.0,1.0177640542951598e-07,7.584400050071701e-05,0.0329539374251332,1.1861939056606703e-05,0.0008637515704509459,0.132677442742584,1.5528253609865552e-20,1.4891726358313702e-10,1.4163203680650644e-08,0.0006859470228356921,0.151675799448786,2.3344732921310152e-08,0.0013687260726494756,1.3405752871215992e-05,0.0013509168854966222,0.00026545223592865704,0.000247020817724849,0.0007937466691610404,2.451571785762797e-05,9.862191867537589e-05,1.523825700424228e-11,1.882612368612603e-05,5.9758565095345124e-05,1.3490535548097425e-05,0.0006097702238369676,1.4442926351022731e-11,0.00010135949575455762,1.480118547741831e-07,6.405682168932763e-05,0.0,0.0,0.0,0.0,0.6602739330163571,0.0,0.2677055501801932,-6.1012357837918785,5250363461.8083515,553.471357929633
1.683964876342311e-05,0.0219689678832222,0.0,1.2943015367927065e-07,7.63559913656777e-05,0.0370102864536033,1.606452863662677e-05,0.0011239974266997873,0.129825482721052,8.472612988285802e-20,6.559909596996311e-10,4.4018446917430855e-08,0.0007631123719282571,0.148564468911021,2.6269024489747247e-08,0.0010837841533478955,1.2199352673502023e-05,0.0013598361464087153,0.00015065140247191562,0.00026308014720862323,0.002926650586703262,1.609427731022012e-05,0.00010773830569695025,4.476077193102635e-11,1.6328593095464075e-05,7.042683531280111e-05,1.0131359337012132e-05,0.0005255956342570738,2.2213909513683165e-11,0.0002621566027184358,1.5802223345478314e-07,5.171948040289516e-05,0.0,0.0,0.0,0.0,0.6625544380397349,0.0,0.2632569329636475,-5.94843517571682,5528421670.627018,588.7000563676
3.7024093768336916e-05,0.0214608180900042,0.0,1.6482625780887218e-07,8.1434532025495e-05,0.0413769399754665,1.839842458320145e-05,0.0009034771759655757,0.126969546884401,3.53022304283902e-19,2.734931783587879e-09,1.1469557156822538e-07,0.0007289952912917592,0.145097749095085,2.536206341146128e-08,0.0005166924443816916,9.904571759807824e-06,0.0010426414444827039,7.16459876659459e-05,0.0002490385334357914,0.14308803348770735,7.783942526479837e-06,9.403487483181292e-05,7.594083089579668e-11,1.2974290267342366e-05,6.754617348530603e-05,6.913776291087827e-06,0.00038784060906450513,3.157370390839475e-11,0.00034787238576141624,9.255500821291007e-08,1.8221356376298294e-05,0.0,0.0,0.0,0.0,0.6650135114230171,0.0,0.17332529726788645,-5.973996356487138,3830594605.248563,623.6508520686799
6.069717120739659e-05,0.0208487952445601,0.0,2.347442541442928e-07,8.390588179948249e-05,0.044993564147402,2.5852527949041532e-05,0.0009593469435929014,0.123671383892875,1.0832491869608559e-18,7.69189121214818e-09,2.4906870730687306e-07,0.0007957408695907675,0.142170227882307,3.078500962878221e-08,0.000352101870441892,9.774959070585397e-06,0.000973042382471464,5.15140959792301e-05,0.00032051591779712444,0.09644408841007916,6.503441895786563e-06,0.00010811368591982865,1.3957488124069354e-10,1.669531922287646e-05,8.342181872083389e-05,6.563535794173245e-06,0.00037774796861816257,9.344726945347357e-11,0.00027043835179260076,6.271691199830514e-08,1.3877543433231987e-05,0.0,0.0,0.0,0.0,0.668232122951056,0.0,0.19698473219949958,-6.139423095259374,4555027445.717574,654.197655378919
0.00010315487506613194,0.0202605956682723,0.0,3.8277017683183525e-07,9.00539940170662e-05,0.0494794736845879,3.142897633737708e-05,0.0007651804653078125,0.119952009969388,3.238953978698819e-18,2.8698319771235885e-08,6.884241581465246e-07,0.0009192595755734262,0.138876731023958,3.72667887367205e-08,0.00025383860011953153,9.939457133348693e-06,0.0008553101602149356,3.6194876983501064e-05,0.0003600594531745287,0.0513659297478945,4.500337083680896e-06,0.0001042898045334682,1.8008772536985238e-10,1.490567916553496e-05,8.933327614115018e-05,5.418027939818267e-06,0.00032601752238152075,2.4737680858406085e-10,0.00013472699761157302,3.130058459567237e-08,7.003413820301189e-06,0.0,0.0,0.0,0.0,0.671341135659776,0.0,0.22187629538912418,-6.341548480653177,5822515201.271585,687.332463837686
0.0001763389848688541,0.0196764073836919,0.0,7.48264295575392e-07,9.942727190160192e-05,0.0545347331148518,3.685026588335003e-05,0.0005211727824395515,0.11609172586205,1.2380155963514511e-17,1.2623881648096796e-07,2.169240439559903e-06,0.0010551537431796065,0.13557581464913,4.844181122548991e-08,0.00020108029663537113,9.880923771376949e-06,0.0007078828027638174,2.3773630600968484e-05,0.0003935363622982212,0.03410920789311435,2.861616069569278e-06,9.086761460306286e-05,2.0845070261571798e-10,1.191890818638503e-05,8.881619979547893e-05,4.085884675848936e-06,0.0002556942671045813,7.820169458003649e-10,4.796294375282372e-05,1.2058570607351921e-08,2.8986317851287953e-06,0.0,0.0,0.0,0.0,0.674021891718376,0.0,0.23043738889317575,-6.556458120054107,7126965062.977396,730.626352096167
0.00027519656418764236,0.0191360299098796,0.0,1.4836209863810968e-06,0.000110234391506,0.0600163416918873,4.2303701020286204e-05,0.0003518627535117725,0.1104878975343469,4.459029751594716e-17,4.3292229903283583e-07,5.539141911006532e-06,0.001166963129266967,0.132010706079228,6.941597634664103e-08,0.00019632291772111307,9.64697152923731e-06,0.0005850506812644154,1.6158621499431628e-05,0.00043377668226391396,0.030219397864762892,1.9509790816877635e-06,7.80564600259725e-05,2.34316615240553e-10,9.682580658140095e-06,8.477532600944391e-05,3.128410775837072e-06,0.00019758031857688223,1.8740112159878145e-09,1.5675239107812063e-05,4.799216901872784e-09,1.3382313243749233e-06,0.0,0.0,0.0,0.0,0.6782387903931519,0.0,0.2312232490201385,-6.5134738076783965,8358053412.76782,773.0250392874451
0.00039472036998805266,0.0186522646368306,0.0,2.7424232782894262e-06,0.0001232457215074,0.0655477909958151,4.833293105315341e-05,0.00024513961142430405,0.10531214363099,1.3471873318177615e-16,1.1087985769340431e-06,1.1083320172210791e-05,0.001247734193742114,0.1275347835682,1.0261124038442113e-07,0.0002094424789622743,9.26703789425109e-06,0.00048103431685224743,1.1484864705333587e-05,0.000494129693459201,0.02892839381340405,1.5094224905380387e-06,6.977513829637312e-05,2.6946211293359636e-10,8.439491158417282e-06,7.97338953316809e-05,2.528949828093211e-06,0.00015561524794669774,3.2605488248355932e-09,5.721855707829937e-06,2.3349079000668866e-09,7.630514701184638e-07,0.0,0.0,0.0,0.0,0.682829771446657,0.0,0.22959786817823774,-6.62383022942814,9653804957.560532,810.11693496821
0.0005770038180531175,0.0182820765702643,0.0,5.376014255683167e-06,0.0001459862507314,0.0712181183919648,5.681190107776514e-05,0.00016452711665267881,0.102605293884279,4.3835861101539557e-16,2.6941476557609985e-06,2.101325445404919e-05,0.0013405575020101603,0.122740636787271,1.6334259804883675e-07,0.00023138962230034792,8.911329146981551e-06,0.00038130062303440434,8.108064991929606e-06,0.0006086217994834055,0.028522125547585393,1.2904853816685542e-06,6.53877926662125e-05,3.361893195466322e-10,7.808970196515891e-06,7.397552398430279e-05,2.0998493542662257e-06,0.00012133648732172665,5.059929682110164e-09,2.105102898232701e-06,1.248768911256818e-09,4.782273377514298e-07,0.0,0.0,0.0,0.0,0.68500788811549,0.0,0.22630737743850635,-6.775839500852957,11796625964.966656,849.735831047133
0.0008898197261756119,0.0178377240374728,0.0,1.1566785039288005e-05,0.0001766901252649,0.0770445104404707,6.564479000017012e-05,9.595701045308066e-05,0.0974261781414832,1.6833966410289493e-15,6.743220924009813e-06,3.968558558891986e-05,0.001441071957648246,0.117663594874779,2.8266595840862244e-07,0.0002500505710339319,8.133731552528798e-06,0.00028095893882646084,5.1411777378985775e-06,0.0007952776869996356,0.026407111625537966,1.1091429327241496e-06,6.174410494596447e-05,4.404688385474724e-10,6.822824396339813e-06,6.360265416032705e-05,1.6031170549020365e-06,8.583669469838088e-05,7.022461236031778e-09,6.01973641297644e-07,5.768198077688014e-10,2.5623723835098034e-07,0.0,0.0,0.0,0.0,0.6898513023805289,0.0,0.2248139184275881,-6.948525199232185,14935258033.782293,899.590212079049
0.0012777347006756796,0.0171510988248453,0.0,2.2551913399431053e-05,0.0002094211442303,0.0826848359221193,7.248851541389002e-05,5.8129166716167075e-05,0.0942037198401444,5.410717396195231e-15,1.3421869846062996e-05,6.470270596152745e-05,0.0015628329395394906,0.112556504210234,4.564720468817787e-07,0.0002656786547980214,7.389063643301993e-06,0.0002113316604975484,3.4825275015417545e-06,0.0010619279284856842,0.023919411139483104,1.0478802773560739e-06,6.369376457207227e-05,5.643479945890359e-10,5.931198251030314e-06,5.4851287088483344e-05,1.2133756214314835e-06,5.975579231205785e-05,8.644806774106281e-09,1.8648427665028383e-07,2.796007724836633e-10,1.3056853762182258e-07,0.0,0.0,0.0,0.0,0.693194420058427,0.0,0.22150134343165614,-7.071786379008521,18500569128.63508,951.145903455352
0.0017336550712760538,0.0162876016293108,0.0,3.711707927664946e-05,0.0002556355699712,0.0886086462354675,7.657786515670906e-05,3.8274297568724476e-05,0.0885193460280595,1.3794195655538872e-14,2.2588871996580843e-05,9.511113433216516e-05,0.0017519086417113934,0.107843254736225,7.317401407059943e-07,0.00028987497975364645,7.338912330826559e-06,0.00017144230807881672,2.832231654754288e-06,0.0013857671064664938,0.021865079679751886,1.0175247275494747e-06,6.961628579872974e-05,7.094614391638027e-10,5.423574072098406e-06,4.817143062565661e-05,1.024109557371686e-06,4.547768730423809e-05,1.0097942046234936e-08,7.228997429781082e-08,1.543303981376643e-10,6.84935143813375e-08,0.0,0.0,0.0,0.0,0.6984855158009661,0.0,0.21873471246409643,-7.11881862773213,23329322516.04968,998.516919760184
0.0023348406544078204,0.0154416650428538,0.0,5.880837809603982e-05,0.0003225035963447,0.0960838002977201,8.037166325235777e-05,2.5600760033889068e-05,0.0822664824512429,3.4298882466280013e-14,3.6066273479332106e-05,0.0001359848578821873,0.0020033797931028555,0.1024023121803,1.1879490385749064e-06,0.00031834073467292104,7.419594753040985e-06,0.00013899786890480723,2.4207827763144804e-06,0.0018374271679749638,0.01980676022768976,1.014572558441584e-06,7.942343586295817e-05,9.010526013646838e-10,5.060302887488642e-06,4.256810532454986e-05,8.964211081531727e-07,3.4932308877657586e-05,1.1759900323340817e-08,2.9165531181185473e-08,8.940016216641064e-11,3.4353685422051166e-08,0.0,0.0,0.0,0.0,0.703483236431538,0.0,0.21572728260563617,-7.24346559586559,30256489097.786144,1050.39711737628
0.0030546788539078103,0.0145945039421955,0.0,9.094148719792345e-05,0.0004075195345334,0.103093509869668,8.496345470759733e-05,1.805676258802132e-05,0.0774837907338954,8.583568202602534e-14,5.350819287789462e-05,0.00019008201480253168,0.002344030176904864,0.096574448540493,1.917937556465159e-06,0.0003578983073257384,7.371459997055002e-06,0.0001119530205582478,2.134579502213081e-06,0.0024808882606225935,0.017453594618198107,1.0670116434260386e-06,9.521044567074527e-05,1.1040644973351727e-09,4.581455879892078e-06,3.924720623613838e-05,7.862349374888686e-07,2.5847212314820427e-05,1.3398487817673808e-08,1.096665568053283e-08,5.527502437543154e-11,1.5349545175079145e-08,0.0,0.0,0.0,0.0,0.7078462273792142,0.0,0.2117378254941969,-7.352676455291184,39460966798.14136,1113.70406829768
0.003910529926871197,0.0136895499032559,0.0,0.00012609964088063194,0.0005219000518306,0.11179881029243,8.64927826386727e-05,1.28633467114328e-05,0.0672608866571221,2.0218537296319659e-13,7.737627184676667e-05,0.0002585426629419883,0.0027501908862972544,0.0900201226891435,3.16822628182629e-06,0.000405003168122243,7.413326803532283e-06,8.981617755116004e-05,1.9752891313978438e-06,0.003176127778047135,0.014785060756231818,1.0544987970827386e-06,0.00011063283856024218,1.2826591578833736e-09,3.971379305882237e-06,3.534846629832055e-05,7.246863152349333e-07,1.9463776152332732e-05,1.4274649156774596e-08,4.158331643891615e-09,3.58924341192608e-11,6.5059692841467666e-09,0.0,0.0,0.0,0.0,0.7167087304062181,0.0,0.2099770055642858,-7.55474163498237,51515097599.5924,1180.8706409924198
0.004637646772828489,0.0128621208388782,0.0,0.0001678488693729508,0.0006543235576885,0.119224572121272,9.153400865178465e-05,1.056086634262851e-05,0.0645511232363049,4.222537294302726e-13,9.597942561277848e-05,0.00031945685314338707,0.0031146241784497323,0.0830141726818442,4.395232288521534e-06,0.00044345754492343794,7.364029306115428e-06,7.287687211560258e-05,1.9016365692805885e-06,0.004047052022308604,0.01355571718488506,1.1710496088483777e-06,0.00013078713886816552,1.48493936217487e-09,3.795496841365783e-06,3.418050984708295e-05,7.252610080357493e-07,1.5828814912018543e-05,1.5920456674992727e-08,2.2751653803071584e-09,3.142934747459631e-11,3.7325032012442325e-09,0.0,0.0,0.0,0.0,0.7196936875640109,0.0,0.20325841536915754,-7.623430384165393,64338725350.21023,1238.4191572860302
0.005415992616001207,0.0122117089589214,0.0,0.0002160063429040206,0.0008072953307239,0.126411674544446,9.426016438539788e-05,8.544936045890041e-06,0.0617962291227021,8.191148053682588e-13,0.00011561482980770587,0.0003778634316979813,0.0034022897570347797,0.0758752987482761,5.677894835323726e-06,0.00046151249827864043,7.13229052177643e-06,5.823957250572134e-05,1.773481077184317e-06,0.0049945294737212135,0.01251835625700183,1.2548125923353973e-06,0.0001488207890197336,1.7237962835012526e-09,3.668236078756667e-06,3.162875453123552e-05,7.307752705669775e-07,1.3197326975689101e-05,1.7396797417582153e-08,1.4107792943637397e-09,2.897072489632254e-11,2.3722956403125272e-09,0.0,0.0,0.0,0.0,0.72289779329493,0.0,0.1970048588962099,-7.625141008413504,78024488368.5153,1289.3921150735198
0.006260123157919277,0.0113977010094903,0.0,0.0002733975544274507,0.001006553149493,0.134275585825825,9.587329068464276e-05,6.933476433756024e-06,0.0580706975520322,1.6427015593696129e-12,0.00013689981583228533,0.000443969090583597,0.0037216124521573697,0.0683077731112133,7.343483541195897e-06,0.0004814007295045874,6.847335562588583e-06,4.52137552650949e-05,1.6805839529906303e-06,0.006164172499987134,0.011416451228123445,1.3412128258043916e-06,0.00016940246033128327,1.9690683038021737e-09,3.4431882752674594e-06,2.8976837467193427e-05,7.510181761748699e-07,1.0849320914981069e-05,1.8533022498990446e-08,8.532163801706789e-10,2.67912633051758e-11,1.4545826302259453e-09,0.0,0.0,0.0,0.0,0.7269416893519459,0.0,0.1901942714633826,-7.652074538147096,94365728680.40083,1347.13969890414
0.0070543867371406005,0.0106034755411041,0.0,0.0003238746284477048,0.0012371515425847,0.142666868422482,9.581670313897664e-05,5.7557421894978346e-06,0.0518640630577183,3.343140779540645e-12,0.00016025546586832302,0.0005207268887350186,0.004112346582195615,0.0618596386811798,9.745612910599627e-06,0.0005173068576116098,6.561678179526171e-06,3.52000896442494e-05,1.666244755273273e-06,0.007349665106356593,0.010025934557948847,1.3886117167696007e-06,0.00018963531885650368,2.1215539331824243e-09,2.9269636817867957e-06,2.6786097188456285e-05,7.977544725023787e-07,8.720535722028914e-06,1.8018787591093964e-08,4.675659637965618e-10,2.3078186781457925e-11,8.085045138815161e-10,0.0,0.0,0.0,0.0,0.7317688027549308,0.0,0.18575158420783072,-7.703051639898466,112494419867.52696,1414.9216821317002
0.007833622922761022,0.0097759054508857,0.0,0.00038295143138596853,0.001492246114645,0.1496032596104969,9.178906085700686e-05,4.592287390450997e-06,0.0470320766476547,5.9400477823715116e-12,0.00018021525515667198,0.0005788480836151716,0.004316224291962234,0.0546799174634764,1.1621643594086532e-05,0.0005156857647936725,6.11714807615163e-06,2.6609717413067845e-05,1.5756790730163715e-06,0.008623476121201883,0.0090998502182482,1.3942087070534356e-06,0.000205540508479926,2.3420472282933863e-09,2.6593346081627577e-06,2.3094040130586265e-05,8.047056019126741e-07,7.245675124788658e-06,1.8062878821043556e-08,3.0360436923590705e-10,2.0479383097427674e-11,5.226777452251803e-10,0.0,0.0,0.0,0.0,0.7374165947128409,0.0,0.17953567885928715,-7.75143052229218,127584924230.18167,1469.6360936580304
0.008399882753640831,0.0093237717932385,0.0,0.00043468502024004524,0.001705308140138,0.154998321317428,8.975297006756678e-05,3.965397936336704e-06,0.0448400575065335,9.001646764167253e-12,0.00019281584930298505,0.0006194826685133504,0.004451848990847663,0.050144871412229,1.294731044821139e-05,0.000510776485940519,5.743450883063369e-06,2.1584946742160863e-05,1.5135928633827128e-06,0.00974181766928809,0.008523641281481953,1.4282945117111035e-06,0.00021869591549098657,2.5424036366205093e-09,2.4795347077943267e-06,2.0923906787333555e-05,8.140124656192082e-07,6.319983815998879e-06,1.8058662597839647e-08,2.287859236428733e-10,1.930917896162062e-11,3.922039821395222e-10,0.0,0.0,0.0,0.0,0.738987669830432,0.0,0.17529273144067284,-7.787335693222024,139595103140.52853,1511.30416607372
0.008658712942599518,0.0083436080738026,0.0,0.0005160705084630731,0.0019795875692164,0.159496484656606,9.06613228476366e-05,3.591907378436189e-06,0.0460740805578156,1.3571745379526537e-11,0.00018727393360640628,0.0006346829188237616,0.00449101707867393,0.0441574022194333,1.328311069928884e-05,0.000492741657490148,5.3230936151570434e-06,1.6529783308345782e-05,1.4725051441651487e-06,0.011575099310752538,0.008474233413613978,1.6549335686942553e-06,0.0002417069723444376,2.7989912574213504e-09,2.5327469643527117e-06,1.9604133367322097e-05,8.507461945232179e-07,5.594303061218316e-06,1.9666918282071395e-08,2.0452069725127955e-10,2.1554762353412666e-11,3.400515424039854e-10,0.0,0.0,0.0,0.0,0.7399488369231271,0.0,0.16530568900112913,-7.823300542651142,148068560535.72003,1551.7961155794
0.008707726414686976,0.0072193225554948,0.0,0.0005807797657915678,0.0022364709959066,0.161913525767682,8.677420041068294e-05,3.2425694661293585e-06,0.0446943539230578,1.7628148966399913e-11,0.00017777469908263142,0.0006276219068075815,0.004389591920451528,0.038379061867999,1.3202882833278184e-05,0.0004609642616008957,4.964261570209485e-06,1.289330455570833e-05,1.4186168553716492e-06,0.013135620644356786,0.008464963484296659,1.7969278250536728e-06,0.00025623075719399054,2.998433345910857e-09,2.693516823162026e-06,1.743596768549411e-05,8.422899729016471e-07,5.1730742670544e-06,2.178844539927207e-08,1.9494476435175702e-10,2.304369172222476e-11,3.115208690369522e-10,0.0,0.0,0.0,0.0,0.745557264889859,0.0,0.15633316555606191,-7.853938791414888,148872895166.03482,1578.878626825
0.008742128800171714,0.0061616919076777,0.0,0.000652804443342772,0.0025298616728282,0.164433377711975,7.978394651369846e-05,2.8837293676931626e-06,0.0422068669599372,2.221956943749068e-11,0.00016686514104109884,0.0006094188283246402,0.004194274662532244,0.0326619951359716,1.2862435111722499e-05,0.00041467051426278775,4.471005603088602e-06,9.672305109805906e-06,1.3103883465948707e-06,0.01484590858791406,0.00834726847748992,1.8852778990542054e-06,0.00026619324329471116,3.2126724990194177e-09,2.8842828443817993e-06,1.4606335855690354e-05,7.941356585670437e-07,4.7252786012899395e-06,2.4231482587663318e-08,1.836820540970594e-10,2.389023733716976e-11,2.8148833393308575e-10,0.0,0.0,0.0,0.0,0.752006206611611,0.0,0.1482370391705384,-7.884749095362377,146755868994.72244,1604.86731555495
0.008430179586629255,0.0053083305079991,0.0,0.0007668538901785318,0.0028035904680702,0.165845139362816,8.109952569520886e-05,2.7815420609356733e-06,0.0464011074167784,2.796442728115432e-11,0.0001420641651609805,0.0005703301020993811,0.003959841858459094,0.0280539215637739,1.1566548419391028e-05,0.0003683695320836104,3.88748467286203e-06,7.172381043268147e-06,1.1990134789410335e-06,0.017397065244644978,0.008550607518125315,2.3347534481962454e-06,0.00028552704218001734,3.4227830029214917e-09,3.1538589482923324e-06,1.3695898910065761e-05,8.023067979150862e-07,4.2578605013753534e-06,2.7524340216869258e-08,1.997158059985596e-10,3.054728704041248e-11,2.945965862697129e-10,0.0,0.0,0.0,0.0,0.751587910680562,0.0,0.13778549927124534,-7.897612627680784,142422508658.40994,1631.84748442345
0.008121259423039543,0.0044432545144503,0.0,0.0008777314726095194,0.0030416622141572,0.166684574832164,7.361456808916313e-05,2.574754618248796e-06,0.0472042748627362,3.019342325380358e-11,0.00011826967548306753,0.0005054797277810657,0.0035040371390011563,0.0229229570399357,9.751933116046459e-06,0.00029353888180211026,3.133834201000266e-06,4.998409271323627e-06,9.72330157564659e-07,0.01962260586384341,0.008435671952999033,2.5477063539781653e-06,0.0002845243028621581,3.5753870629093726e-09,3.5556823711444613e-06,1.0948168800396444e-05,7.033756679400377e-07,3.790227280158985e-06,3.161097940603085e-08,2.1232952615224867e-10,3.5407454747039944e-11,3.000735539857539e-10,0.0,0.0,0.0,0.0,0.7557032765365559,0.0,0.12892763708993976,-7.91155397938646,128741402563.4122,1645.32430604884
0.007752434271554623,0.0038044867237579,0.0,0.0010225502988239652,0.0031564109213337,0.1657722118700919,6.689410904127579e-05,2.4720905904941925e-06,0.0516041648638813,2.8380612064590777e-11,9.083907399944175e-05,0.00041838561710561245,0.0029285318676769605,0.018480642697019,7.379524111485253e-06,0.00021034630497547937,2.3316130342963043e-06,3.4040043707351284e-06,6.981481405966368e-07,0.021990824135443968,0.008259510630814395,2.8298290759504918e-06,0.00027199326161002953,3.753029294221643e-09,4.23825852142391e-06,8.477536948528269e-06,5.805356587142505e-07,3.3399138369163916e-06,3.7591086464920744e-08,2.5137781775222077e-10,4.514036746938696e-11,3.4236826713622464e-10,0.0,0.0,0.0,0.0,0.7571820829239159,0.0,0.11960634282031683,-7.915902120948842,110005731409.99748,1643.5643224362302
0.00764531144063207,0.0033759290600465,0.0,0.0012559049839065367,0.0032906942948671,0.163639829948842,6.138676137979139e-05,2.485320921401792e-06,0.0594076466645421,2.623195796135762e-11,6.620840050019577e-05,0.00033275734163018436,0.0023713482933442644,0.0148725054324428,5.402242518427628e-06,0.00013621621164856997,1.6057844625364813e-06,2.204939720897393e-06,4.475645665895442e-07,0.025580718422852363,0.008007323308003356,3.2553562412914956e-06,0.0002556640457294474,4.239924993581247e-09,5.442305991165652e-06,6.290051022345466e-06,4.5584354022980656e-07,2.879421032144784e-06,4.772263016325383e-08,3.2694206077157255e-10,6.254728332145671e-11,4.3098430179316386e-10,0.0,0.0,0.0,0.0,0.755413394599259,0.0,0.10965216538478098,-7.926734866341874,95003592672.71912,1635.27646764156
0.007447060811809669,0.0029010251574597,0.0,0.0015063232617004308,0.0034199042369332,0.160369035779233,5.396162500949625e-05,2.5540612930985022e-06,0.0646008169047724,2.349113771412886e-11,4.56166628635122e-05,0.0002523578410199704,0.0018465561136152627,0.0115533761023773,3.9485854727787905e-06,8.167714797382815e-05,1.0255519099409942e-06,1.3173958323596856e-06,2.681114350701872e-07,0.0295281290695095,0.0074209257353209145,3.672225704326002e-06,0.00023043506237581095,4.712855455488675e-09,6.911141503953742e-06,4.3471859160860855e-06,3.4250895835055093e-07,2.3777970933299175e-06,5.995722011846128e-08,4.131187212855757e-10,8.27802021140032e-11,5.259913315580647e-10,0.0,0.0,0.0,0.0,0.757155841819224,0.0,0.10115012280721221,-7.935675731301598,78721967838.76816,1627.56425567007
0.006679462479130311,0.0024110655405413,0.0,0.0016643794986556108,0.0033639539609719,0.155930725541822,5.096805404721503e-05,2.7502106965536404e-06,0.0716870559213283,1.8371664713527368e-11,2.9308938312590096e-05,0.00018575958786165215,0.0014464241158722996,0.0092989128564244,2.8605355648003684e-06,5.22736145897543e-05,7.024837295343642e-07,8.775799981814704e-07,1.7837704468372524e-07,0.032366914694089866,0.007202764318772561,4.467295241914446e-06,0.00020915664431688807,4.8037736450265585e-09,8.883455660070088e-06,3.451219657258866e-06,2.834695842542574e-07,2.097629202632956e-06,7.499384546356848e-08,5.948749363033443e-10,1.181893891812725e-10,7.33076219703751e-10,0.0,0.0,0.0,0.0,0.7573082861789119,0.0,0.09273847585967504,-7.914680838839209,62355805733.96981,1608.0574118496302
0.005813422557060689,0.0018837292812404,0.0,0.0017597559241622003,0.0033214213720142,0.150840876702107,4.8794001819873686e-05,3.28552029717167e-06,0.0774771469223764,1.2969649359890928e-11,1.8459340576677216e-05,0.0001343967813653188,0.0011333960701575033,0.0075723592425767,2.110052402070843e-06,3.423074532839115e-05,5.1009015625487e-07,6.222528031040994e-07,1.287061159895265e-07,0.03454324194723146,0.007352072679734261,5.549651681288882e-06,0.00018911823547832193,4.861851645657327e-09,1.2761130072629063e-05,2.8263757884381367e-06,2.489319512561828e-07,2.0156227645620002e-06,1.0237657480560363e-07,1.0234310601539698e-09,1.7489086064601765e-10,1.2140951259648622e-09,0.0,0.0,0.0,0.0,0.758904466479685,0.0,0.08542543826074976,-7.885170869177715,49552896250.6299,1573.0377573880496
0.0048936208704849025,0.0014556349750539,0.0,0.001787768260757728,0.0031989451903522,0.145788925188269,4.751431552835809e-05,3.924510038249223e-06,0.0842259816820951,8.684026561831385e-12,1.1450903944610457e-05,9.596119186228871e-05,0.000883488128874382,0.0061900387165187,1.5285856560067919e-06,2.2747899456599053e-05,3.7572582014991215e-07,4.533987726403603e-07,9.658427563029895e-08,0.03562851679752926,0.007535039417751143,6.9288706672569265e-06,0.00016866832406980587,4.703657082274022e-09,1.8129203623257712e-05,2.392365697748072e-06,2.2614507147154998e-07,1.9556795176477984e-06,1.3723741832639772e-07,1.8102839872229405e-09,2.5551384778293677e-10,2.0814198675929678e-09,0.0,0.0,0.0,0.0,0.7591404742477099,0.0,0.07868128547762167,-7.840525231760229,38571664453.00749,1535.02222216323
0.004237199239034901,0.0011591599088985,0.0,0.0018727581296411444,0.0031055960979967,0.139964739620275,4.567028271922389e-05,4.5402523769462565e-06,0.0924957184272266,6.216887530704884e-12,6.931405524167643e-06,6.671553649725714e-05,0.000669024778020228,0.004959134074522,1.099194039160448e-06,1.3789126769945366e-05,2.507478986927538e-07,3.0162535446788053e-07,6.503158102051772e-08,0.037592757010237614,0.007344746045953083,8.607382286350502e-06,0.00014643060104555338,4.712731507512707e-09,2.535477215916495e-05,1.8962651113503164e-06,1.9542529112391262e-07,1.7709136262438501e-06,1.822218033784485e-07,3.0772606005444217e-09,3.638692056621579e-10,3.4552463151350743e-09,0.0,0.0,0.0,0.0,0.758315651871081,0.0,0.07168749498442852,-7.802520348794978,30288749450.569305,1502.6832068062197
0.0035087812415117393,0.0008816357683776,0.0,0.0018870540755991812,0.0029247236507848,0.134175989609193,4.187177723894705e-05,5.155708100214492e-06,0.0988879787893171,4.121505087917294e-12,3.830866112023818e-06,4.243933837612881e-05,0.0004656625900271687,0.0036642662339001,7.195100990642077e-07,7.3177034310368854e-06,1.4635941445013984e-07,1.758545036740564e-07,3.88338356618889e-08,0.0382362840220037,0.006694816051545436,1.0402569270117471e-05,0.00011731282376332347,4.4207937687440326e-09,3.453174326688763e-05,1.364320780082988e-06,1.579607277522846e-07,1.4887151683743411e-06,2.3431163573131055e-07,5.121933503981786e-09,4.9687745544168e-10,5.6276077579370295e-09,0.0,0.0,0.0,0.0,0.759465405948427,0.0,0.06623335269865391,-7.747521831513207,21693149131.439365,1468.46864584289
0.0030594355086327996,0.0007215734484895,0.0,0.0018208230035195643,0.0027582758912837,0.127519366610547,4.221344830469186e-05,6.202819631717591e-06,0.107247956418168,2.8490149150373743e-12,2.625792800418595e-06,3.1525317846845314e-05,0.0003729553393064117,0.0031480525380945,5.237888624550479e-07,5.10960626428635e-06,1.1830043379151538e-07,1.441032853339718e-07,3.221155834365276e-08,0.03711500100667966,0.0069795942941087725,1.2207043773476467e-05,0.00010224671318226139,4.365292953612461e-09,5.04375762246729e-05,1.2131396384343387e-06,1.5870199531246002e-07,1.5381949894113767e-06,3.135418111825209e-07,9.999064473672184e-09,6.589098112794424e-10,1.0824175117429385e-08,0.0,0.0,0.0,0.0,0.758604775093418,0.0,0.06114906134930362,-7.706100530256914,18047122664.084442,1419.76000816115
0.0027452514613143628,0.0006317370025372,0.0,0.0016838777363250253,0.0025504363788957,0.120709205569428,4.40675155065032e-05,7.487398540744071e-06,0.115120565495003,1.9735332570281278e-12,1.981377117351726e-06,2.461034896508753e-05,0.0003094572769091849,0.0028277866548001,3.8131955497629097e-07,3.875984942665389e-06,1.0850163061387347e-07,1.3426000325652686e-07,3.013637760843544e-08,0.03429218719965739,0.0075203367803917355,1.362144961361911e-05,8.937023331027109e-05,4.374627417667921e-09,7.372988343774575e-05,1.1602347484493823e-06,1.7408197029394416e-07,1.7193991348450077e-06,4.095232825157599e-07,2.119879702725638e-08,8.295856372506962e-10,2.2682136322352097e-08,0.0,0.0,0.0,0.0,0.758160268899335,0.0,0.05717104695246222,-7.671392190276441,15552553525.41162,1362.3302492425998
0.002368215449908426,0.0005457408647603,0.0,0.001492254502744945,0.002324746363087,0.113754933970667,4.582744924868914e-05,8.940954313356778e-06,0.122431149682735,1.3100784957070915e-12,1.463406687284871e-06,1.8666321282063654e-05,0.00024803056226444626,0.002414340995902,2.5932236443150793e-07,2.874197016954066e-06,9.60952440904975e-08,1.1824864275472826e-07,2.8087354727712252e-08,0.030442891336231008,0.007962889444465321,1.5028923382688737e-05,7.516189138699528e-05,4.089848572969153e-09,0.0001018758487344336,1.093027221221431e-06,1.9042766378165657e-07,1.8683298344923444e-06,5.019651316834446e-07,4.547221641517199e-08,1.018789626785107e-09,4.808891624902904e-08,0.0,0.0,0.0,0.0,0.758529088122847,0.0,0.05369355972611568,-7.622019671617096,12794750002.90615,1306.83438738702
0.001643233576034893,0.0004045183403347,0.0,0.0010894384290121954,0.0019762036150667,0.104268722378772,4.915882071095449e-05,1.1623849748200094e-05,0.13370475095178,5.783607001097864e-13,1.024639063585041e-06,1.3539850103647614e-05,0.0001924536166361151,0.0019109108909119,1.4212426711089024e-07,2.4933389712058815e-06,9.954364246179043e-08,1.1438379008939584e-07,3.5292546219776044e-08,0.02280963616633444,0.009715078067482869,1.7535749680920157e-05,5.943649208158449e-05,2.9010505658626947e-09,0.00014220571709250778,1.157265599200606e-06,2.5133055269365996e-07,2.2657282599720337e-06,5.85465654882136e-07,1.3785539303936054e-07,1.3430486317210441e-09,1.4337337382868529e-07,0.0,0.0,0.0,0.0,0.7577348938231351,0.0,0.048519432699754804,-7.499146947851577,9024203026.971746,1232.9022236447802
0.0003870041700517959,0.0001451156227217,0.0,0.00032102831385588193,0.0012418363614997,0.082873267975036,4.8649948782017606e-05,2.56238970338893e-05,0.155322737921123,2.845457157545285e-14,3.5333766230908095e-07,5.09349975067056e-06,8.435046946353141e-05,0.0007792877558885,2.018553595205945e-08,2.1507493981551665e-06,1.0853664333423578e-07,8.492242238590451e-08,8.949415249209627e-08,0.008081904185285134,0.023318672683986807,3.3320849221850955e-05,2.3031862682654e-05,6.60447930243146e-10,0.000237978703095885,1.040831628396637e-06,6.812357594115676e-07,3.4316419835301315e-06,4.88947077615485e-07,6.7959176054413734e-06,5.303605031410706e-09,6.667582860899538e-06,0.0,0.0,0.0,0.0,0.759637754363731,0.0,0.03639834078655876,-6.978697678173803,2703175749.5962105,1036.32837416568
0.0001410228189987855,0.0001210026239381,0.0,0.000132243185755386,0.0008829855896575,0.0711500945446648,4.271561064385608e-05,3.5341526694880885e-05,0.1684716366289829,3.5933846999091145e-15,2.612137702109695e-07,4.094527973084548e-06,7.808249096651425e-05,0.0007892634492154,9.80902150501857e-09,5.332327050321835e-06,2.9381903895672204e-07,1.8691561513951653e-07,3.9534933598877197e-07,0.004155999176459398,0.07172419152081767,4.9653367499267305e-05,1.7701831241256195e-05,2.52616209470983e-10,0.00022806622975201656,1.3956532059264048e-06,1.8627082206843104e-06,6.458800904229808e-06,2.140921868170481e-07,0.00010113181935092427,4.5107337221575395e-08,8.581762594687256e-05,0.0,0.0,0.0,0.0,0.7585850171635409,0.0,0.02247942023638395,-6.674431117668375,1408137381.7843697,926.442608027724
4.21454642463239e-05,0.000124145302391,0.0,5.070041601189514e-05,0.0005830588405716,0.0601554082064362,2.8753897354835276e-05,3.921783942896609e-05,0.180935484717964,3.652036803044909e-16,1.2691032985480613e-07,2.315821323175711e-06,5.657359685108727e-05,0.0007766512667206,4.00886121347904e-09,9.066386472099192e-06,5.824848605877598e-07,3.1646969099512026e-07,1.1302545712007664e-06,0.002093494208768971,0.18545797298192618,7.396796697341264e-05,1.2102489073265734e-05,8.394244179757989e-11,0.00018770884326467722,1.3877882291763578e-06,3.5573461768793363e-06,9.189651460900836e-06,4.285200217559216e-08,0.0010437018976904432,3.870700593195472e-07,0.0006116302790081739,0.0,0.0,0.0,0.0,0.757425251665917,0.0,0.0005816396152800902,-6.457757031401472,558485421.5886899,825.4214107775571
1.2873186646544967e-08,0.0001359883811155,0.0,2.489319732135513e-07,0.0003675505354639,0.0498367713422703,0.000311169683143663,0.00029922790519755764,0.192734854486587,1.583394591114764e-21,5.413869011287631e-11,1.9980496559776935e-09,3.520392337196543e-07,0.0007977450098407,4.4621207055849935e-13,2.105117111790074e-09,1.4055217555029128e-10,5.389355223180367e-11,1.4172409826220367e-10,9.839688785415263e-06,0.15650683101353124,0.011166228500741443,4.761423234571914e-06,5.381810491957667e-16,3.02302127732147e-05,1.6117240738657601e-06,2.345391432214267e-08,1.2045155901612866e-07,6.932273176626932e-07,0.3814518563251309,0.0006555574604493712,0.22655347433650017,0.0,0.0,0.0,0.0,0.756127090244722,0.0,0.0,-6.085301617713568,302738857.3504975,721.260323673841
1.3272320965673088e-08,0.0001225324077494,0.0,1.7944433080477485e-07,0.0002238268763992,0.0405582360596573,0.0002698925541359578,0.0003934158020342192,0.20247314773073,1.1032635983863653e-21,7.37703666809482e-11,2.149011848618312e-09,2.874505752396222e-07,0.000670070096821,1.7921954864554482e-13,1.5003375537042898e-09,1.0575371372534865e-09,1.1049741444992334e-10,8.349899131854618e-10,1.7703264068149817e-06,0.109296063206816,0.004748994160928511,3.5105491362525785e-06,3.738612978760473e-16,7.401253198181341e-06,1.1180373431447577e-06,7.076304660641833e-08,2.6435251373666235e-07,1.4959769415022274e-07,0.35324633045664894,0.0008099656211787764,0.26968738107058776,0.0,0.0,0.0,0.0,0.755952186828643,0.0,0.0,-5.931323525989213,237478005.99753502,628.232550112497
1.2580447509955103e-08,0.0001071301825482,0.0,1.5726785455255684e-07,0.0001375506285629,0.0330125066433272,0.00023736898189918073,0.0004414001069666451,0.2104973484552689,3.550418637442858e-22,6.369646814394954e-11,1.706756300716352e-09,2.887571283342862e-07,0.0006170421501413,5.575448506240669e-13,1.1445697090433421e-08,9.048980213208927e-09,1.727416852794849e-09,6.872118164878439e-09,6.580027660428297e-07,0.08221081028883494,0.002969410947595934,3.2342966813665224e-06,1.889601629677502e-16,2.7812779926563533e-06,1.0311177890766548e-06,1.6873940103538942e-07,4.4023074343522423e-07,3.134023159287504e-08,0.276849266805845,0.0008414257731626238,0.2601570715277701,0.0,0.0,0.0,0.0,0.7556284219401509,0.0,0.0,-6.001676359747119,267189158.31009638,544.016802403253
1.0534339313851177e-08,9.54549611353506e-05,0.0,1.3665885251830706e-07,8.50048441167795e-05,0.027192045056779,0.00019445914154386275,0.00043320426991731855,0.2169309663588189,9.752113855588165e-23,1.6403465022872245e-11,4.2778317488949924e-10,2.935761096531388e-07,0.0005897911550427,6.893730728026908e-13,2.7778772404919416e-08,2.1216410267562463e-08,3.4490683480870526e-08,1.743908913491473e-08,3.329315686171434e-07,0.05943074632585464,0.0019736794318172706,3.0481664373817315e-06,8.568163951411565e-17,1.4277737673130923e-06,9.775945070090694e-07,3.149898816136098e-07,5.978351680273615e-07,7.774346523688704e-09,0.201321406327295,0.0007720603695820966,0.21652436762240992,0.0,0.0,0.0,0.0,0.755106737624107,0.0,0.0,-5.997004084450263,265117828.1588617,484.662044078976
5.440274357060838e-09,9.45512136854576e-05,0.0,1.2678594084950197e-07,5.54808183571709e-05,0.0226229337143434,0.00014883283669184046,0.00039470628055370303,0.221817139708843,1.5831251678722997e-23,1.4393927229589956e-12,3.624302291580533e-11,2.81816010768083e-07,0.000566035408687,4.283565229954015e-13,3.349604499362387e-08,2.191869029434921e-08,2.8313396998327335e-07,2.1689619183603e-08,1.6957051415968028e-07,0.03809907337563912,0.0012435949960197816,2.6027352619776073e-06,2.1529679297607865e-17,7.252865983285857e-07,8.328762759119451e-07,5.488650736913317e-07,7.0722867816538e-07,1.5565061176661353e-09,0.1315255316693686,0.0006473924279767809,0.15569687745637495,0.0,0.0,0.0,0.0,0.7548438591360842,0.0,0.0,-6.056607507540937,246319932.3946395,430.1568583669
8.858230502447624e-10,8.81642791041664e-05,0.0,1.1873884553982836e-07,3.76914880874069e-05,0.0190409129655959,0.00010450303878474812,0.0003145231896228383,0.22511710011633,9.322086344087862e-25,1.5119894722971773e-13,3.7148235357956514e-12,2.649720870996004e-07,0.0005281405620349,2.597579481757719e-13,3.75869113476175e-08,1.981271081079144e-08,4.5250076996079857e-07,2.470456397139159e-08,1.0255287563440681e-07,0.022183788822151947,0.0007666032467599278,2.140028482232966e-06,1.9868999526870536e-18,4.260453233796713e-07,6.77222674666165e-07,8.018053295558699e-07,7.227565351865094e-07,3.470291894184632e-10,0.07949258597184616,0.00047786193139304016,0.09755446462428577,0.0,0.0,0.0,0.0,0.7551879905888471,0.0,0.0,-6.042405272703929,186874840.9523182,391.824497956653
4.0559370047536055e-12,1.6776427318933402e-05,8.149462482454985e-25,1.6824257805583227e-07,2.11223615436902e-05,0.0131943170955719,3.466945908647398e-05,0.00014567550995760628,0.2298412419825249,1.1334378521905644e-27,1.5501299380013247e-15,3.2590490246696126e-14,1.513041862181543e-07,0.0002121646148671,9.013775090143375e-14,4.203000635649783e-08,1.1574050391544136e-08,1.6120828529853766e-07,3.0739022422163426e-08,3.422028814616589e-08,0.00305867666942004,0.0001726214156535433,6.368279408389273e-07,2.613146212404074e-21,9.377113441742737e-08,1.739073362814597e-07,1.2199217570658613e-06,4.3558955364840136e-07,6.797820092334839e-12,0.01713055951046434,0.00015548738017515237,0.02068100334941021,0.0,0.0,0.0,0.0,0.756714377518173,0.0,0.0,-5.4439030129236325,60153952.45744946,330.857740074178
