Y_H,Y_H2,Y_O,Y_O2,Y_OH,Y_H2O,Y_HO2,Y_H2O2,Y_CO,Y_CO2,Y_HE,Y_HCO,Y_OHEX,Y_N,Y_NO,Y_NO2,Y_N2O,Y_NH3,Y_HNO,Y_H2NO,Y_NNH,Y_NH2,Y_NH,Y_N2H2,Y_N2H3,Y_N2H4,Y_H2NN,Y_HONO,Y_HNOH,Y_HNO2,Y_HONO2,Y_NO3,Y_HON,Y_N2,Y_AR,MF,CEM,HRR,T
0.0043439553100212075,0.0151203985275203,0.00011975472392910029,0.072161727890579,0.000491528236056,0.110519013310159,3.711319729448208e-05,9.438579619884828e-07,0.0,0.0,0.0,0.0,1.6718569161926108e-13,4.3599455932716095e-05,0.0012576601324408936,3.3454403350569243e-07,0.009376560769342221,0.0944906979849839,3.478411310365739e-05,1.4884470548220163e-05,7.311000559338763e-07,0.005119061255853818,0.00013840831798370593,0.00040410580539366754,1.0742780099360385e-05,0.0004714207585416096,5.800331870512241e-08,3.0789419978113183e-06,1.912731997368197e-08,7.177833022431058e-09,3.875853569958891e-09,1.0598767415373414e-11,0.0036216219559056504,0.707216634050701,0.0,0.22078733288920424,-7.511124742910216,46878275015.87622,1133.4718968675
0.0035638079537239184,0.0158052054787298,8.706197657644995e-05,0.0762757772232159,0.0004197532174928,0.10568872213866,2.7284817955579704e-05,7.397759060611801e-07,0.0,0.0,0.0,0.0,7.100744555864005e-14,2.880723386610303e-05,0.0008762693481197091,2.0705701365786192e-07,0.008387702146706028,0.0987393344776641,3.120454568593679e-05,1.4404921575593568e-05,5.013876653637332e-07,0.005438725726035206,0.00011367856430394326,0.00045125049177740026,1.0672454633389362e-05,0.0006133549423881443,6.218903770959428e-08,1.960239787641241e-06,1.2128820139685867e-08,4.051957308354136e-09,3.11292162592794e-09,5.093180147663537e-12,0.0021376419900801915,0.703071207464237,0.0,0.22606975281598837,-7.373105086317153,41519515087.45189,1096.88119992383
0.00057358104737996,0.0159835322082079,1.1011136964843596e-05,0.0809365026102388,0.0003657504670871,0.0995011351794645,5.384855385032495e-06,2.523919968428402e-06,0.0,0.0,0.0,0.0,1.3396976201492753e-15,1.5213012088403762e-06,0.0001467726976863685,1.1691309839867625e-07,0.0023563877358586138,0.102896331603589,2.5620747550375994e-05,2.1654690172416613e-05,4.315560359843497e-07,0.009829125759329527,4.800331103278389e-05,0.0020501447208117547,0.00010054004884494248,0.004149581639660148,6.487173045592075e-07,5.789770001776349e-07,1.543677883126007e-08,1.0853697510498534e-09,4.216966964040584e-09,3.132793566888172e-12,0.0007562020286275052,0.7003167479314129,0.0,0.23585236618972463,-6.966126466781889,47872515585.205505,1052.91224456113
9.523612213192172e-05,0.0164270541594927,3.0790685779789547e-06,0.0856588194249221,0.000321342263311,0.0923609190663705,1.937248960472123e-06,5.285694593604247e-06,0.0,0.0,0.0,0.0,5.720350948142434e-17,3.2638242932375813e-07,6.264738943685669e-05,1.990862747836498e-07,0.0008065911036158348,0.108824950554399,1.68230279019138e-05,1.7004375778312047e-05,3.3419065682018566e-07,0.009735481415178023,2.911486855720891e-05,0.004902969664655225,0.0004963341435016308,0.006194229561562155,1.2380767817858234e-06,3.117267693302904e-07,2.6685960336674102e-08,4.936471085100151e-10,1.8925735891763022e-08,1.564796019654816e-11,6.875836417822856e-07,0.6964069145315049,0.0,0.24315577754764228,-6.674256220324122,46930527990.263756,1006.14340291173
2.6814905471765957e-05,0.0172370596500919,1.6143517290424667e-06,0.0904413461175602,0.0002773458002786,0.0859650408023184,1.4737795962140148e-06,6.23352186086747e-06,0.0,0.0,0.0,0.0,7.543461263519333e-18,1.5875242056199766e-07,4.206029315901334e-05,2.0638263216532108e-07,6.355644779860856e-05,0.113546171877853,1.310141536274091e-05,1.6015875755767216e-05,2.653406050466006e-07,0.008054159814780769,1.9586422019571936e-05,0.006945243850571454,0.0010735719802462166,0.006301441185206808,1.1394035167666579e-06,2.6462380391723184e-07,3.868728578616581e-08,3.2505902461706817e-10,2.2877308366875383e-08,2.3559479145223286e-11,5.538645196002844e-08,0.692533035751898,0.0,0.2484164736744639,-6.59288884308877,39735636890.44426,952.381289503566
1.4102920216705787e-05,0.0179674589502097,1.1357452255989972e-06,0.0939784296634112,0.000247809235204,0.0803542580072826,1.4445102822191212e-06,8.321059323113227e-06,0.0,0.0,0.0,0.0,2.556180429030285e-18,1.0959606427497333e-07,3.5568675940847994e-05,1.9336111901237403e-07,0.0003702029472352652,0.1171416269372359,1.180158884458944e-05,1.7025532589740824e-05,2.3337046928726036e-07,0.006930265779095942,1.503189320110713e-05,0.008216965848792763,0.0014064327702599667,0.006115469293606149,9.813355404797196e-07,2.618127022634666e-07,4.041232313597623e-08,2.610722491291066e-10,1.4380216347956646e-07,1.5611688296935023e-10,3.621832719247753e-07,0.690310417206657,0.0,0.25213826528759126,-6.53370932615122,34641823302.404434,917.307768370271
5.639588533486605e-06,0.0182847443363255,7.498399830973895e-07,0.0980791866381152,0.0002138532732217,0.0744340659698685,1.2098329672157798e-06,6.562128407878806e-06,0.0,0.0,0.0,0.0,5.9821416892658895e-19,7.119670650691615e-08,2.657005608585812e-05,1.7634477085431923e-07,1.6416653020036107e-05,0.121950642056176,9.582494405195084e-06,1.4740154517487023e-05,1.5741745472669343e-07,0.005545758531272619,1.0690446664781594e-05,0.008089861774824009,0.001991820778695279,0.0054385390238585974,8.570657160308302e-07,2.3995415620850014e-07,4.393267258603279e-08,1.6758464036020714e-10,2.058116256819274e-08,2.310015944800186e-11,3.1248704896372486e-08,0.687037507726292,0.0,0.25450886722100646,-6.453761660063713,27445214068.826096,872.7668399310229
2.9683307087889875e-06,0.0186219907649571,6.514004561520685e-07,0.0992181367389926,0.0001923644782488,0.0709767842373113,4.986336269998597e-07,4.060944673198535e-06,0.0,0.0,0.0,0.0,2.528076482573191e-19,5.660906246779622e-08,2.2280487704914523e-05,1.7349115776640673e-07,7.848742751860081e-06,0.125688666933668,7.067627583473271e-06,7.134713625873559e-06,5.0442729195400396e-08,0.004695968704362866,8.759346675333399e-06,0.0032582210097006053,0.00232205808123076,0.004846622717875201,6.791616579757522e-07,3.331930983306288e-07,4.40392707947663e-08,1.8893394630352157e-10,7.309268420230364e-09,7.665405746068763e-12,2.392782860281609e-08,0.6853020568468221,0.0,0.2565101327310197,-6.388578489786155,21825587807.49761,847.105007804024
2.312266881431629e-06,0.0190677753657695,4.018626871512708e-07,0.10269484090019,0.0001704607659414,0.067278857592319,1.4338057001022444e-06,9.686540458572271e-06,0.0,0.0,0.0,0.0,1.0973131477159918e-19,3.9437992594267684e-08,2.275836095009852e-05,1.4765675261769071e-07,1.2183856242723603e-05,0.128817656641295,9.222186530881979e-06,1.9879312178348497e-05,1.376817842727482e-07,0.004111072042801685,6.507247555548215e-06,0.011242445809335573,0.002330684059493961,0.004862510847125187,5.995296103810099e-07,2.7158023066714304e-07,3.400715577186156e-08,9.207258908210325e-11,4.016575266399067e-08,4.8581398464015884e-11,2.8624395177988223e-08,0.6819704087344849,0.0,0.2606311247759446,-6.344320761089653,20573388485.440727,814.186381964552
1.5169637207128184e-06,0.0196072887541721,3.0645807293725133e-07,0.106309128480839,0.0001584013193134,0.0637488871036579,1.6293941966454473e-06,1.3979277882929711e-05,0.0,0.0,0.0,0.0,4.9353448251896e-20,3.046689081956299e-08,2.2532853928057914e-05,1.4534230084099208e-07,5.4310180067678684e-05,0.131214857659843,9.64697308821301e-06,2.4031681763041164e-05,1.323865803276746e-07,0.00356504072879364,5.152238263345762e-06,0.013364376547477495,0.002480644393447532,0.004520215060099969,5.035919842673145e-07,3.258949231563873e-07,2.9419432143930537e-08,6.120975196125622e-11,2.54869997665515e-07,3.37579567783208e-10,9.329557635980217e-08,0.6789614366821751,0.0,0.26294293037240324,-6.292908826820835,18339698225.37567,783.4092538338
1.6611699853747574e-06,0.0195239093531979,3.265983720064518e-07,0.106874407757883,0.0001619909780508,0.0645865592981624,1.6176630203438159e-06,1.314200493555668e-05,0.0,0.0,0.0,0.0,5.844619235470106e-20,3.2261399349514585e-08,2.2891591747314003e-05,1.4708943535726102e-07,2.0725116997772817e-05,0.13027687097979,9.690211786032881e-06,2.362862343724672e-05,1.3470645180027452e-07,0.003678326471323374,5.4187584869000835e-06,0.013055170478040043,0.0024457332502692505,0.004581892716723055,5.192003956171932e-07,3.203979379333668e-07,3.023934221011117e-08,6.736616665035865e-11,9.396945918574667e-08,1.2063730260818717e-10,4.1688721995258734e-08,0.678576261632915,0.0,0.2615992122843637,-6.3044309224244985,18912040702.36954,788.908184923463
1.4057913649615981e-06,0.0196029971286059,3.325154373850051e-07,0.106527210214707,0.0001628053993581,0.0651154726023204,1.3293375716526282e-06,9.931207370043558e-06,0.0,0.0,0.0,0.0,4.9900258008302294e-20,3.265155856484029e-08,1.9842664464020438e-05,1.412037402320976e-07,7.447643257663421e-06,0.1301843966408599,8.350950720436899e-06,1.8701638858088172e-05,1.0840518630305068e-07,0.0035982664221125144,5.422382483434019e-06,0.010738224819835789,0.00267817543529376,0.004379682453198934,5.624303723516271e-07,2.758484654544758e-07,3.338679888625057e-08,5.3970022639620215e-11,3.2642292145897034e-08,3.97603021686152e-11,2.22171089133788e-08,0.67840711801415,0.0,0.2614728112698183,-6.294543399038286,18258108238.95731,786.621832374828
7.785297177457831e-07,0.0197920049325203,3.0471366523939146e-07,0.109143333870017,0.000150259836224,0.0627527512941012,5.530184898948807e-07,5.876751903249315e-06,0.0,0.0,0.0,0.0,2.355526252705638e-20,2.8859008704741467e-08,1.3955757973020093e-05,1.409909182810906e-07,3.2607579616599992e-06,0.131940456457085,5.284658562119366e-06,7.500409714314779e-06,3.6811783390356265e-08,0.003128245771766378,4.777900059295045e-06,0.004332205592245133,0.003132585327383873,0.0038409198941027223,5.208134718111037e-07,2.95203959368323e-07,3.556165174547538e-08,4.3931738141569854e-11,1.1161830419245435e-08,1.1302362704802095e-11,1.631487196705793e-08,0.6762211936100521,0.0,0.26042130486751824,-6.239110873712188,14844947943.315172,769.533665155973
6.73995378211522e-07,0.0198161442128716,2.30729048866677e-07,0.110465154335896,0.00013910263961,0.0603668125909117,1.0514402111162496e-06,8.933518821366884e-06,0.0,0.0,0.0,0.0,1.4494215380326473e-20,2.3326489624359722e-08,1.4632183134214009e-05,1.230522369751263e-07,4.084299170936803e-06,0.133650623897202,6.475370613503097e-06,1.4664683023810436e-05,6.631621973315909e-08,0.0028929201123646686,4.000482608920949e-06,0.008919208199000137,0.003103104861862377,0.0037741050263871735,4.89717006144593e-07,2.416085569115653e-07,3.0215962143596786e-08,2.199507375879355e-11,2.411797142245881e-08,2.8938647593298674e-11,1.6136399841322672e-08,0.675562162323509,0.0,0.26204271516921235,-6.235557676359272,14078562844.72126,753.126029182044
4.2932278206840327e-07,0.0199729913410198,2.0353622561659432e-07,0.111036210054737,0.0001291198168966,0.0582604401623533,6.125928619748909e-07,6.839291447419893e-06,0.0,0.0,0.0,0.0,7.623735165686723e-21,2.0497305950904197e-08,1.1149922307231857e-05,1.215772950187999e-07,2.5115320777660907e-06,0.135546521136246,4.669732891381026e-06,8.240423349882954e-06,3.342731527112805e-08,0.00256462236473906,3.518265292842845e-06,0.005207858779359088,0.0033869389688612832,0.0034252760275066347,4.454050719633912e-07,2.6338153372997524e-07,2.9578987564429724e-08,1.709352194083931e-11,1.4212000885672898e-08,1.5071384516953184e-11,1.3085063118614141e-08,0.6750547174887459,0.0,0.26278114459499013,-6.2370966913095645,11977826931.13031,737.060298222578
4.970533878629886e-07,0.0203503939030666,1.650401719553073e-07,0.112513615102398,0.0001277976020894,0.0561543152440707,1.6122671327163559e-06,1.5522211333567994e-05,0.0,0.0,0.0,0.0,6.6889785875045045e-21,1.698029554261937e-08,1.8089562484563507e-05,1.2943095797427087e-07,7.482525035791979e-06,0.136707033129704,8.613435110132386e-06,2.594824112935232e-05,8.759710864862817e-08,0.0025077299184242327,3.0062675223958334e-06,0.014634203951768225,0.0029523103958854183,0.0035984086224015205,3.6216549187437154e-07,3.66057264082721e-07,2.1802997535321377e-08,1.2440364475212791e-11,6.884123348273903e-08,9.230611355274339e-11,2.0792027399180063e-08,0.6741468450186721,0.0,0.2665280644718958,-6.240411584566458,12821107712.12863,720.2212864765511
4.2827811404090604e-07,0.0204068456159499,1.527008900196786e-07,0.11376613519059,0.0001234024136483,0.0544166824364471,1.5589283200587977e-06,1.5005660154358583e-05,0.0,0.0,0.0,0.0,5.186496280229888e-21,1.5831843556859936e-08,1.7163116631311903e-05,1.2548992807673417e-07,6.214498075131662e-06,0.137706220073971,8.260504511008315e-06,2.5150310514087927e-05,8.00374139442716e-08,0.002398064439512906,2.8214848363216096e-06,0.014189532456217928,0.0030313885705689977,0.0034927055787548505,3.5118213146336445e-07,3.560568398130702e-07,2.1233717676752027e-08,9.960709097985837e-12,6.091786452098511e-08,8.162275297014308e-11,1.8345476162014096e-08,0.673580714269394,0.0,0.26668218494941964,-6.244941230866882,12132233465.970898,714.055554098602
2.920238115799118e-07,0.0202846396104333,1.6710688818736962e-07,0.11274001802987,0.0001232219488327,0.054599656713595,6.542890310590193e-07,8.133831687530629e-06,0.0,0.0,0.0,0.0,3.840439237379093e-21,1.7315436162990063e-08,1.023061945297063e-05,1.1406360820803104e-07,2.22737955472629e-06,0.138085483757615,4.515370090016344e-06,9.021117565718846e-06,3.1572739876797063e-08,0.0022897809923437063,2.9742071151738644e-06,0.0057671394786663445,0.0036040018627172617,0.003151032187652606,4.078406338880832e-07,2.6855939593129006e-07,2.656507041533074e-08,8.115750764605554e-12,1.7486663704577475e-08,1.9517371477182975e-11,1.1216503011969258e-08,0.674166979939653,0.0,0.2650843368427219,-6.243808619433182,10895207677.991205,713.842253163853
3.589981846642079e-07,0.0202415784716974,1.832721969315295e-07,0.110354422569983,0.0001255726175694,0.0560786904833497,6.25039214102354e-07,7.3211310570222215e-06,0.0,0.0,0.0,0.0,5.468167550891565e-21,1.8742856945529705e-08,1.0531439727353665e-05,1.1537779762087837e-07,2.336318873388296e-06,0.1377164575465,4.545820644241549e-06,8.481636688709466e-06,3.272769872048046e-08,0.0024332530587885264,3.236163957466375e-06,0.0055095364395755485,0.0034877690264640622,0.003314993770508653,4.2796481372196304e-07,2.5769022328980797e-07,2.7992012793257595e-08,1.1980447397587072e-11,1.5264096509454743e-08,1.65578012157996e-11,1.2116846214968671e-08,0.6754832783109009,0.0,0.2659438571812756,-6.232528566028117,11466340758.968502,726.3403856155119
6.031548630611878e-07,0.0204061645333644,1.6982775327285653e-07,0.110014687168771,0.0001281669266487,0.0571256476969158,1.7103048816178559e-06,1.734348327970279e-05,0.0,0.0,0.0,0.0,8.648366634030677e-21,1.7409301814800757e-08,1.9357765752794766e-05,1.3142753586316618e-07,0.0002071830088961838,0.1369485115173,9.187699458624772e-06,2.7629391858506112e-05,9.919318032306752e-08,0.0026124471097342178,3.120425749703559e-06,0.01573655130742261,0.002763174827958083,0.0037912202596516826,3.55150662558992e-07,3.7405743525170814e-07,2.1141541755363284e-08,1.6680350275939432e-11,1.3827352304742317e-06,1.9593636024201097e-09,4.0071779197017554e-07,0.675376822157,0.0,0.2684475450428846,-6.228278060372933,13371357150.375986,727.771149651782
6.402867908052797e-07,0.0202665714903158,1.8197808294222732e-07,0.11138540300878,0.0001298059751837,0.057908907909516,1.5969237633582092e-06,1.4244693202972711e-05,0.0,0.0,0.0,0.0,1.0141423878231821e-20,1.860133713400413e-08,1.8656683312291063e-05,1.2863914671200816e-07,8.630359224730567e-06,0.135881914467865,8.725129182937177e-06,2.5187575169371157e-05,9.391852183209279e-08,0.002685299795217206,3.313496798517101e-06,0.01425438478888521,0.0027964357951168004,0.003823476921362703,3.7806482583669e-07,3.424851559018041e-07,2.2756587384824274e-08,1.9102138956231674e-11,6.699200173017745e-08,8.853565774756098e-11,2.346227232309784e-08,0.6744273971483399,0.0,0.266201401745359,-6.233873785545512,13540541983.555227,735.108078940809
4.875960448747973e-07,0.0202625060320698,2.4388630104980683e-07,0.11111693256165,0.0001298624465442,0.0583703793229585,3.2927771892094666e-07,5.049318533018474e-06,0.0,0.0,0.0,0.0,1.0427922016104345e-20,2.1306237719492545e-08,1.4094730245915978e-05,1.227551405251574e-07,2.021522037619738e-06,0.135598371915508,4.9822919043509105e-06,7.697160781793472e-06,1.7182169086501207e-08,0.002598555393299429,3.6546555162028584e-06,0.0025933401038061125,0.0029125004580404603,0.0035021179961629563,3.3358088241512716e-07,3.5481815631262083e-07,2.5660349091952866e-08,2.3858417136891806e-11,7.825730559848518e-09,7.354183547322525e-12,1.3156759056176358e-08,0.67452194772127,0.0,0.2632743538943975,-6.2326843873496935,11760273380.206413,739.602626179456
8.499430441010685e-07,0.020140262031007,3.506701491605802e-07,0.109614080938898,0.0001351585819131,0.0603007347178833,2.073580180655783e-07,3.748238913201419e-06,0.0,0.0,0.0,0.0,2.7574346484892366e-20,2.4200881881014203e-08,2.096745755232691e-05,1.0907655725138463e-07,1.910192068331148e-06,0.134391507902834,6.960598486149e-06,1.2219028570933894e-05,1.0162033547892387e-08,0.0028484578161036625,4.148611092352686e-06,0.001319389949879043,0.002014024045907219,0.003703411918807208,2.2093974952027523e-07,3.8608556621378433e-07,1.9172831103726677e-08,3.5270898114384215e-11,4.326231762380138e-09,4.0981632180368334e-12,1.4407845661414194e-08,0.6754182558274641,0.0,0.2621572483838099,-6.227412528872157,12368881834.793907,754.464281801069
1.1733492715541393e-06,0.0197786159974393,2.414288353003877e-07,0.108478932526205,0.0001371858991158,0.0626559186637922,1.502325357893811e-06,1.1358896203335322e-05,0.0,0.0,0.0,0.0,2.844757051196561e-20,2.4207129809302365e-08,1.9769189087677506e-05,1.2801673381759563e-07,1.138570812170269e-05,0.132352180919979,8.7408894389373e-06,2.24077194810576e-05,1.0731367415741627e-07,0.003195129286222144,4.30313364483997e-06,0.012775423858247406,0.0024568206289807366,0.0043469308314002236,4.3170555444826425e-07,2.836981625702766e-07,2.5542823275441965e-08,4.5228512464450006e-11,5.775942107877191e-08,7.355077386966931e-11,2.8969415298086802e-08,0.6765971659934691,0.0,0.26303604255148255,-6.248789445686425,15513305202.454771,772.698932701154
1.7303248978440713e-06,0.0194443531698515,2.919895230951409e-07,0.105165179282691,0.0001425589022597,0.06571427435081,1.425672704585133e-06,9.562311115623186e-06,0.0,0.0,0.0,0.0,5.634490062251002e-20,2.918311060684078e-08,2.0468605298263167e-05,1.3033749650712695e-07,1.2514392621898257e-05,0.130928640885804,8.677835412197382e-06,2.0401939113622448e-05,1.1692869281644665e-07,0.003580156313382865,5.13783234412297e-06,0.011637986340813459,0.0022666781779856005,0.004716064502069728,4.821192429041803e-07,2.5097506950562366e-07,2.7747241530549632e-08,7.037547270288519e-11,4.7818313586564045e-08,5.892419102524503e-11,3.07883941608629e-08,0.6786049934085829,0.0,0.2623188153655795,-6.2876636821220755,16932015725.5339,798.906160597285
1.9590083672784754e-06,0.0193492879490258,3.117343785490314e-07,0.102713525043971,0.0001462205366463,0.0675519725177519,1.4329639510559364e-06,1.0386703593419853e-05,0.0,0.0,0.0,0.0,6.980213772775865e-20,3.108399968626093e-08,2.1042988824309007e-05,1.3162386956239268e-07,2.104375960756725e-05,0.129618234129197,8.821891142044616e-06,2.0410901468500534e-05,1.2421038708947198e-07,0.0037070225152553054,5.421473722359182e-06,0.011707769823057925,0.0021961236582917648,0.004811226983055783,4.963754137552646e-07,2.519945373431383e-07,2.8105465618944308e-08,7.864927937748448e-11,7.659166994521083e-08,9.604366873961673e-11,4.318147876478658e-08,0.680620759823408,0.0,0.262315140404212,-6.300672718942594,17577032995.89497,805.045791182968
2.3879956253466274e-06,0.0193794646354935,3.6159798025190605e-07,0.102579697130792,0.0001545138717926,0.068428678700324,1.3772901433932025e-06,8.830188584726926e-06,0.0,0.0,0.0,0.0,1.0277498806559948e-19,3.564928470986092e-08,2.1513505668348837e-05,1.3604816926982635e-07,1.341397827535687e-05,0.128246880051642,8.77531443025621e-06,1.909418305573161e-05,1.2785152710441606e-07,0.003979286394252989,6.098144987486128e-06,0.010842847053458962,0.002145143718743839,0.004965176402493694,5.419631046603957e-07,2.401759040426623e-07,3.020657150507239e-08,9.145340747342486e-11,4.107111803672719e-08,4.947696684425868e-11,3.173280596086191e-08,0.6812107656099549,0.0,0.2614555349708129,-6.323995402816839,18897206582.6968,817.939824507929
2.8397265978252688e-06,0.0189464346092135,3.964999326489736e-07,0.102305946587373,0.0001593161005772,0.0695026301584652,1.4220264700610893e-06,9.834882315978437e-06,0.0,0.0,0.0,0.0,1.3831844433849218e-19,3.9081367968263385e-08,2.2853011955787058e-05,1.4143439184161674e-07,3.819698569259487e-05,0.127182377368112,9.148128682987163e-06,1.9541395912596518e-05,1.3848616750251213e-07,0.00419360808955314,6.604673212450153e-06,0.010906115526746186,0.002055675442819136,0.005101667983748899,5.653938631996512e-07,2.429920506908114e-07,3.092172733110227e-08,1.0709466201783214e-10,1.1065188866672084e-07,1.3694763368443783e-10,6.4689833535095e-08,0.68190329517626,0.0,0.2590616302073178,-6.347084070838243,19861593938.554478,827.896096521386
5.0524703030707695e-06,0.0184278132732352,5.471471955378038e-07,0.0966871212579113,0.0001741696029071,0.0740686152337025,1.3027896561138717e-06,7.185353105514522e-06,0.0,0.0,0.0,0.0,3.833274952697542e-19,5.387125569817796e-08,2.4604128409509415e-05,1.5001950731674834e-07,2.1079643663913818e-05,0.124608966986138,9.19207294462081e-06,1.6793350932316267e-05,1.558834607444719e-07,0.004985612447127629,8.714688697392885e-06,0.009315712007463978,0.0017830346479981076,0.005585660875546569,6.828839151842702e-07,2.107796445796126e-07,3.381823050788238e-08,1.4539120148912546e-10,3.557910131503217e-08,4.068219628357284e-11,3.8288423494685245e-08,0.686033313646106,0.0,0.2579861040460961,-6.4089674970458566,22969046818.367302,866.2064244355389
9.662615107552109e-06,0.0180647194738461,7.65196248888546e-07,0.0928802979740806,0.0001905846593216,0.0796595063852781,1.2633325975967053e-06,6.750521696479318e-06,0.0,0.0,0.0,0.0,1.140732788140403e-18,7.561688394827831e-08,2.802139701982665e-05,1.6286171309157857e-07,0.00027846881331577603,0.120627458918943,9.69506111398877e-06,1.5286099437601225e-05,1.779196439240712e-07,0.005902985769203194,1.1473540927251223e-05,0.00796536534621367,0.0014266458216128871,0.006048021519199368,8.043410358685352e-07,1.955130717278789e-07,3.39175379293591e-08,1.857323046062225e-10,1.3060149447784002e-07,1.4412149885259161e-10,3.16934372743912e-07,0.68857743258853,0.0,0.2554102240178903,-6.467907856653984,26436157880.32576,905.316485777497
1.9629572243230467e-05,0.0177394399919254,1.250112494156408e-06,0.0909888843266548,0.0002415054834231,0.0844240312352912,1.3737076738781577e-06,6.835437707024732e-06,0.0,0.0,0.0,0.0,4.1049568428863e-18,1.2302894363865796e-07,3.656088949144918e-05,1.8938487408954887e-07,0.0008040430033560312,0.116434943394204,1.1634313881262337e-05,1.551128541048859e-05,2.304457665365881e-07,0.007304838743094997,1.6408263204918255e-05,0.007213575231059194,0.0011626252639532365,0.0063180112871677125,1.015937174341328e-06,2.311107240005903e-07,3.629997469319588e-08,2.6610625845446954e-10,7.601835577443668e-08,7.791390051452575e-11,9.549851297789155e-07,0.6901711955685009,0.0,0.2518436334743489,-6.549678034975829,34606365616.84381,938.82289265256
3.1875264086019236e-05,0.0175118940342179,1.6603895929906425e-06,0.0889314990473542,0.0002706007979095,0.0869707609485501,1.4626580262553652e-06,6.516071119980052e-06,0.0,0.0,0.0,0.0,9.326518020996018e-18,1.6576170392872706e-07,4.2624711540752504e-05,1.9939251162666472e-07,0.0005655364624434469,0.114407067864227,1.2983941491014368e-05,1.5586327987150778e-05,2.644788367451201e-07,0.008202063580743832,2.0096903264389156e-05,0.006568286286194979,0.0009492997796705419,0.006444409540245893,1.1348731748492755e-06,2.4901628701676693e-07,3.493234345517412e-08,3.2195711888076666e-10,4.9163546891380975e-08,4.736120397098494e-11,5.200999120786142e-07,0.6919081773077409,0.0,0.2507174268618043,-6.593265908472853,39574538401.744705,961.2102731874072
4.7512236246873784e-05,0.0173319726272463,2.13881343373569e-06,0.088878207171213,0.0003031780449795,0.0888776026267383,1.617386809127571e-06,6.496230758273876e-06,0.0,0.0,0.0,0.0,1.8489257216512893e-17,2.1606315000594232e-07,5.001125615988908e-05,2.0866668335761169e-07,0.000609776354194266,0.112795576669976,1.463477750918146e-05,1.6333573795237084e-05,3.0177641265988684e-07,0.008995987779602295,2.3772811980658863e-05,0.006153819039857434,0.0007951621590416551,0.006455604722108952,1.2229891867718837e-06,2.8148340451022244e-07,3.358775746950822e-08,3.9054474108374086e-10,3.858610298374468e-08,3.5258061288382906e-11,5.133936390200756e-07,0.6918134628598471,0.0,0.24882316962212983,-6.629726463672685,44774278549.96779,976.617158790182
9.077790601095563e-05,0.0170136913384777,3.0557313037642405e-06,0.0872702630087871,0.0003357337747504,0.0920212948403684,1.933007080625784e-06,5.763208140915542e-06,0.0,0.0,0.0,0.0,5.2977672324575626e-17,3.2183306943269617e-07,6.254967727008726e-05,2.031750136423005e-07,0.0007873076458428988,0.110468527129945,1.7019255110052377e-05,1.7305606174290496e-05,3.461054205580985e-07,0.00991252640311169,2.9315509970329647e-05,0.005168412729587509,0.0005345829183195401,0.006319097837123286,1.2599147474259856e-06,3.218531858006304e-07,2.784403730362097e-08,4.968135026406759e-10,2.2711904040842117e-08,1.871566804297595e-11,6.48116635165939e-07,0.6928904899076711,0.0,0.2462932125324268,-6.6731371205622505,49805694293.711586,1000.77930258542
0.00015603865347706735,0.0165742587199072,4.207809508916249e-06,0.0858644042767251,0.0003560473386093,0.0942432784934941,2.392955540128323e-06,4.938833601324836e-06,0.0,0.0,0.0,0.0,1.2998311468534279e-16,4.6579349493845984e-07,7.785033479156553e-05,1.8660654713584788e-07,0.0016478296295684455,0.108441514476008,1.93505129209224e-05,1.85263244672078e-05,3.8020531300012873e-07,0.010389010685744026,3.4197517114290764e-05,0.004271078568385777,0.00035732486278720183,0.0059637659639615245,1.1944752878819112e-06,3.7212136704420433e-07,2.2916744572627506e-08,6.181360371564208e-10,1.430801647563096e-08,1.0865700283175755e-11,0.000352333108241544,0.6945204966952551,0.0,0.24255927980231407,-6.724899810542549,51951325979.85619,1018.85668225162
0.0003339270945120437,0.0161595832561331,7.1281226880593225e-06,0.0838476940946263,0.0003818734206037,0.0969832459736237,3.638485494215549e-06,3.7459676450914546e-06,0.0,0.0,0.0,0.0,4.900418229267312e-16,8.786631247558853e-07,0.00010830060185248242,1.4864194839455926e-07,0.000798108075841383,0.106105405026474,2.343819049712302e-05,2.078289636778549e-05,4.354293850590771e-07,0.010640141756439144,4.252860645460142e-05,0.0030459494414072697,0.0001880471368000514,0.005148814242179024,9.564497879474563e-07,4.7545840828491975e-07,1.7999161272765497e-08,8.524300009586467e-10,7.520042171647876e-09,5.317605528548044e-12,4.6901925686773163e-07,0.6965221982285389,0.0,0.2399357823803885,-6.869430440627562,53721219433.37389,1039.79309653689
0.0010957541554798402,0.0158111070790873,2.0857213994878164e-05,0.0812333466389073,0.000410401534914,0.0999847392793,9.027664301300842e-06,1.870204153559284e-06,0.0,0.0,0.0,0.0,4.9331679775633996e-15,3.575236355309846e-06,0.0002444915141659572,1.1413344674634503e-07,0.0035001942811759713,0.1041401456690069,3.0550116622749276e-05,2.218088230293681e-05,5.194957989606563e-07,0.009403262272322386,6.445523488897114e-05,0.001441653142534128,5.463337078818407e-05,0.0029350030981483187,4.0431883543124853e-07,8.773498946504461e-07,1.5193216516038602e-08,1.7083749072019531e-09,3.279976257797441e-09,2.6926710319975116e-12,0.001204366139057276,0.698420259798785,0.0,0.23392213768677989,-7.085521637065673,50376695620.37423,1067.39275980386
0.0025956114026603515,0.0155370651233349,5.6074486370086525e-05,0.0771733077942947,0.0004350063963225,0.103130419103426,1.9530396252573554e-05,1.0015476714553119e-06,0.0,0.0,0.0,0.0,3.2696713730962466e-14,1.5210795578337552e-05,0.0005876037439476469,1.5458191690888693e-07,0.0065379134196737,0.101977876054487,3.310073331494594e-05,1.7629666262360495e-05,5.599609074520391e-07,0.006984592991599911,9.914420326165966e-05,0.0006977857947348024,1.862560319287785e-05,0.001136641564766735,1.272137861640978e-07,1.5855445594485294e-06,1.3954060884501057e-08,3.2428222152108477e-09,2.8478217089165185e-09,3.5311155521159917e-12,0.0019406904306048531,0.7017463255281341,0.0,0.22901922374004466,-7.277651799641195,46130459044.879845,1089.41749740895
0.0038686438680221443,0.0153287326984724,9.525727814927127e-05,0.0741870246695863,0.0004521028762165,0.106015149871798,2.698439176740633e-05,7.443670839968386e-07,0.0,0.0,0.0,0.0,8.514197435055584e-14,3.321507291433532e-05,0.0009708787119707096,2.1228448832867564e-07,0.008780624602160284,0.0992145649073666,3.240868873741377e-05,1.3299051172318432e-05,5.438950693867234e-07,0.005523992771691863,0.00012345560039238196,0.0004531816851767691,1.0785090151613165e-05,0.0005550297567138721,6.204921902179572e-08,2.081440177517081e-06,1.2175978788885319e-08,4.420113544751626e-09,2.884820658188268e-09,5.088773028613665e-12,0.0021250993421954227,0.7048024249765609,0.0,0.2252893790464769,-7.410229497375494,44650171407.367455,1105.2894150645402
0.005124603073823499,0.015208329106131,0.00014758955311290088,0.0745025437870226,0.0004853523053839,0.108804667686072,3.279817947037923e-05,6.312982962325131e-07,0.0,0.0,0.0,0.0,1.7985109823230586e-13,5.735182608625885e-05,0.0014626020867617156,2.8716027408173643e-07,0.010529374887938285,0.0964128699389281,3.302644911878882e-05,1.0252511272831275e-05,5.333886588745876e-07,0.004639105403960076,0.00014502324050910974,0.0003296068544606865,7.704407657526569e-06,0.0003011282795326734,3.837608818355437e-08,2.534649185996928e-06,1.1188582111647174e-08,5.693787420894665e-09,2.820145576782319e-09,7.418972405352965e-12,0.0021735974336818172,0.704586237176463,0.0,0.22088866834625634,-7.5134040963714,46155491629.01674,1125.08867785747
0.006459990342580337,0.0150230778240209,0.0002100174670312759,0.0717835167794901,0.000526808715211,0.111559777571116,3.4645091974359936e-05,5.391954605704394e-07,0.0,0.0,0.0,0.0,3.35715696947286e-13,8.811627310615556e-05,0.0020236213102355948,3.411716892808258e-07,0.011032726093915994,0.0936621775346408,3.361058601060896e-05,7.456870026679821e-06,5.350048972529821e-07,0.004078739147457826,0.0001670728465008147,0.0002560119935303754,6.314629044310131e-06,0.00017173024615689455,2.8419501621768306e-08,2.738137104257301e-06,1.0630494152898708e-08,6.719942345724263e-09,2.1375207960788497e-09,9.059186495734307e-12,0.0020194450220133494,0.7074446415755209,0.0,0.21887775244707336,-7.637755766007296,49279290912.091286,1153.76994293523
0.007079495574601265,0.0146658643947419,0.0002510663030888437,0.0702634999082959,0.000551246038816,0.11438297942646,3.40195576087842e-05,4.910829360217654e-07,0.0,0.0,0.0,0.0,4.5468630048850643e-13,0.00010472900811736696,0.0024038278551293795,3.7142052057104093e-07,0.010762084186490318,0.0911555987186934,3.521459591260388e-05,6.277479131365559e-06,5.445327008946714e-07,0.0038991643315215503,0.00018064455846897553,0.00023385015665737538,6.262883784423439e-06,0.00012668476936880815,2.7797339963686295e-08,2.7234626160387308e-06,1.1851988776104735e-08,7.280189760334282e-09,1.5309453152895154e-09,9.898052534675587e-12,0.0018906909750428733,0.708980811512993,0.0,0.21633086468576504,-7.7377833156880005,51241166072.306946,1180.69282335605
0.007648114217331047,0.0141519927946991,0.00028629785026517774,0.0681606731289719,0.0005925969063996,0.1171492654788909,3.299444352390828e-05,4.788214766734631e-07,0.0,0.0,0.0,0.0,5.753649147574879e-13,0.00011966799233712399,0.0027354822247776705,3.914217615256334e-07,0.01060123834115247,0.0884269404378218,3.6943825697209535e-05,5.487959308007326e-06,5.707395393287298e-07,0.00384771901554958,0.00019436554346246204,0.00022433036234297446,6.4235350291128116e-06,0.00010214798762116898,2.8278738576654565e-08,2.7772058909576815e-06,1.2759902156133434e-08,7.898603679374421e-09,1.2223243606590152e-09,1.0369233550916465e-11,0.0018042767961184277,0.711518531253217,0.0,0.213271552956336,-7.817051905897971,54348007416.45419,1201.77443610187
0.008158751310669295,0.0136805582320644,0.0003192354547030151,0.0656232480703489,0.0006347105773413,0.120638660160057,3.1548252693382065e-05,4.6688232294125114e-07,0.0,0.0,0.0,0.0,7.054592529186771e-13,0.00013406789242934012,0.0030596144767432113,4.051883735570003e-07,0.01024964278783049,0.0858541598727341,3.8707459169190565e-05,4.8249980691770714e-06,6.022569293505799e-07,0.003829315342293216,0.00020871749397198113,0.00021898665027496602,6.771169805935824e-06,8.376984254589124e-05,2.989316289106929e-08,2.771539017115279e-06,1.413227050699564e-08,8.419529309144391e-09,9.347528286228678e-10,1.0554484442648598e-11,0.0017160970264181708,0.7135686630874541,0.0,0.21085286109403065,-7.847692323939116,57546193231.548996,1225.12306215123
0.00871986616445352,0.0132379098695138,0.0003594115792034162,0.0628734130144486,0.0006857151453598,0.123861331867504,2.9317383046436862e-05,4.4570322078923836e-07,0.0,0.0,0.0,0.0,8.806299086700604e-13,0.00015103005811003558,0.0034784875593065773,4.159695932366199e-07,0.009664076609116175,0.0831979169420179,4.125186872517603e-05,4.132202214071785e-06,6.482506535948381e-07,0.003848127738649623,0.00022803149768279004,0.00021721929810305466,7.493802624331179e-06,6.636773150901442e-05,3.365914421650678e-08,2.679891344321542e-06,1.6537747315680833e-08,8.889495626760218e-09,6.260964003160657e-10,1.0488470633670401e-11,0.0015998489504223954,0.7161437131611559,0.0,0.2087142153295446,-7.87407648634811,61775634558.54679,1258.12205635463
0.009225302591163026,0.0127855551627,0.00038972494795750767,0.0586146101794804,0.0007349101112324,0.12785824285472,2.6600653040936237e-05,4.2367557957373533e-07,0.0,0.0,0.0,0.0,1.0453393157469372e-12,0.00016841209043578977,0.00381829113666886,4.078157994018737e-07,0.008894872189951612,0.0800183310425943,4.2784845729489284e-05,3.4845092006690863e-06,6.87672365512633e-07,0.0038509285534043098,0.0002466816528774317,0.00021521701181342545,8.251569691813607e-06,5.285322163659309e-05,3.774187738749793e-08,2.5121117145744196e-06,1.8850254254534974e-08,9.032555739686509e-09,4.0958702238116785e-10,9.737935913296015e-12,0.0014494306140701242,0.7199883506492729,0.0,0.20708578041708128,-7.896821492030485,65259312481.60154,1290.68478113147
0.009641356657103329,0.0124629319962713,0.0004236727766835032,0.0575228171814659,0.0007899419699961,0.130775865653887,2.568828182777555e-05,4.2824763258367677e-07,0.0,0.0,0.0,0.0,1.2112231672501262e-12,0.00018072795198673791,0.004170499238463153,4.24456329401949e-07,0.008696360725171427,0.0774091467851558,4.500338314039324e-05,3.2036572594906718e-06,7.246323892155991e-07,0.003876143711196132,0.0002610455952109152,0.00021498781223255588,8.810011020737396e-06,4.5558947829933395e-05,4.070298294508203e-08,2.5298518286932802e-06,2.071656844668392e-08,9.548098893522548e-09,3.4194215490314293e-10,1.0013377827502275e-11,0.0014070286912551521,0.7210392964132242,0.0,0.20436821766813043,-7.915462572382534,69064806706.64444,1311.5849014234
0.010260533612451442,0.0122513326473059,0.0004635809762276018,0.0560195179504409,0.0008468191182398,0.133703105276976,2.513258905832524e-05,4.332322019398129e-07,0.0,0.0,0.0,0.0,1.4292331843528799e-12,0.00019814239357713074,0.0045090764839456005,4.3813797546571385e-07,0.008491625773669062,0.0744088868360436,4.5783565328536925e-05,2.8733644606639948e-06,7.394833317205264e-07,0.0038068035653343523,0.0002723252133134992,0.00020435584516322302,8.743786656361417e-06,3.837890345649908e-05,4.000780021148204e-08,2.571910266908881e-06,2.0681598558525522e-08,1.0016905840927933e-08,3.104213341284199e-10,1.0285609354351423e-11,0.0013516410886727746,0.7227703381709941,0.0,0.2020544750526678,-7.940860878237205,72321511701.74126,1326.02470131229
0.010824486571431209,0.0120453065024165,0.0005043409796808158,0.0542988010763181,0.0009080876690063,0.137074231936444,2.403854895174045e-05,4.31326868324826e-07,0.0,0.0,0.0,0.0,1.6693848020977123e-12,0.00021535879362861155,0.004892015045903408,4.476840409283476e-07,0.008110897996230442,0.071313820046335,4.707341219497343e-05,2.553161791222842e-06,7.625424609504722e-07,0.0037685674442870997,0.0002864817928046833,0.00019786509597868456,9.056269406880205e-06,3.1767675221592177e-05,4.1676538769966794e-08,2.5306267093897277e-06,2.1872658652340856e-08,1.0337139472946092e-08,2.532793112092348e-10,1.0291348211189841e-11,0.0012778824419426146,0.7243597527694801,0.0,0.19988826542813662,-7.961073057034243,75868431288.55055,1348.1151073739
0.011093058833226399,0.0117914010759921,0.0005402224090507047,0.0542960740266023,0.0009615871220204,0.139045072787893,2.3540840953929887e-05,4.385273143634806e-07,0.0,0.0,0.0,0.0,1.8550675949275067e-12,0.0002228753762654383,0.005264900363699691,4.712111121820507e-07,0.008007852074780396,0.0688231023732992,4.943821941613153e-05,2.4288098903045766e-06,7.884773620963417e-07,0.003784962533701019,0.00029749956353434913,0.000198188503366112,9.58354579881522e-06,2.820206905270986e-05,4.470206208350054e-08,2.555005103213078e-06,2.3970463940536935e-08,1.0836474762405547e-08,2.2395337075359985e-10,1.0812935079453125e-11,0.0012535344247738506,0.725082762614192,0.0,0.19687134656682648,-7.971609930510996,78826486856.28813,1366.0096129700698
0.011519989253615607,0.0114955140025074,0.0005712719327943948,0.0518740987944046,0.0010309754098387,0.141970205343899,2.1978768920440227e-05,4.379323452572224e-07,0.0,0.0,0.0,0.0,2.0767509031107857e-12,0.00023781471958532143,0.005615171379543646,4.6957534495902044e-07,0.007590591700730323,0.0658898697390879,5.090488886943416e-05,2.1700713894841577e-06,8.224026411543712e-07,0.00379244185810182,0.0003134579911325426,0.00019743970396450858,1.0266254469910036e-05,2.389390033880914e-05,4.865399144860333e-08,2.4731796037139955e-06,2.5954355966992287e-08,1.1018626478304137e-08,1.7636766274005943e-10,1.0371404772071328e-11,0.0011708621644248504,0.7277393367102621,0.0,0.19485531955374033,-7.986814618656189,82472089927.17229,1390.42100173461
0.01156285607794747,0.0113428361331909,0.0006137581161603224,0.0555044781328054,0.0010678157052601,0.141888413764371,2.3459948585583265e-05,4.670163324478895e-07,0.0,0.0,0.0,0.0,2.236108726350949e-12,0.0002332390567499879,0.006001243063171311,5.338742225038622e-07,0.008097098602045286,0.0647837458778378,5.41951690594632e-05,2.3124113845420772e-06,8.348418760512328e-07,0.0038151635454809004,0.00031456563245204624,0.00019827697480999094,1.0331153705102621e-05,2.3724890241586922e-05,4.8959495527860045e-08,2.7230398939351746e-06,2.740685180277761e-08,1.213768844280446e-08,2.070613383716288e-10,1.252635141481263e-11,0.0012568417019534822,0.725412710386534,0.0,0.1909710969491557,-7.991178315782168,84471331926.79524,1390.73480848529
0.01172828073510772,0.0108416226554165,0.0006551485091162172,0.0552618462117629,0.001152108224302,0.144131187836791,2.2814827494377062e-05,4.909707186785821e-07,0.0,0.0,0.0,0.0,2.4544087039113355e-12,0.00023743715095321747,0.006492389369112542,5.702941151476535e-07,0.008131643116782246,0.0618080478519573,5.793648002475033e-05,2.233658874703469e-06,8.75778502143645e-07,0.0038723193585784603,0.0003279468344771957,0.00020342897880580712,1.1221709626580252e-05,2.1334695674888013e-05,5.4133196229009044e-08,2.821656191718278e-06,3.0846222248674264e-08,1.3054812523885479e-08,1.89520087425299e-10,1.3375289082874461e-11,0.001236227141697254,0.7268051872197699,0.0,0.1865559187802248,-8.00219477494816,88296061431.94173,1409.84376555767
0.011571301530516012,0.0102752299283248,0.0006675926642173511,0.0546110016544397,0.0012062740736731,0.145178073981588,2.2240756556078294e-05,5.178019739561714e-07,0.0,0.0,0.0,0.0,2.4947166013582004e-12,0.0002337673242652434,0.006735866269428081,5.946002085811531e-07,0.008273658633368703,0.059614958524262,6.0899496615818876e-05,2.236851114486869e-06,9.055315679515256e-07,0.003939450920562116,0.0003348101619399263,0.00021212536637873114,1.2067346725836066e-05,2.0708307759132888e-05,5.9078349185732696e-08,2.934671205370106e-06,3.402997695418825e-08,1.3844952038027674e-08,1.8445252148497206e-10,1.3982877445138013e-11,0.001224180414771905,0.7291144618377121,0.0,0.1827023664817181,-8.005547302978089,89743271610.09503,1419.94040250055
0.01151483069914955,0.0097240517309412,0.0006805363221089135,0.0529368665017773,0.001273675050825,0.146701072663879,2.124868049195768e-05,5.427200014952529e-07,0.0,0.0,0.0,0.0,2.5680645224437704e-12,0.00023418079929988652,0.006994360905581089,6.08348195558884e-07,0.008263588214693782,0.0571500150398669,6.350042835349308e-05,2.170016388403268e-06,9.388400664129279e-07,0.003992187154971229,0.0003443332517339268,0.0002195207127823787,1.3003448336607127e-05,1.9464002912087416e-05,6.461519880617257e-08,2.998950520321592e-06,3.733679851384164e-08,1.4518248325521893e-08,1.7064444483122296e-10,1.414034514791108e-11,0.0011848697900662928,0.7322143190127101,0.0,0.17934198557575293,-8.011664153777147,91623068198.41997,1433.71520329077
0.011260397277232421,0.0093014853195913,0.0007057452702002744,0.0536272596782175,0.00134320316316,0.148423374597558,2.0718206292829753e-05,5.613434065174796e-07,0.0,0.0,0.0,0.0,2.6504555171685272e-12,0.00022844009618520767,0.007466619064291458,6.521960412100019e-07,0.008303036389056363,0.0550277495424634,6.891407519786022e-05,2.20719940610166e-06,9.924662863900262e-07,0.004100371198619027,0.0003572173319747638,0.0002345071707392272,1.4858734195820067e-05,1.8148867419946323e-05,7.629488193205638e-08,3.0121061748848014e-06,4.559450046561743e-08,1.5215447277461697e-08,1.4870987043269664e-10,1.5092137778387295e-11,0.001186582774825452,0.7322769276990101,0.0,0.17536933438023303,-8.007330236946293,94253801051.7109,1457.02508917829
0.01115889203561996,0.0089215506565084,0.0007177672031817003,0.0521118409781667,0.0013986711863164,0.1504096345242259,1.9731535258122938e-05,5.690541440305563e-07,0.0,0.0,0.0,0.0,2.7096328007584887e-12,0.0002284628941256809,0.0077283814543775645,6.611477471542891e-07,0.008101692424662067,0.0525316546222709,7.105165897318241e-05,2.119469799717463e-06,1.0095926835419995e-06,0.004102653688975304,0.0003653656137542482,0.00023872468212105465,1.5902131424751457e-05,1.644382358866932e-05,8.31292247272632e-08,2.95136029752417e-06,5.052702513129867e-08,1.5390968655718107e-08,1.2897347148658873e-10,1.4978462911472964e-11,0.0011304197955842974,0.734626648032511,0.0,0.17268978272109536,-8.008357150318046,94746477482.9363,1475.1754782484695
0.011069092023714986,0.0086247282583594,0.0007347907822837647,0.0513071557129156,0.0014210866122009,0.1518527116499989,1.937260539080039e-05,5.72362875349991e-07,0.0,0.0,0.0,0.0,2.7704814261436157e-12,0.00022637668166542856,0.007916176056694363,6.798536387838843e-07,0.007943037793279546,0.0496941597958729,7.125915684324219e-05,2.034845273467554e-06,9.744479942093658e-07,0.003985702609464774,0.0003625540493606229,0.00023034635318016088,1.572142693640056e-05,1.4815329612282978e-05,8.245370534893183e-08,2.9388868866746423e-06,5.2088807330629205e-08,1.5566821517628424e-08,1.2258830630908168e-10,1.549067247727502e-11,0.0010777989034142274,0.737100157970652,0.0,0.16969826228935922,-8.009830786618366,92016462392.47247,1484.24676003629
0.011243026904238227,0.0084677858910092,0.0008011680613463461,0.0532257257289578,0.001479766672493,0.153085916750232,1.9976356512108978e-05,5.878523273722857e-07,0.0,0.0,0.0,0.0,3.083590131947297e-12,0.00022621857565094687,0.008537617692466028,7.563506018601864e-07,0.008005095357620527,0.0469495823097669,7.363954468346221e-05,1.9951874358120503e-06,9.513763710768238e-07,0.0038654610633176113,0.0003622927934210493,0.00021788121136098027,1.5302680038923946e-05,1.2922271541485675e-05,8.021945462484773e-08,3.0666902254439298e-06,5.40065020452499e-08,1.653844205666968e-08,1.267697055652201e-10,1.7927264479772827e-11,0.001078310916886134,0.7367912226475408,0.0,0.16562629492797898,-8.017627877122186,91939959476.87137,1495.0354348751596
0.011537026880997728,0.0082799786681257,0.0008400005096618679,0.0512078729730585,0.0015583255210787,0.155030333837977,1.890530052169372e-05,5.836450782964732e-07,0.0,0.0,0.0,0.0,3.355922875746193e-12,0.00023496990918577505,0.008954572821237686,7.587251048627732e-07,0.007579644092998718,0.044060189886837,7.37173444975676e-05,1.796862176598362e-06,9.409806497552685e-07,0.0037574229093366323,0.0003697401122450417,0.00020769170960181676,1.536170511357814e-05,1.0711457551511383e-05,8.114398386855163e-08,2.9524363931687418e-06,5.539751240564494e-08,1.646201397767705e-08,1.0818509920441172e-10,1.7481692517447584e-11,0.0009910284947943996,0.739863299112923,0.0,0.16377345948385202,-8.028202244919786,92421434055.09851,1515.46674749639
0.011114736911340298,0.0079014598556476,0.0008414187570164912,0.0503210179476497,0.0015863022637334,0.156653926048176,1.8040205533497736e-05,5.76938853452368e-07,0.0,0.0,0.0,0.0,3.268488884840349e-12,0.00022646309006721003,0.009162781453244513,7.71589084557757e-07,0.007356556047617404,0.0414409462806387,7.558599134490904e-05,1.7589937295024267e-06,9.226781928299801e-07,0.003704163589538152,0.00037048459957240125,0.00020979961030078817,1.630652323218849e-05,9.558224392070648e-06,8.812269284538063e-08,2.809454939516473e-06,6.258734240031709e-08,1.6164027099654777e-08,9.196197298261516e-11,1.738844227923783e-11,0.0009284933731882633,0.7420963476041541,0.0,0.16064048396155017,-8.01891882421498,89343287224.47829,1534.9360041880802
0.010804860084445225,0.0073964814258113,0.0008513274658534486,0.049162606562117,0.0016446802928366,0.1581836794668509,1.740861541530167e-05,5.998306484073127e-07,0.0,0.0,0.0,0.0,3.2427053601101805e-12,0.00021945705962278278,0.009412385151685215,8.018011150539773e-07,0.007367489786859406,0.0388455093734684,7.760202399282901e-05,1.7262211269579723e-06,9.079331327211063e-07,0.003649278740078633,0.00037025878040246465,0.00021038628421484837,1.683428240694993e-05,8.744080249385253e-06,9.185838568479463e-08,2.8527939936434335e-06,6.757220420791172e-08,1.670935345615512e-08,8.883302904513612e-11,1.8063297026572253e-11,0.0008809542143729472,0.744767042878915,0.0,0.15702517765244237,-8.01768107535629,87342389025.29222,1546.2959517877405
0.010389542867193924,0.0069052676891747,0.0008584961233291257,0.0485486879355139,0.0017034668457218,0.159904324342858,1.6922313301024404e-05,6.255651408486143e-07,0.0,0.0,0.0,0.0,3.1771376332582354e-12,0.00021001955586265683,0.009684685342278402,8.43802578503067e-07,0.007442728870493733,0.0365428565622012,8.060135729157016e-05,1.7355899504747697e-06,9.009837171897537e-07,0.003616845600956703,0.0003705197476806715,0.0002145500354911976,1.7720440496238575e-05,8.101985931724279e-06,9.803474218003862e-08,2.8971342630664074e-06,7.523766465310581e-08,1.730164965721069e-08,8.60878976341057e-11,1.9044171500357016e-11,0.0008484597483030066,0.7463953966245308,0.0,0.15334952705588167,-8.012269581730408,85445410049.74405,1558.8338991920002
0.010134990987995062,0.0065027221734887,0.0008792815042924115,0.0478551938313808,0.00179142798814,0.161265084228611,1.6238533321044573e-05,6.427240885363836e-07,0.0,0.0,0.0,0.0,3.2148569805662435e-12,0.00020511565051155355,0.01012164853811111,8.835669346015705e-07,0.007414300826375934,0.0343325539717126,8.408864389345197e-05,1.7120393901016842e-06,9.070652708022104e-07,0.0035884866850148037,0.0003763222083511559,0.00021818666686319318,1.8866363560284016e-05,7.188580406627252e-06,1.0629927404314915e-07,2.8774119259106376e-06,8.445675022208825e-08,1.7691972423468806e-08,7.89767581250707e-11,1.9644756515568546e-11,0.000807723990603255,0.748253017806668,0.0,0.1501548868396471,-8.009714210378554,85066619250.00327,1578.26491711874
0.009675380175740213,0.0061007538388208,0.0008679837823914119,0.046141130236565,0.0018336005847938,0.162846269231973,1.5263279288123454e-05,6.400837550152288e-07,0.0,0.0,0.0,0.0,3.0648805278864973e-12,0.00019724717929083782,0.010233446674576345,8.880944834467081e-07,0.007215998349717596,0.0319935445146058,8.54549148644324e-05,1.6716523334826898e-06,8.832129584965799e-07,0.003510458824957378,0.00037588188219488984,0.00022003141991692044,1.9819878781397675e-05,6.352139789194624e-06,1.1404370473552532e-07,2.7333942810254456e-06,9.388020173949286e-08,1.7270574168241763e-08,6.855037856653447e-11,1.9114309948499036e-11,0.0007419617622731133,0.7510847015932409,0.0,0.14758525904899716,-7.9991939558022915,81490562089.89772,1596.8430282432098
0.0095377604767907,0.0058195092062282,0.0009321077113256096,0.0484408133033238,0.0019025620492132,0.163339033099232,1.589350212420639e-05,6.738980086531007e-07,0.0,0.0,0.0,0.0,3.2557466038359255e-12,0.0001881592850472854,0.010940451814729612,1.0123636406760524e-06,0.007484831561644553,0.0299939055606062,8.89897193433897e-05,1.7048336771664704e-06,8.531387660773271e-07,0.0034004631073881408,0.00036941756653183303,0.00021086900832013213,1.9281456220919157e-05,5.72122022753666e-06,1.1083615506435052e-07,2.9389123652015953e-06,9.845542340169615e-08,1.8735958073108446e-08,7.681629094790704e-11,2.29859490701325e-11,0.0007486227879764029,0.750504176781397,0.0,0.1432088462186502,-8.000539500483802,79893760368.41534,1603.08136176242
0.009567281772489446,0.0056014982860334,0.000997029813528882,0.0498026603964447,0.0019592867121812,0.163783575938704,1.6489199230825987e-05,7.125499952032412e-07,0.0,0.0,0.0,0.0,3.4973924227754396e-12,0.00018209368803358655,0.011522279653647646,1.126256475055247e-06,0.0076496913915097015,0.0280071516988209,8.949956098224456e-05,1.6680921919559522e-06,8.027342058907534e-07,0.003237824468933418,0.0003579578035724815,0.00019360376274378494,1.7701169131786523e-05,5.133773165400566e-06,1.0029999147411062e-07,3.196894769344247e-06,9.529650557425595e-08,2.035563011964489e-08,8.903143615217298e-11,2.7139840746951157e-11,0.0007404528757967843,0.7508458269678159,0.0,0.13971620998295958,-8.008041291517433,77490425050.40262,1602.25249033903
0.009485777680443952,0.0053882131308113,0.0010633828733687596,0.0518748692164459,0.0020129972033496,0.163796645158044,1.711015768512723e-05,7.434782898199075e-07,0.0,0.0,0.0,0.0,3.70280650574875e-12,0.00017373471779479665,0.01218632491590695,1.2606795395097765e-06,0.007842756302792462,0.0263007567938122,9.134492559933346e-05,1.6681857406080163e-06,7.637908070611128e-07,0.0031103895575907625,0.00034827229985412976,0.0001815991774489191,1.6732632434811428e-05,4.627052238043285e-06,9.42346437746131e-08,3.422309512188643e-06,9.604263793488257e-08,2.1881155107012153e-08,9.996163447725047e-11,3.2007708427734096e-11,0.0007380237333457262,0.7506265184975369,0.0,0.13603675880299346,-8.010569795579325,75353917794.58546,1605.1519349739
0.00912538858109434,0.0049942538173986,0.001142904851554929,0.0541792725870741,0.0020657038553922,0.163931714242403,1.7646356204503726e-05,7.755403649081524e-07,0.0,0.0,0.0,0.0,3.833381701780492e-12,0.000157223589146469,0.013020953000923572,1.462403169110685e-06,0.007970954119614475,0.0233464259888758,9.256364624369765e-05,1.6405201485409504e-06,6.823778929277029e-07,0.002872117911918311,0.0003279341376753944,0.0001625114916414041,1.5212302361162562e-05,3.821494730548039e-06,8.526249593942884e-08,3.6586697999136593e-06,9.778718429416801e-08,2.3616054451902472e-08,1.1234295245923413e-10,3.9598004779525266e-11,0.0007008597733187316,0.7514826295088559,0.0,0.13044444137575834,-8.006368436663134,69369733451.02658,1611.78913725672
0.008485214816211013,0.0039718215820638,0.0013869278758671462,0.0617769175931879,0.0022479691834273,0.160136713345054,2.0212754025256268e-05,1.0167687184315525e-06,0.0,0.0,0.0,0.0,4.269868283306496e-12,0.00012069947602510961,0.015358854245105885,2.2529301451088425e-06,0.009476271969331589,0.0184867780562142,9.728973418784832e-05,1.6508200283212959e-06,5.424206271457898e-07,0.002452101271646199,0.0002783336206282381,0.00012631082960697857,1.1435297853905687e-05,2.9928882857110396e-06,6.00604255575868e-08,5.55107073963783e-06,8.87849057766196e-08,3.4716597618982084e-08,2.328809676262952e-10,7.883251360975385e-11,0.0006795458960085945,0.7533798002400529,0.0,0.11686048240311621,-8.014846508329574,60927740933.09681,1589.4906906174
0.0076624826135269,0.0033565051152213,0.0014553526223326963,0.0643495673408663,0.002291612470263,0.158600013487468,2.1116150313945955e-05,1.1634144931691047e-06,0.0,0.0,0.0,0.0,4.088471935403769e-12,9.791757540817569e-05,0.01613946581961491,2.7897196323579085e-06,0.010064118165955224,0.0155510696928144,9.689394260366611e-05,1.6457189184125281e-06,4.5525035083883166e-07,0.0021721340286151923,0.0002453468959057287,0.00010838484392150693,9.732905688242818e-06,2.5047617831036964e-06,4.9745773075967485e-08,6.636124057951671e-06,8.776769346807718e-08,4.1047330798963076e-08,3.2288892304241843e-10,1.1091464348338478e-10,0.0006347797516081626,0.755851231893367,0.0,0.11009118345879476,-7.9983942657935305,52621442205.632,1581.64122615919
0.0071174885764381315,0.0029910360596156,0.0015198719856064937,0.06661724267689,0.0022884327713365,0.156538862172392,2.1844971565857375e-05,1.2487291708596317e-06,0.0,0.0,0.0,0.0,3.980879304709345e-12,8.167705647460281e-05,0.016758392618282807,3.2672889751745993e-06,0.010216256290923684,0.0133805489928895,9.364238019294746e-05,1.5825532336661744e-06,3.80476800967392e-07,0.0019208890338520026,0.00021637343556877735,9.054183119201262e-05,8.066853367202009e-06,2.0691785323243248e-06,4.026632114940983e-08,7.462078203243195e-06,8.281421070031645e-08,4.5735461388723084e-08,4.0632892842746743e-10,1.4334157567352156e-10,0.0005833181052973597,0.7581838773268771,0.0,0.10535938195372536,-7.984852189228454,45666097358.3336,1575.20799952191
0.006932056461953256,0.0027745712281294,0.0016805119611726087,0.0705241899628342,0.002282385779417,0.154233777129408,2.3502161149145317e-05,1.330407733938433e-06,0.0,0.0,0.0,0.0,4.269466129200437e-12,6.586117176793364e-05,0.018024659564033416,3.99578662618529e-06,0.009919492474453263,0.0111207668206854,8.564723742856357e-05,1.4100465692558415e-06,2.959842956333818e-07,0.0015988013661682296,0.00017973009868070707,6.435701930065617e-05,5.60840990146702e-06,1.5285375666746973e-06,2.6918800625116933e-08,8.770090460701432e-06,6.78828727701057e-08,5.2801159142301686e-08,5.612298947723423e-10,1.9965286114595146e-10,0.0005237020212700591,0.7590643090795259,0.0,0.10025095929559331,-7.985783069396792,38761775085.1821,1563.13609443858
0.006261090602226365,0.0024726144412546,0.0017332501700416754,0.0752136648711078,0.0022370496736786,0.15177916934464,2.4707023745365282e-05,1.4121234552052364e-06,0.0,0.0,0.0,0.0,3.9606589641066485e-12,5.2104040287037494e-05,0.018633852893682266,4.766276977820846e-06,0.010204319290312127,0.0096700471657968,8.323510017978637e-05,1.4052929356841597e-06,2.466692094923893e-07,0.0014149661232985883,0.0001551544044904245,5.409815829535146e-05,4.659210562721149e-06,1.2952723457070619e-06,2.191729028304204e-08,9.89557393834434e-06,6.592988094547165e-08,5.881285984519566e-08,7.204438624176503e-10,2.635780998448352e-10,0.00048716875043771046,0.7586274545035219,0.0,0.09504481217521535,-7.960582128003962,33282890893.61462,1554.28612889782
0.005420038728514143,0.0020617641401406,0.001717909361172156,0.0800848089354359,0.0022144683693743,0.1487132628962559,2.595617296688666e-05,1.6356490017694852e-06,0.0,0.0,0.0,0.0,3.373345516261924e-12,4.124219908990904e-05,0.01866657653524403,5.722597396170553e-06,0.01143349997979026,0.0086316801936569,8.369859265383802e-05,1.511150614895362e-06,2.1432412245583764e-07,0.0013027861816113488,0.00013688026293660476,5.062148035987345e-05,4.210529373241095e-06,1.252440117429311e-06,1.923364193886977e-08,1.2095639175660032e-05,6.703709481128099e-08,6.971323307755098e-08,1.0588590336372122e-09,3.5675577442128125e-10,0.0004715307258105972,0.7582940154651371,0.0,0.08954062501221555,-7.9257029428237225,29395029949.038532,1533.92839612794
0.004753997815095041,0.001713006424122,0.0017347644659587596,0.0834008003030845,0.0022112689081039,0.145744229889781,2.6569600915168908e-05,1.8550666206930642e-06,0.0,0.0,0.0,0.0,2.9804968902480393e-12,3.162384105455848e-05,0.018919947830261703,6.832709896180486e-06,0.01189345042501468,0.0071980697838804,7.905815674801611e-05,1.4622308502850728e-06,1.730734681856676e-07,0.0011209350625408304,0.00011521579032478782,4.147731020927698e-05,3.377148484039182e-06,1.0186459124501815e-06,1.4903480401062694e-08,1.4395587227606753e-05,6.260950799456594e-08,8.116211796202788e-08,1.4773146621123614e-09,4.750974671224514e-10,0.0004165297776194532,0.759732624691028,0.0,0.08497315066613326,-7.893200814087061,24772244193.773315,1519.6358525020098
0.00472234902860705,0.0016019957841549,0.0018846255790752415,0.0893046819689535,0.0022090162586175,0.141790632758601,2.9610968990403534e-05,2.1271144490184693e-06,0.0,0.0,0.0,0.0,3.1690402400152298e-12,2.541536313061152e-05,0.01993630126039447,8.300815541330977e-06,0.012067474977370778,0.0063091271361146,7.166150218685474e-05,1.361762059111172e-06,1.426043699596791e-07,0.000958701061120219,9.470027972335914e-05,2.9890937514814445e-05,2.260152191638517e-06,8.535318321010243e-07,9.475812687479647e-09,1.901229437038882e-05,4.7627509782919184e-08,1.0192689553277598e-07,2.5069655604954797e-09,6.679766222335494e-10,0.00039896807758946283,0.7587845460935579,0.0,0.0803443394007825,-7.902534226538538,22545337073.558605,1488.6614821462
0.004430544289807418,0.0014743410621398,0.0018639889631642554,0.0914230823175293,0.0021715685981036,0.13975701879709,3.052266082714085e-05,2.290323377356103e-06,0.0,0.0,0.0,0.0,2.9226110588908846e-12,2.2356700116683412e-05,0.01964492968234206,8.944947649938011e-06,0.012443483911443062,0.0058561709661489,6.885457534360242e-05,1.3703685762301064e-06,1.2789493972709034e-07,0.0008931362493839026,8.62277010580399e-05,2.7167447514476e-05,1.9835125109954933e-06,8.112692161972572e-07,8.160238562904994e-09,2.1262126333194286e-05,4.475120612315387e-08,1.1112571944968432e-07,3.157325657437117e-09,7.674334184573761e-10,0.0003840603171523311,0.7593178182589879,0.0,0.07833089706998857,-7.886674794062236,20802885380.903927,1473.36883939932
0.004283249380269439,0.0014111434823555,0.0018682568943451342,0.0937193825906463,0.002149318525071,0.137863350095072,3.138656326958986e-05,2.3956057776257135e-06,0.0,0.0,0.0,0.0,2.818483552417168e-12,2.057814357410966e-05,0.019614359849816836,9.465804572622317e-06,0.012729080523686119,0.0056219253577838,6.738582459839868e-05,1.3812926670519161e-06,1.2026419926736341e-07,0.0008559077099362534,8.120335448194048e-05,2.546339941265842e-05,1.8151287121559343e-06,7.889885132025012e-07,7.376223041163785e-09,2.3021675425654664e-05,4.271114574707568e-08,1.1827594535760993e-07,3.7145572431156392e-09,8.489758849811766e-10,0.0003791874034349817,0.7592348799490709,0.0,0.07661567018592964,-7.8787530345228385,19948564591.97816,1463.27317892887
0.003937745292660702,0.0013080688791808,0.001757146518296273,0.0967606696130251,0.0020639205222987,0.134931959772366,3.270948748025372e-05,2.589816708416667e-06,0.0,0.0,0.0,0.0,2.405160409794424e-12,1.9417761156589133e-05,0.018435040312320093,9.738231947892702e-06,0.014130990254146238,0.0056634167831184,6.819734840238736e-05,1.5652803432824044e-06,1.1580977645834614e-07,0.0008636739539105466,7.895258819740449e-05,2.7547891702827244e-05,1.8553570610704982e-06,9.217609378650654e-07,7.491448628513696e-09,2.550291884549834e-05,4.386598718275049e-08,1.2610288318511977e-07,4.735113074591478e-09,9.239906978664813e-10,0.00039895758410599797,0.7592719644300109,0.0,0.07463425025294225,-7.854914178651648,19152781817.24047,1441.21092479288
0.003458558713218564,0.0011403527356116,0.0016394277324636643,0.10202522919618,0.0019571184388123,0.130194943821468,3.509541515646696e-05,2.9831739642768935e-06,0.0,0.0,0.0,0.0,1.9241902654630997e-12,1.6334233252630816e-05,0.01704132642530489,1.060281468308997e-05,0.015793176959599035,0.0052538109470841,6.492578738506304e-05,1.7475881442497356e-06,9.883854378486703e-08,0.0008030609245711983,6.965269644124552e-05,2.6292964693892364e-05,1.6105524865885277e-06,9.826704226764615e-07,6.3658870559614345e-09,3.105235007184831e-05,4.085835969672067e-08,1.4390602392735263e-07,7.514194606103803e-09,1.1186847577052465e-09,0.0003982635236311488,0.759428544860843,0.0,0.07087309075653551,-7.819441126858713,17011896071.433037,1405.51853664857
0.002958780146829119,0.0009779589586969,0.0015322259531341672,0.107056710588838,0.0018650575610944,0.126425586660348,3.6389491165394055e-05,3.3144246918446865e-06,0.0,0.0,0.0,0.0,1.5161300671030494e-12,1.3221721894551431e-05,0.01593329730852444,1.1632599285462441e-05,0.01690886333734763,0.0046665008185692,6.104837729783734e-05,1.8607459859488585e-06,8.208021128158758e-08,0.000724346967317116,6.05650365426032e-05,2.4252768877358494e-05,1.4061372011370427e-06,9.3370268654325e-07,5.502875382557715e-09,3.550270282347127e-05,3.979844938015606e-08,1.577528530676915e-07,1.0455779328318801e-08,1.3368596418554343e-09,0.0003734939652559987,0.759008185412453,0.0,0.06716823716377703,-7.770911378779259,14567078222.251505,1383.16208468482
0.002595709199206527,0.0008814021250822,0.00141990038102126,0.11060531407313,0.0017353609046874,0.1230651381053309,3.820811744155088e-05,3.5874137340037102e-06,0.0,0.0,0.0,0.0,1.2104266928743843e-12,1.085442473896684e-05,0.014614897042379607,1.231112279985681e-05,0.017466867564942166,0.0041500304014002,5.538624216561853e-05,1.9464346160110647e-06,6.61400118948064e-08,0.000642667356813656,5.170479203354668e-05,2.1308154375658876e-05,1.146105382929744e-06,8.859030549191837e-07,4.469975714441358e-09,3.97877907267757e-05,3.646610032435237e-08,1.6782479801463918e-07,1.4595404547701427e-08,1.5393275869094069e-09,0.0003490782983218979,0.7595627543903699,0.0,0.06477026303489541,-7.729347110827439,12343295268.574974,1356.66943701491
0.002383888062088057,0.0008101551569305,0.0014032419691032288,0.113864749145893,0.0016723184336386,0.120029230665523,3.94210281440319e-05,3.7887729443357886e-06,0.0,0.0,0.0,0.0,1.0843680463921864e-12,8.650840322908288e-06,0.01427371078210874,1.3413101728823992e-05,0.016811737479143597,0.0035249069356888,4.889210709862046e-05,1.8092050931484045e-06,5.242775443550469e-08,0.0005433866902995768,4.279741777448366e-05,1.634619640471005e-05,8.427696138219621e-07,7.030193166273128e-07,3.2255203532226398e-09,4.414282412666673e-05,3.094765030964937e-08,1.8039550404322785e-07,1.8955370142730348e-08,1.8012464790265863e-09,0.0003049876586315275,0.7600986396623259,0.0,0.06253342624707747,-7.703141534322716,10618224336.998507,1341.11949012256
0.0019568625559732017,0.000668544522636,0.0012330054847393762,0.118457269585703,0.0015682402377743,0.11603924435442,4.112114636755003e-05,4.440516973464668e-06,0.0,0.0,0.0,0.0,7.579636733641679e-13,6.799186316397554e-06,0.012451946248953003,1.427106504296518e-05,0.01805575261453977,0.0029507324388569,4.26740032205861e-05,1.938841950077851e-06,3.9269313409062726e-08,0.0004659109217696938,3.5423597836542305e-05,1.4431471815457368e-05,6.73118453304908e-07,6.405499628706225e-07,2.5674496239792924e-09,5.17469628867667e-05,2.7944369804559804e-08,1.9654279378590798e-07,3.059597113085546e-08,2.1019556433410173e-09,0.00027262177473452227,0.7603159688606099,0.0,0.0593324770259532,-7.639043305067166,8644222575.881277,1306.66420462851
0.0015910560044982759,0.0005441486459206,0.0010845336971727101,0.1226676256574859,0.0014869988878402,0.112370479519353,4.1562013221571136e-05,5.0743032847039415e-06,0.0,0.0,0.0,0.0,5.30391134117988e-13,5.4051687707823945e-06,0.010981544049678394,1.5166306891704476e-05,0.019224931511963528,0.0024678270361434,3.76884365134424e-05,2.038320891811647e-06,3.013318962123381e-08,0.0004034671530594575,3.001031546494587e-05,1.313248877339102e-05,5.723015960338991e-07,5.672008799248722e-07,2.2005895608709338e-09,5.798108294207142e-05,2.6572221900708213e-08,2.0846584987582552e-07,4.44019449697478e-08,2.398680237602004e-09,0.00023913239202300648,0.760462920253256,0.0,0.05639336079560476,-7.568139231488921,7058885235.4709015,1281.98989393712
0.001377939010057855,0.0005012604775987,0.0009155872499988445,0.12859342584208,0.0013883226534272,0.1076113647968909,4.506177229342906e-05,5.976563072995983e-06,0.0,0.0,0.0,0.0,3.725514497047925e-13,5.076166722828988e-06,0.009181773494694729,1.502484999917166e-05,0.02242751974741046,0.0023739115455786,3.5188184015067014e-05,2.5534480377330656e-06,2.602468216411952e-08,0.0003946357270299911,2.8183420903195006e-05,1.4563215502702125e-05,5.517211131007177e-07,6.89225060851815e-07,2.1726144721574635e-09,6.549431482053232e-05,2.5200638951266756e-08,2.1358750349944368e-07,7.660049401813878e-08,2.546034821896502e-09,0.0002542117291900435,0.759531714684425,0.0,0.05288086675409851,-7.521235167832228,6374663833.6535845,1241.3565005282
0.0011434174869727164,0.0004369963082979,0.0007485349695999003,0.133075370173992,0.0013052826812451,0.103390762232959,4.6585184507576645e-05,7.015175659546804e-06,0.0,0.0,0.0,0.0,2.443162442840404e-13,4.754942305094641e-06,0.0075590594813084045,1.4816783569273677e-05,0.026494238730105014,0.0022516273483166,3.299545599457554e-05,3.1923205354004047e-06,2.263460993936312e-08,0.00038905479144858343,2.695335142937635e-05,1.7103330508164936e-05,5.765536187818117e-07,8.268252392779109e-07,2.3594756076237515e-09,7.070885103474477e-05,2.5386940636820365e-08,2.1118949498579973e-07,1.2382300771212064e-07,2.6339396394853197e-09,0.0002598365072812038,0.7595399612551891,0.0,0.049805939354378125,-7.469999396166271,5588964205.053027,1207.30675697137
0.0012818632991524956,0.0004345484225788,0.0009180281274284489,0.127430205588768,0.0014300018985559,0.108707755457606,4.276680592403129e-05,6.186878403262386e-06,0.0,0.0,0.0,0.0,3.5539858734869105e-13,4.5514971049820644e-06,0.009358975926674337,1.6055038192524275e-05,0.02169879421066207,0.002108174596427,3.3541964468169015e-05,2.312859670907746e-06,2.3987479767326825e-08,0.00036208643968721547,2.6479363004564594e-05,1.3125265739099481e-05,5.218983355479162e-07,5.508726298130321e-07,2.0444510081380293e-09,6.68973805058573e-05,2.5863407526911607e-08,2.236018583780494e-07,7.340839105454639e-08,2.7354920167927047e-09,0.0002239200165357806,0.7598893140360642,0.0,0.053090801983126205,-7.498135949077791,5920482544.25807,1251.10599728333
0.0014589690788582483,0.0004472352706614,0.0011258617659907287,0.11958478029641,0.0015716134349334,0.1154851976379059,3.816777812336484e-05,5.270227415308463e-06,0.0,0.0,0.0,0.0,5.196271453608956e-13,4.1935993996660745e-06,0.011614992902002236,1.6945685095701514e-05,0.016447237685742803,0.0018713329275257,3.226177102356626e-05,1.5332963436951633e-06,2.4016391082062815e-08,0.000319765828079737,2.4841112387566204e-05,8.977926664500398e-06,4.2483335944401825e-07,3.195702582711528e-07,1.5817140887755392e-09,5.903004412943696e-05,2.4213892600003888e-08,2.2145598807760117e-07,4.062686004740856e-08,2.6895095703704538e-09,0.00017589827971870278,0.761039840432563,0.0,0.05752604313233952,-7.534823549048006,6066723141.365316,1300.53410269022
0.0012552775063194444,0.000402144537713,0.0009864147037326639,0.125320470511263,0.0014589720734858,0.110994611908739,4.0185418036437466e-05,5.8780702850743544e-06,0.0,0.0,0.0,0.0,3.7426159667320385e-13,3.652771453483747e-06,0.010071805675673616,1.7152176987110664e-05,0.018117106377048938,0.0017123257648542,2.9268562154579897e-05,1.7333105606005658e-06,1.9433430585866346e-08,0.0002950302571504389,2.2080601729038628e-05,8.832999401205872e-06,3.739457880245343e-07,3.335608880408784e-07,1.4159268733590715e-09,6.560243354269358e-05,2.2220496935760686e-08,2.276678225215791e-07,6.257379440484802e-08,2.8994270160926905e-09,0.00016910406672982823,0.7601114752039448,0.0,0.05429179380333319,-7.494915799552876,5307545569.280635,1266.48668123338
0.0009801980120633159,0.0003332543276301,0.000743152940825622,0.131096579200866,0.0013310207736465,0.105551658578605,4.2191070919124444e-05,7.241772258577543e-06,0.0,0.0,0.0,0.0,2.097958110288652e-13,3.6282874320799144e-06,0.007659361695308391,1.6515337304874007e-05,0.024147058353014544,0.0017174466430857,2.8296647201612037e-05,2.5254625069386666e-06,1.715361953681567e-08,0.0003102511355707227,2.227378467820522e-05,1.259540009672936e-05,4.52033098914316e-07,4.965991712047201e-07,1.8315141132018897e-09,7.271158270973293e-05,2.419199400033423e-08,2.2370411488787192e-07,1.1822686306385381e-07,2.9626857199335726e-09,0.0001869899413667021,0.7599700404761659,0.0,0.050418348786449754,-7.438083051725851,4611944629.392394,1217.96938098733
0.0008123524687709905,0.0003030696825007,0.000598165878941247,0.135347417391501,0.0012229206850505,0.101233802627444,4.386918776777046e-05,8.295851284668399e-06,0.0,0.0,0.0,0.0,1.3516763896846707e-13,3.4075166940559366e-06,0.0062101897671152815,1.6164999741060014e-05,0.02847189545091828,0.0016507213188499,2.627924353155099e-05,3.2060810249165226e-06,1.4812451471493214e-08,0.0003063022378720091,2.1206639076029963e-05,1.4858671096063438e-05,4.6945603946206013e-07,6.143889127629837e-07,2.0189379162019207e-09,7.630009078661728e-05,2.4114620573034772e-08,2.131868618568507e-07,1.94797985839004e-07,3.0477973863540976e-09,0.00019302353528272414,0.760242068294654,0.0,0.047573921784019334,-7.396221554613033,4007743332.549964,1182.44570931229
0.000709760183069536,0.0002958104861579,0.0005063492521072919,0.139952170284929,0.0011473861335745,0.0970451428472755,4.70419197269041e-05,9.651320950105325e-06,0.0,0.0,0.0,0.0,9.56613328614976e-14,2.964910369530519e-06,0.005232062769424979,1.628744248954356e-05,0.03057445933046935,0.0014398977055772,2.2279491399324207e-05,3.5859927124401593e-06,1.1455183132648506e-08,0.0002714390399763958,1.82803368814386e-05,1.3621386156307475e-05,3.7389749121828673e-07,5.985417788971972e-07,1.631662769664255e-09,8.182857384222262e-05,1.9744064999399165e-08,2.052543923322062e-07,3.5320942230386523e-07,3.274799832921065e-09,0.0001840091456213479,0.7601195925424858,0.0,0.04486081100442391,-7.3695186279079286,3490374054.0525837,1146.3845993404
0.0005752032918249071,0.0002703573162856,0.0003984048537258589,0.144527426546153,0.0010576341327855,0.0929790801858231,4.730491399941971e-05,1.0926245688232046e-05,0.0,0.0,0.0,0.0,5.859932047179795e-14,2.7816521393748677e-06,0.004210595329435259,1.5985875857985568e-05,0.03683952450419394,0.001400312665231,2.0779133520274635e-05,4.575195295356127e-06,1.009308130917136e-08,0.00027229246066102933,1.764750133493355e-05,1.6849895519152825e-05,4.1108752657116843e-07,7.50686297200161e-07,1.8991530254138886e-09,8.149030333641948e-05,1.969996265964e-08,1.8448879559120597e-07,5.836916984918454e-07,3.346899436327811e-09,0.00018584065186597892,0.7597651891537209,0.0,0.04146663389731024,-7.306824706008229,3008291763.6635113,1114.70326401482
0.00046156076490522615,0.0002456200750456,0.0003077532141831124,0.147760679403517,0.0009776783581711,0.0895361251397941,4.65918364800064e-05,1.2427060774207132e-05,0.0,0.0,0.0,0.0,3.502110717327998e-14,2.6204492980552696e-06,0.003358745145202233,1.5656590075209666e-05,0.04484984744022452,0.0013742651398738,1.9382831291892502e-05,5.854317010967104e-06,9.083650370657376e-09,0.0002759286772938517,1.7149297956657466e-05,2.1375107584040703e-05,4.646460740899262e-07,9.602367168380535e-07,2.258201433866935e-09,7.946469104940449e-05,1.94620480512225e-08,1.610855509641998e-07,9.856998405702757e-07,3.4453107107955943e-09,0.00018625044507712265,0.7601056318835979,0.0,0.03845586638626172,-7.204691969800107,2580968120.9584656,1083.72360262359
0.0003687536806500134,0.0002185010265261,0.00025568733381562097,0.151244105676583,0.0009010097611746,0.0865362816528804,4.497058729508703e-05,1.3239059100861363e-05,0.0,0.0,0.0,0.0,2.2690730277780206e-14,2.2001734238843833e-06,0.0028596473855834713,1.6150589895882822e-05,0.049250550504066765,0.0012288177461038,1.7127893345199987e-05,6.389504477546037e-06,7.341887323747187e-09,0.0002514333353939837,1.5211345077809008e-05,2.1837593353360048e-05,4.458878229251811e-07,9.462177813294814e-07,2.2653549483270543e-09,7.763076748099155e-05,1.8581910038316424e-08,1.463524480017545e-07,1.4158512329300161e-06,3.782268694217755e-09,0.00016458631268372422,0.7598712841367321,0.0,0.03583455588702714,-7.10365385478925,2118657546.396593,1064.3810240077
0.0003027618735837501,0.0002178835849865,0.00019674855984650095,0.155201466607761,0.0008370334855004,0.0830033586288846,4.5131785607023735e-05,1.543334218917071e-05,0.0,0.0,0.0,0.0,1.3609867529886432e-14,2.0224786063641155e-06,0.0022694862066637354,1.5847683668783304e-05,0.0593068439770332,0.0011846509741695,1.5259628108824308e-05,7.982434183891808e-06,6.343716634052726e-09,0.00024640571444647854,1.415589917216485e-05,2.5444095261065172e-05,4.495639859537845e-07,1.1496620995116477e-06,2.256262693895728e-09,7.488794879757432e-05,1.5581380885955697e-08,1.2055477185084452e-07,2.8272978638062254e-06,4.295389205370846e-09,0.0001621999516946905,0.7595556067186969,0.0,0.03222674254650164,-6.96936373619667,1836715032.080601,1028.6459282699302
0.00023531493578200248,0.0001816668512042,0.00016984478579578648,0.15588687348764,0.0007487150918555,0.0823539148076188,4.064682060130853e-05,1.437665987266874e-05,0.0,0.0,0.0,0.0,9.205891260910403e-15,1.6700342014409016e-06,0.0020177348925830584,1.6241378352128547e-05,0.06140533127548253,0.0010993267358067,1.426163072405404e-05,8.251841671165212e-06,5.415336979276005e-09,0.0002302675677299917,1.2895157987700477e-05,2.7053532617705223e-05,4.931911370226287e-07,1.1363360650592109e-06,2.7838983055537053e-09,6.882367271129754e-05,1.8351038273795326e-08,1.1178547105434318e-07,2.6782709381569976e-06,4.3960416981935874e-09,0.0001375618354660509,0.7597295030258749,0.0,0.0314068922101377,-6.903470938823635,1459476981.5287893,1027.79828273455
0.00021646326191563205,0.0001813711133659,0.00015219376697332698,0.157778796795468,0.0007192157268365,0.0807965115219551,3.988084790749457e-05,1.4740319718273228e-05,0.0,0.0,0.0,0.0,7.476673081206343e-15,1.6476444956015269e-06,0.0018377616052217566,1.5806635198472584e-05,0.06649139252574778,0.0011406260214497,1.4194501096291333e-05,9.284162345627607e-06,5.4431234619900425e-09,0.00023944982212179827,1.297670152909858e-05,3.1138879670264344e-05,5.470926257512322e-07,1.3451243202869015e-06,3.1105785287767484e-09,6.588869733988282e-05,1.8279591876776384e-08,1.0187266546951802e-07,3.1960071534853524e-06,4.5156852036223665e-09,0.00014049971963342095,0.759383478820924,0.0,0.02970013061589081,-6.848660167246757,1387846419.9985266,1017.12871294178
0.00017177879017505994,0.0001456258517913,0.00013984090272281966,0.157536827758225,0.0006458914067205,0.0810867020460525,3.51986246525847e-05,1.2851759287505473e-05,0.0,0.0,0.0,0.0,5.567004868011009e-15,1.3424241094122185e-06,0.0017315078392328106,1.6338733899724346e-05,0.06470200678459487,0.0010452990522687,1.3471851155570238e-05,8.831058805853391e-06,4.650639448867229e-09,0.00022001346329852126,1.1779983295700035e-05,3.1087580750511756e-05,5.927863407308846e-07,1.21517530097046e-06,3.861888633279906e-09,6.0525614351903647e-05,2.2992134011092e-08,9.947790815491618e-08,2.3856698643294757e-06,4.340763416980684e-09,0.00011443150381269128,0.759539653884942,0.0,0.029957082599473342,-6.835338351401506,1109332488.3937795,1027.10620224321
0.0001391753925976329,0.0001438099805441,0.00010647357625789181,0.160441579477531,0.000582178975646,0.0784063328276403,3.306349864160544e-05,1.3530044007473485e-05,0.0,0.0,0.0,0.0,3.2952549089447695e-15,1.2559388835600836e-06,0.001374075073787876,1.5137917891398616e-05,0.07571467432714564,0.001110247291416,1.2907713982162572e-05,1.1299134857974636e-05,4.499764079937397e-09,0.0002346749331161035,1.1564896049191658e-05,4.118461524728535e-05,7.226138545198213e-07,1.7232569334551079e-06,4.731431742233236e-09,5.362845038039545e-05,2.188807721996491e-08,7.828229020973026e-08,3.6089770512005066e-06,4.602353031212813e-09,0.0001143857921761093,0.7593158514472221,0.0,0.02686367184939204,-6.732112629763043,964942267.5044348,1001.39591408715
0.00010745078027471516,0.0001322251236477,8.353257416087695e-05,0.1634346968828789,0.0005255787562317,0.0757571172451236,3.036377019954604e-05,1.4144365752961403e-05,0.0,0.0,0.0,0.0,1.94022300090629e-15,1.0613121625481711e-06,0.0011243252239965728,1.5018429772201067e-05,0.0853273260580312,0.0010588888661219,1.1505013348579667e-05,1.2848283484884833e-05,3.838042390851387e-09,0.00022467318797269646,1.0407908873709263e-05,4.612674823750692e-05,7.681682320608243e-07,1.9409539212846693e-06,4.912884980382118e-09,4.900007931522285e-05,1.978958676477998e-08,6.422821531869191e-08,5.465794597982198e-06,5.520257601368977e-09,0.00010126658318158105,0.759091493125996,0.0,0.023877887602738873,-6.609215964245241,785509765.0300843,980.030216224238
8.160596323400078e-05,0.000132318988251,6.268361554130293e-05,0.165959189477628,0.000459035094004,0.0730602747019693,2.8142348125218345e-05,1.4689516620113757e-05,0.0,0.0,0.0,0.0,1.0621602413067673e-15,8.655740117604226e-07,0.0008801189247607099,1.4387048261793643e-05,0.09428482572561926,0.00100707463987,9.92205433984148e-06,1.4945130426199819e-05,3.1186254785158623e-09,0.00021201741924939348,9.048051806324383e-06,5.056643883938329e-05,7.865210061618649e-07,2.231668683219406e-06,4.8303635650988315e-09,4.315162866897403e-05,1.6798941360376912e-08,4.897754952871717e-08,8.80300734490699e-06,7.193159403215416e-09,8.919879067482402e-05,0.7593821070982779,0.0,0.021321585059342316,-6.462286739264241,622481586.9004438,954.460503717674
7.053859367349628e-05,0.0001435993751407,5.191649205373331e-05,0.168165833647892,0.0004194747123284,0.0706051742197359,2.7549587502500377e-05,1.515134714162175e-05,0.0,0.0,0.0,0.0,7.368808994065778e-16,7.656227784518198e-07,0.0007456055218881838,1.367622690677571e-05,0.09906693472466657,0.000992012709298,9.019342741245336e-06,1.681447670989399e-05,2.7475481929826968e-09,0.00020623241655187883,8.267229887142856e-06,5.318535553605186e-05,7.816711220172806e-07,2.5132847456352465e-06,4.565924568570836e-09,3.951604962870542e-05,1.439227175919141e-08,3.9864936580078814e-08,1.2404099323392257e-05,9.075797175520701e-09,8.548690786926679e-05,0.759673905335605,0.0,0.019637808717370975,-6.404471251791383,549303526.1786398,936.290211205752
5.4376734057256524e-05,0.000147024540341,3.738013242383599e-05,0.170968232048961,0.0003701355896875,0.0680850791469317,2.440672932488261e-05,1.5824736658686728e-05,0.0,0.0,0.0,0.0,3.9008016799052435e-16,6.597596234487408e-07,0.000568033186588706,1.2188148018667826e-05,0.11048721648279937,0.0010565194978471,8.376215297148933e-06,2.1044053263054486e-05,2.596119570586049e-09,0.0002189768073892841,7.712312788547977e-06,6.879618305615256e-05,9.744669211568785e-07,3.6209058196862097e-06,4.897660211991193e-09,3.2973967460345754e-05,1.1775936451635307e-08,2.7543361351538148e-08,1.941717884243071e-05,1.3156112502502886e-08,8.090667382931263e-05,0.7593730091762321,0.0,0.016748434822483664,-6.330204580499834,466550990.06463057,910.816689729638
4.1162274489238146e-05,0.0001333393773942,3.0262265191807227e-05,0.173205551218589,0.000333630467062,0.065977910088272,2.166057166348969e-05,1.5963858799063364e-05,0.0,0.0,0.0,0.0,2.334560773441225e-16,5.304116610683892e-07,0.00048020978632835567,1.2313936826744461e-05,0.11928849374494131,0.0009667561933467,7.255875634384924e-06,2.1781853392281894e-05,2.080671738848037e-09,0.0001990626353613642,6.6328667487855e-06,6.937975753828732e-05,9.823476053709118e-07,3.5878758206245576e-06,4.380081886370543e-09,3.0126317415616244e-05,9.946638571724252e-09,2.2271665531544162e-08,2.7300539224442417e-05,1.842006832315882e-08,6.611048181339475e-05,0.7593828126553349,0.0,0.014366179772668299,-6.273999552070852,369092838.8803913,895.4140410117699
2.9961335693505454e-05,0.0001284244123109,2.223978410688505e-05,0.175975071594093,0.0002991901819378,0.0635781663119094,1.8434422521854188e-05,1.711627527530598e-05,0.0,0.0,0.0,0.0,1.1892338634576088e-16,4.320537390504265e-07,0.00037244936339576754,1.1652206724300155e-05,0.13497366376949357,0.0009517784810156,6.366411557149257e-06,2.4661109629991567e-05,1.7740261430441648e-09,0.00019474700781738964,5.80337458814343e-06,7.973305694483306e-05,1.1206990225241753e-06,4.358234552955059e-06,3.721627191669606e-09,2.5972554937667875e-05,6.946465901727134e-09,1.4706917521009042e-08,4.776916875890381e-05,3.294990690061757e-08,5.5945698208252344e-05,0.759067369018733,0.0,0.010901828810296268,-6.169219102005135,297733445.3284069,869.1861465185159
2.3290659172948588e-05,0.0001374787842181,1.659489433719359e-05,0.178575204957058,0.0002696936979366,0.0612015207242972,1.6172270907678398e-05,1.8376674874635883e-05,0.0,0.0,0.0,0.0,6.547973983632977e-17,3.6488388442223023e-07,0.0002910197759586913,1.050693141843174e-05,0.1428881564731785,0.000987876042975,5.873549569354174e-06,2.881596560217389e-05,1.6337057152312708e-09,0.00020143188059897746,5.264265696630197e-06,9.436553559698039e-05,1.3451129478002662e-06,5.792604754533719e-06,3.2546134141073636e-09,2.2155969061801897e-05,4.842148882092393e-09,9.267299668513918e-09,7.446763571080617e-05,5.4013713546163775e-08,5.1609100732110465e-05,0.7588282257935149,0.0,0.008760681166011882,-6.074965811662611,261233765.68712217,845.204499556788
1.59733157517197e-05,0.0001247072865046,1.321928876604452e-05,0.181458448882155,0.0002422423453992,0.0586028014199817,1.4032232980664987e-05,2.0017273618965194e-05,0.0,0.0,0.0,0.0,3.3502846383798964e-17,2.7813141965010486e-07,0.00023653826333863934,1.1276469351627606e-05,0.1540868737944913,0.0008295343805466,4.6570195186899764e-06,2.8250000378141897e-05,1.1086567729836056e-09,0.0001662304560610895,4.146148289866994e-06,8.361909566645611e-05,1.201706046359763e-06,4.964901879353514e-06,1.995300512067581e-09,2.0559701532424126e-05,2.930693224872191e-09,5.701589424307106e-09,0.000137042013069187,1.0547664521586437e-07,3.761178552607871e-05,0.758742265685413,0.0,0.005863686690211237,-5.927335466230752,191417085.6355264,818.8777690617592
1.0781518618100978e-05,0.0001110450089116,1.0911371398911675e-05,0.1842330193279589,0.0002177795806384,0.0561010491552393,1.2293824891287357e-05,2.2349887587582387e-05,0.0,0.0,0.0,0.0,1.7129462845467547e-17,2.1443456461482787e-07,0.00019470230117884122,1.2615385977511839e-05,0.15275332531552183,0.0006785411592911,3.6805523997738105e-06,2.7343158522906037e-05,7.369980233742629e-10,0.0001354868077789104,3.2567749529747038e-06,7.088066681750188e-05,1.065000004009087e-06,4.091665274367206e-06,1.1463926218919123e-09,1.9422475077492887e-05,1.7075846645021051e-09,3.1960117707452552e-09,0.0002386909331602424,1.9629971091185867e-07,2.7109906599104194e-05,0.758658565767961,0.0,0.004709960806454869,-5.811421136647586,142737869.38267756,792.372053493241
6.4679415393123175e-06,0.0001050513094803,7.493911704417536e-06,0.187057041323344,0.0001817320128224,0.05328077774567,8.783310059465796e-06,2.3774934147207697e-05,0.0,0.0,0.0,0.0,6.199217523317313e-18,1.6558833741463686e-07,0.0001396541969464112,1.051391261721097e-05,0.12809969097921295,0.0007084332521151,3.5550596049969125e-06,3.1428412299377824e-05,6.890474042071408e-10,0.00015042562231599283,2.9150641607344066e-06,9.524607659500462e-05,1.8420175597892026e-06,6.527407589129539e-06,1.057668575637258e-09,1.4924215410642194e-05,1.129348909621367e-09,1.3605316421277907e-09,0.00026868925703527605,2.452207110406409e-07,2.1051509004697914e-05,0.758666964356568,0.0,0.006814183630965897,-5.803487740457145,123189657.88646038,765.838247075599
2.1252565384727273e-06,0.0001037272110131,4.265273877255805e-06,0.191588573846519,0.0001293157672771,0.0484319910929363,4.180214185872916e-06,2.5322837096061622e-05,0.0,0.0,0.0,0.0,8.919261579412485e-19,9.521756852119931e-08,7.92912975887466e-05,6.805844625592976e-06,0.07547442350906192,0.000672988104576,3.0386510588356233e-06,2.8770712619436358e-05,5.258214287899446e-10,0.00016051111919135355,2.1657372943665453e-06,0.00013256430113540955,4.860619850620835e-06,1.1604995321828059e-05,1.0214884693497725e-09,9.337560903699115e-06,7.767396594709781e-10,2.686865751270955e-10,0.00023246079179823492,2.491030023221736e-07,1.005292274464763e-05,0.759073403977678,0.0,0.011931178660492828,-5.776564863740813,93151152.45698754,722.3974540884378
1.9045637172273297e-07,0.0001062953866689,2.2942883981101704e-06,0.197015940532834,8.99299658777224e-05,0.0435341727568647,1.1181912721465302e-06,2.766805887261418e-05,0.0,0.0,0.0,0.0,3.0636549661679124e-20,4.883333213557062e-08,4.169082695572829e-05,3.5998078755734834e-06,0.03451022457578332,0.0006673243754806,2.3024319154632898e-06,1.52826430149538e-05,4.4599785283669933e-10,0.00015323112381018016,1.4043131454210272e-06,0.00022109690655960833,3.3540152462426114e-05,1.7599629656208523e-05,3.08310339021643e-09,5.545939194564872e-06,2.0676667584118333e-09,2.801921978126275e-11,0.00014998207536201058,1.8975842490225997e-07,2.4321733396603695e-06,0.758586336982273,0.0,0.015031242346791577,-5.724944185725043,70046296.2576097,670.652084883828
4.1550423416497685e-08,7.857083742192141e-05,1.049286754080723e-06,0.20096677099505,5.2826196733876286e-05,0.0401582134969552,6.983340621824741e-07,2.2217208407474384e-05,0.0,0.0,0.0,0.0,2.3558026832763495e-21,2.0321710495446632e-08,2.4785023029674566e-05,2.407154719504104e-06,0.012373010860772273,0.0005128988474287,1.4212522736956589e-06,1.169332520436634e-05,1.945951888489841e-10,9.21720516961648e-05,6.720994282357717e-07,0.00019018610270973325,4.129836426480086e-05,1.2071471534870117e-05,1.9906646639359647e-09,3.7845840709707427e-06,1.6900423373559608e-09,6.170185826745879e-12,0.0001119593508224544,1.4691679614462486e-07,8.688849363772376e-07,0.75823071962641,0.0,0.015804536565864568,-5.544566755786804,29846478.400190976,634.8624152678859
9.01418210351046e-09,7.537111014255059e-05,3.483622114743016e-07,0.205385962053049,2.8093428476035302e-05,0.0362497121735945,4.4053043584505786e-07,1.663609485248683e-05,0.0,0.0,0.0,0.0,1.272761996354189e-22,6.75893470218165e-09,1.2689512252267542e-05,1.226058867064132e-06,0.003543244911312753,0.0004770988481655,8.858894449405028e-07,9.148795930467347e-06,9.381130045319379e-11,5.6765827019892825e-05,2.828037979345256e-07,0.00020198447020173057,5.0649054965097526e-05,9.916555110197554e-06,1.1357856539322788e-09,2.1826435354224604e-06,1.1222464329703499e-09,9.104447732643556e-13,6.46063806644841e-05,8.925815471042863e-08,3.249753709457646e-07,0.7577837623865721,0.0,0.014624131332173744,-5.363180616515738,13115555.073449966,595.906547785611
2.9893172764489e-09,7.646633992562809e-05,1.5333725168369554e-07,0.207924687984313,1.8715812473391e-05,0.0330884960590836,3.604644235118694e-07,1.5138211677615215e-05,0.0,0.0,0.0,0.0,1.4183693034642593e-23,3.2677246031939675e-09,7.825132149046843e-06,7.840115018122402e-07,0.00159314201582818,0.0005140689174619,6.775922876867908e-07,8.432407066531983e-06,6.425439098977573e-11,4.139548691765711e-05,1.544337049903238e-07,0.00023545586718883919,5.8961555278478614e-05,9.071278863783544e-06,7.549899914179848e-10,1.5112013237630827e-06,7.509369455290301e-10,1.5696819341524252e-13,4.614546024530073e-05,6.765721971391928e-08,1.8879405808209739e-07,0.7583775648867421,0.0,0.013564888895669664,-5.239199522878459,8226083.763037056,561.838043993588
3.9839838148997555e-09,6.66654041016695e-05,2.634655445894115e-07,0.208363341388848,2.5172383190388e-05,0.033207010313596,4.7598803763047335e-07,2.060668706826957e-05,0.0,0.0,0.0,0.0,3.2296852454395166e-23,5.498722608267158e-09,1.0243524996389826e-05,1.2872181442200936e-06,0.0028445132350779644,0.000470017503236,7.746911328343746e-07,1.0423298606368437e-05,7.594380545131485e-11,4.496362501794074e-05,2.0867480414978733e-07,0.00020901730328419364,5.320892373726171e-05,8.00089570979148e-06,8.740836724700266e-10,2.1375979112383515e-06,8.147674215330728e-10,1.8340437616773475e-13,7.603937834053522e-05,1.1247185552902812e-07,2.71124587461607e-07,0.7578677930070269,0.0,0.013049601451850022,-5.277821170795883,10351332.66184253,560.9053941190509
2.607612047781025e-09,5.23133143121558e-05,2.2383548401365745e-07,0.20976454215257,2.2261853650174693e-05,0.0320709098096651,4.6576579615513977e-07,2.0686880908518776e-05,0.0,0.0,0.0,0.0,1.6035252125158194e-23,4.450863760146421e-09,9.033555510282473e-06,1.3196161797164084e-06,0.002307777577347384,0.0004106237415241,6.64582759671487e-07,1.0371806551457945e-05,5.5728360980166543e-11,3.644565012984221e-05,1.642772121303736e-07,0.00018229135126207775,4.689094267202878e-05,6.2755242320943e-06,6.328507232992317e-10,2.05570378550529e-06,6.416565082385009e-10,1.1984856155167132e-13,8.132816022036664e-05,1.2212620999709628e-07,2.1290885979573998e-07,0.757679349128278,0.0,0.012228896966235895,-5.208238120064959,7626199.801887593,547.774462256615
5.309186522960017e-10,5.99525535291165e-05,5.8720858029534915e-08,0.213550575223761,1.03232884668298e-05,0.0283945534822123,2.6052001897481297e-07,1.3576812183155257e-05,0.0,0.0,0.0,0.0,6.034853609417018e-25,1.1578640472389816e-09,3.8085670618205324e-06,3.826663723261737e-07,3.4068935342924762e-06,0.0004290599024333,3.852832585274422e-07,6.159474659233375e-06,2.1424528084794167e-11,2.1427953167471048e-05,5.8172511827025096e-08,0.00017010858404300767,5.141596542383843e-05,5.446424776007956e-06,2.763973081714502e-10,9.35543581340959e-07,3.1853228699581867e-10,1.7663273092201083e-14,2.6763119277569174e-06,4.2869744028639e-09,4.944323063969846e-10,0.7575555355495981,0.0,0.010547286356144697,-5.000022143764302,3018912.3272649418,511.561635782955
1.7619448425038953e-10,5.22067924157815e-05,1.6678115981545256e-08,0.215770226065447,4.96556063480084e-06,0.0261363315753622,1.7749063526587108e-07,8.601743089832298e-06,0.0,0.0,0.0,0.0,4.2500842284966554e-26,3.039839615090439e-10,2.0290916729795547e-06,2.465357041776464e-07,0.00014826788119236332,0.0003982324803249,2.6922880805607416e-07,5.17552278553048e-06,1.040237248334804e-11,1.256364847643429e-05,2.0782538189445877e-08,0.00018605314730069526,4.049658841132483e-05,4.388212270871203e-06,9.222634889939104e-11,5.137172293961149e-07,1.2996477003282996e-10,8.63905914525039e-15,1.823685964528237e-05,2.9347597674011247e-08,2.625301942317585e-08,0.7576380375258149,0.0,0.009248681920569912,-4.833130509352012,1217013.965839022,484.789538564204
6.815260410881617e-11,4.45400560333067e-05,6.271967592160072e-09,0.217485823718732,2.69402671827382e-06,0.0242787502544482,1.1920553163674648e-07,5.6236322208011765e-06,0.0,0.0,0.0,0.0,4.9800656464721e-27,9.690457991335692e-11,1.1600629774592866e-06,1.2988462666663398e-07,4.9513135091986295e-05,0.0003628585640904,1.8688535117140413e-07,3.6455964290364317e-06,4.799334530533271e-12,7.945240975738424e-06,8.701297758958314e-09,0.00016525370720273525,3.3085820466522385e-05,3.509418528417618e-06,3.727748735031758e-11,2.92506200543447e-07,6.544862547090416e-11,3.960723411989303e-15,9.80316813109981e-06,1.5770799557535143e-08,1.0861238973324054e-08,0.757825333379977,0.0,0.008252153681813168,-4.729702770588763,541073.9688243023,466.8814255544901
3.155785025082201e-11,4.02172679727142e-05,7.105158727167084e-09,0.2206609120034069,3.00703240951567e-06,0.0212783816135471,1.6241166141218487e-07,9.410435151594062e-06,0.0,0.0,0.0,0.0,1.5886009980822048e-27,1.3515125568430393e-10,1.2089282785341767e-06,2.3221849594092527e-07,7.720027761955761e-05,0.0003218215127917,1.8770377056777435e-07,5.506901114994064e-06,3.923952454328291e-12,6.351739231936809e-06,8.134627906933378e-09,0.0001414307714298784,2.8252599532882063e-05,2.377602328194528e-06,2.7146330351288974e-11,4.036684189340719e-07,3.660613198998492e-11,4.106370669888724e-15,1.9201215509436836e-05,3.3108783381586956e-08,1.1334023236467313e-08,0.7576956605698721,0.0,0.006442178623412165,-4.7870887821196355,483936.13005735277,430.785727013695
7.121011389273038e-12,2.0579412312992305e-05,4.103474224938648e-09,0.224920751064337,2.5804245879588e-06,0.0173017419910025,2.2472347488876009e-07,1.4251220673818357e-05,0.0,0.0,0.0,0.0,9.382091779928281e-29,1.1753200930397892e-10,1.1939402959253772e-06,5.18060945443636e-07,9.616675788479244e-05,0.0002416257478668,1.7260221020088159e-07,9.884674611487995e-06,1.6884900231681389e-12,3.4640591992260353e-06,4.733542944105943e-09,8.488618589729917e-05,1.6487942536383848e-05,1.025789114872032e-06,9.250342742099819e-12,5.55588297192167e-07,1.0787211824397953e-11,5.019753171998326e-15,4.429698697081464e-05,7.478543443174846e-08,7.993316129111276e-09,0.7575127213598929,0.0,0.003917181593176447,-4.815605162126384,267547.07339450443,384.438159637202
4.8673797385806574e-12,2.25775086528365e-05,3.0090161317829054e-09,0.226185108351417,2.46329454120254e-06,0.0161230862088115,2.5140105331152357e-07,1.6190239267675916e-05,0.0,0.0,0.0,0.0,3.640842534028227e-29,1.1083654587794446e-10,1.2782983916073301e-06,6.942361906053227e-07,0.00010920131739179885,0.0002421157119694,1.8779281854540692e-07,1.2831391938729032e-05,1.3579207346904168e-12,2.984498924693772e-06,4.075835271967055e-09,7.440834171966851e-05,1.4136797019785094e-05,8.482470437116911e-07,6.712230221992791e-12,6.410953140602236e-07,7.189654563791454e-12,5.623554124082059e-15,5.867567718648966e-05,9.372933462086696e-08,7.604723478995342e-09,0.7574246489246089,0.0,0.0032200247737725566,-4.771690095343254,246444.83775168014,371.577426039135
