Y_H2O,Y_NH3,Y_NO,Y_N2O,Y_N2,Y_O2,Y_H2,Y_NO2,Y_AR,Y_HE,Y_H,Y_O,Y_OH,Y_HO2,Y_H2O2,Y_OHV,Y_NH2,Y_NH,Y_N,Y_N2H4,Y_N2H3,Y_N2H2,Y_H2NN,Y_NNH,Y_NO3,Y_HNO,Y_HON,Y_H2NO,Y_HNOH,Y_NH2OH,Y_HONO,Y_HNO2,Y_HONO2,Y_t-ONNH,Y_c-ONNH,Y_ONHN,Y_H2NNO2,Y_t-HNN(O)OH,Y_c-HNN(O)OH,Y_CO,Y_CO2,Y_CH4,Y_C2H6,MF,CEM,HRR,T
0.0606050355297181,0.1307241536844169,0.00029814348611083367,0.019383796147084492,0.679204801922853,0.10994998454663,0.0193815336375847,1.9515011118180272e-05,0.0,0.0,0.00011245754089491052,9.508323958331213e-07,0.000134490678797,5.6639311489517676e-05,0.00018866489660342368,6.2776679485064584e-18,0.0005569781269622646,2.475415331756784e-06,7.763289838042536e-08,0.00047876830295141056,0.0003596742768002896,0.0006768870919851062,0.0001259071813383694,1.0960481118463574e-07,1.4447450289384186e-07,7.1517451837937365e-06,6.106175658027635e-07,1.992922078251906e-05,9.864946117308842e-07,3.988824527336379e-05,1.5160137600723461e-05,3.377027200080671e-11,0.0004191741772848635,1.0197575619696048e-06,2.1107402374319782e-08,1.5880464261330273e-13,0.002132298601909164,1.3066243460291131e-08,4.9741243301269506e-09,0.0,0.0,0.0,0.0,0.23661282380678197,-6.8509180703286345,6944161730.446302,756.2532299617419
0.0565626324592359,0.134425857534092,0.00025887097437970324,0.03915276484738147,0.6768811552580981,0.112044027391886,0.019962526467019,2.3937110850686365e-05,0.0,0.0,7.816798949091867e-05,6.092813824488631e-07,0.0001238008896699,3.5954433573382466e-05,0.00014921192189217095,1.7217578809324489e-18,0.0005192752333935612,1.8479236853591953e-06,4.6372054366192285e-08,0.0004764077092375448,0.00034892302082479963,0.000750370649209424,0.00014957023172428445,7.297006301920651e-08,2.4432988232888327e-07,5.7082488758473305e-06,5.175298219119842e-07,2.0671469068631053e-05,1.0317861744117423e-06,3.553659297871171e-05,1.2252540110053366e-05,1.6996652245250562e-11,0.0005911296554164364,1.2329248684821075e-06,2.0919533450501562e-08,1.1042848451446611e-13,0.005665318740146346,1.9293250694974727e-08,5.276445031200127e-09,0.0,0.0,0.0,0.0,0.22498188227531576,-6.800346562538032,6613524882.005058,721.308943187861
0.0528043020275107,0.137306855960579,0.00026840245786938,0.10843775358619274,0.67399464490641,0.1153000019805019,0.0204834702067556,3.927621213395703e-05,0.0,0.0,4.143593007300923e-05,3.4703094271442637e-07,0.0001107249182433,2.4724608864856335e-05,0.00014359041685559415,4.3339706017501976e-19,0.0004290977335902527,1.1982306144704888e-06,2.2419022895900654e-08,0.00045849144348568177,0.0003268862216390791,0.0007588032608110988,0.00018580945614467764,5.466601355226849e-08,6.222171794804135e-07,5.2320635816765305e-06,5.264833187085946e-07,2.8763428591529755e-05,1.320069165537351e-06,3.46643385531153e-05,1.375529597982933e-05,1.3101893579589404e-11,0.001256049650831132,2.1558846909448772e-06,3.0975559647123425e-08,1.1122158337214207e-13,0.014031250780601056,2.921215193669655e-08,1.3708253213444116e-08,0.0,0.0,0.0,0.0,0.18050877118223793,-6.762143006864436,4307710916.505841,694.417997459502
0.0495462031684665,0.139409240877176,0.00025717072566728926,0.25770010081240174,0.6712025228172099,0.118916492031684,0.0208186987323915,5.650822621004357e-05,0.0,0.0,1.9704575811574697e-05,2.0268853680156896e-07,0.0001068423730718,1.4548109378326936e-05,0.00011347712924939631,1.0454419071367776e-19,0.0003303962769773658,7.769144897068483e-07,1.1428518391937578e-08,0.0003933009856534271,0.00027506252498644593,0.0006449375135675846,0.00021149610809586148,3.7631864824598345e-08,1.2527780751564286e-06,4.7820882200224645e-06,4.623791787160961e-07,4.064424979761677e-05,1.5679000040673578e-06,3.211079238999256e-05,1.441843973399663e-05,9.792603050913827e-12,0.0022359958139378027,2.9722820005362877e-06,3.6706066625586446e-08,9.961135539502405e-14,0.02569775773426832,3.41467630188394e-08,3.400601976974842e-08,0.0,0.0,0.0,0.0,0.10565207556918493,-6.714803592067222,2169488149.149035,671.5640364459031
0.0455980283114006,0.14195736900074,0.0002015409752424625,0.4835120997549709,0.6696478392361529,0.121618904339723,0.0210782839426467,7.125811477208546e-05,0.0,0.0,5.85403228385616e-06,8.040211698325771e-08,9.957516933729508e-05,5.755359533233113e-06,6.854256440856698e-05,9.965817914225416e-21,0.00020188278024808678,3.891684053516365e-07,4.455198326983796e-09,0.0002795560587872805,0.00019157533920536555,0.0003873981404407144,0.00020928448316284918,1.793437136672461e-08,2.096012002274053e-06,4.758497725327192e-06,2.9310782385577417e-07,7.15914195695494e-05,1.370709378398889e-06,2.530875724200326e-05,1.3351977842516792e-05,5.327671021467326e-12,0.0035811439443095435,2.415145107507595e-06,2.4268693284498828e-08,4.6843767425306326e-14,0.039514051288048635,2.846977302040157e-08,9.288456966156923e-08,0.0,0.0,0.0,0.0,0.02696644583995615,-6.695896321147768,647058057.5622491,642.719644782065
0.0421939330155351,0.144543641269281,0.00016142214621715239,0.6125464870901984,0.6675872034623029,0.124210690323418,0.0213689630066405,7.660364268474277e-05,0.0,0.0,1.7404558655020576e-06,3.1860946760461064e-08,9.55689228228147e-05,2.684381609864248e-06,4.9084707762235686e-05,1.1080307523192508e-21,0.000127747208573653,2.1032629511480683e-07,2.082364668165071e-09,0.00020152219425158293,0.00013522605121944932,0.00021290823316251974,0.00019817144182945458,9.735861557445559e-09,2.687899964882912e-06,6.789043454851768e-06,1.948754337616363e-07,0.00014178629352954003,1.0677265479217137e-06,2.0846900589873065e-05,1.5096407410695938e-05,2.891890193775158e-12,0.004775351338094305,1.2457278380734633e-06,1.0038367222680008e-08,1.4446272458615688e-14,0.05291293093374017,1.9703446112676092e-08,2.769968512883165e-07,0.0,0.0,0.0,0.0,0.0,-6.768386527562654,239854434.83592513,614.256171939473
0.0386864894452832,0.147360340568779,0.00014781053889142168,0.6544676929850363,0.6639680565510799,0.128223234328579,0.0216698276422541,7.694516676284681e-05,0.0,0.0,7.468970772900225e-07,1.6656775057617814e-08,9.20514640242463e-05,1.8120636020423608e-06,4.636426309897304e-05,2.30362502684467e-22,9.876719048850938e-05,1.446118985854715e-07,1.333047321759139e-09,0.00016897882092960413,0.00011148710349468014,0.0001403459486632311,0.00019471069434903867,7.074120605677138e-09,2.8520006498926055e-06,9.58318896679926e-06,1.6048966680566908e-07,0.00023298629274343994,9.206633689504717e-07,1.8995186603758162e-05,1.8743588619581834e-05,1.8056524124127927e-12,0.005399119095395476,6.334982602678792e-07,4.201345235725962e-09,4.618144959707388e-15,0.06074306279060197,1.2527478812075602e-08,6.749452359402047e-07,0.0,0.0,0.0,0.0,0.0,-6.889909536607142,149052978.50668377,590.822406381864
0.0349625225198251,0.150594716197686,0.0005709787684113043,0.006487983471715881,0.661856247221543,0.130483531224532,0.0220148895415691,0.0002472495398817796,0.0,0.0,1.200609759712981e-06,3.828336429537293e-08,8.80932948447683e-05,1.1587997694583939e-05,0.0003935980806305905,1.0807204016984473e-21,0.0003036587326904836,3.913913525717848e-07,3.465399345268817e-09,0.0006066496110396246,0.0003900895185712074,0.0004024489556702569,0.0007786237419589871,6.305067304898806e-08,1.3043316534371235e-06,4.993171489517292e-05,6.923321652482316e-07,0.0012734762150966481,3.043177118488099e-06,6.638748603234992e-05,8.512977344008229e-05,4.282044009567161e-12,0.00274340755628424,9.223296021004002e-08,4.651880624537991e-10,1.3567743670621114e-17,0.0006141608038500486,7.33221658275739e-11,2.243438353318605e-06,0.0,0.0,0.0,0.0,0.25718014660838434,-7.243325890417873,3225775682.0119214,562.628494864066
0.0313113173394525,0.153182252396098,0.00016762942509606661,0.5838747088447785,0.659812449131855,0.133194786513404,0.0224147417854238,7.731066932043826e-05,0.0,0.0,2.9554794274432297e-07,1.1230322365353742e-08,8.445283376690991e-05,1.3075398985942341e-06,5.517871178713039e-05,2.1316457050000545e-23,0.00011908828161127271,1.4133594555112903e-07,1.186608558190794e-09,0.00020917143782078415,0.00013355277062018818,0.00011795290986664574,0.00032038722789751704,6.48930412340313e-09,2.427749630675565e-06,1.5522765918737994e-05,1.2370703414755478e-07,0.000567937523968312,8.703635383398711e-07,1.9379787841463128e-05,2.0407702861261468e-05,4.889346931721296e-13,0.004408085902535215,9.974861163772464e-08,3.855962589964578e-10,1.8122654061881944e-16,0.03603007617880526,1.2624039473681989e-09,1.9607467364536923e-06,0.0,0.0,0.0,0.0,0.0026645189371176593,-7.302797998087041,297937860.22413385,530.091236665582
0.0282148602050501,0.155078977622901,0.0005063500461808766,0.0012896696487163129,0.656972426305527,0.136784248955629,0.0228626927978061,0.00018184885617653377,0.0,0.0,2.1099006315922417e-07,2.799266289420133e-08,8.6794113086901e-05,8.981001131465458e-06,0.00036088486642613826,7.318448105455883e-23,0.0002652263738208059,2.834674709663361e-07,2.4713445508743577e-09,0.0005706811641905622,0.00035825451330782687,0.0002632999291850589,0.0010100807664408448,5.704253641577195e-08,3.150877952781541e-07,4.351258620236241e-05,3.0784751156698587e-07,0.0015856672515906335,3.675440508081426e-06,6.622099817278435e-05,7.064732747586475e-05,1.0021196496179863e-12,0.0006358751094464144,3.564461413625915e-08,9.470668572404797e-11,6.998038511385381e-20,0.00012392392072305348,1.866309706811254e-11,3.9617462675299194e-07,0.0,0.0,0.0,0.0,0.26816871370034207,-7.429598015148437,3002469048.2105193,503.787523142016
0.0251832866484344,0.157091565969964,0.00044386319083326294,0.005124881546631953,0.655863009290334,0.138456168578894,0.0233189449733704,0.0001450794084792769,0.0,0.0,1.894688436868881e-07,2.506370142521559e-08,8.702453900352809e-05,6.263748614127301e-06,0.00033228269090205485,2.6998400717281725e-23,0.00027137373490985584,2.796245024698552e-07,2.3913570214400688e-09,0.0005348730253797877,0.0003347890414684022,0.00024223809135944988,0.0010278029722105904,3.8397777519133956e-08,9.451954779019198e-07,3.9149516664259946e-05,1.979877509151837e-07,0.0017520531277855542,2.788690066778464e-06,4.977048130510111e-05,4.859757039591354e-05,4.922840536412159e-13,0.001741235097976505,2.522934365528886e-08,5.3831557086699906e-11,1.0466669417531541e-19,0.0003274535088160503,9.499658687600664e-12,4.448558792984616e-07,0.0,0.0,0.0,0.0,0.266073386630948,-7.284399193238576,3436109038.4075303,485.971994730812
0.0221627080724335,0.1588502654526019,0.0003913081998611156,0.0008900600670246956,0.654047444743459,0.141286042009544,0.0235688703433049,0.00012402199661812024,0.0,0.0,9.64525311562326e-08,2.8521896380801372e-08,8.46693786568244e-05,5.942089702777222e-06,0.00023703990533118833,1.2584728401917981e-23,0.0002627478113849877,2.5237034835359525e-07,2.1865415808758658e-09,0.0005505383668817231,0.0003443881306379579,0.00022070642876418045,0.0011415112151467262,3.938484590996803e-08,1.9224524917480276e-07,2.5291140824712482e-05,1.311096836642304e-07,0.0012909721004210816,2.9702360100291336e-06,5.020659953246433e-05,3.6606649136265053e-05,2.631262381152909e-13,0.00033425641146647987,1.762195062675197e-08,2.9639669519105346e-11,4.592070784791672e-21,5.790865341281326e-05,7.703865852919525e-12,7.719566854042477e-08,0.0,0.0,0.0,0.0,0.27278985756526675,-7.058879982229521,3299802182.700993,468.446298160607
0.019867409249391,0.160648381412237,0.0003366893097256191,0.00022001966197953597,0.652611044590874,0.1430236461795059,0.0237669229269026,0.00010723481566708784,0.0,0.0,4.70997277071935e-08,4.324001389604862e-08,8.25956410892585e-05,5.667517699854635e-06,0.00010433513389491147,7.226637361533146e-24,0.0002546128242298161,2.2560477829107443e-07,1.9910750927017245e-09,0.0005688938362366389,0.00035903931949405834,0.0001535843033931642,0.0013233273196845436,4.123456635379159e-08,5.096781218177692e-08,8.862155405016329e-06,8.246681618884377e-08,0.0005060108981628553,3.1276078708922347e-06,4.963942342563587e-05,2.046874617821821e-05,1.2911022508030558e-13,8.412238423323566e-05,1.2267972653535823e-08,1.5973052956437146e-11,2.5723146795058957e-22,1.4312470146347099e-05,8.004533875527462e-12,1.833107440176765e-08,0.0,0.0,0.0,0.0,0.27540825397834684,-6.80334537296718,3171371904.970751,450.4486760035529
0.0186805738382584,0.1616237413743169,0.0003732214068583486,0.0021841891794631453,0.652086556901127,0.143588377253017,0.0239369137765116,8.677123731085173e-05,0.0,0.0,2.5221436358190237e-08,2.344845338582828e-08,8.383685676914821e-05,6.121564421667763e-06,0.0003852190884835255,1.6888436955024504e-24,0.00023561123149338148,1.989244479843921e-07,1.7229912489579442e-09,0.0005027596848555059,0.00031420484922960716,0.00020788492403646307,0.0012011733322594017,3.7431742234755953e-08,5.008764890152308e-07,2.3752368822661416e-05,6.869263406512345e-08,0.001522493527213841,3.3493947034410225e-06,4.620237240835827e-05,3.514195276003432e-05,9.434983273974827e-14,0.0008688758442170432,7.54495565040827e-09,7.93951121715058e-12,7.065700366144409e-22,0.00014061237404991973,7.556005345268046e-12,1.761543856805318e-07,0.0,0.0,0.0,0.0,0.273202425991843,-6.785077065187435,3012525675.6814003,435.741293119962
0.0169839124592218,0.163119486758535,0.00035081437060989197,0.0010849150380396763,0.6508561897049971,0.144836576647493,0.0241207823093926,7.552783861265622e-05,0.0,0.0,1.573109325447127e-08,2.5466642501799756e-08,8.30521203608623e-05,6.04594396758849e-06,0.0003447694373943361,9.732170836751919e-25,0.00022999516320594486,1.8521239938217578e-07,1.6172287049074465e-09,0.0005018552035675523,0.0003145671710058849,0.00020712214019205077,0.001250366614654774,3.7821862999963107e-08,2.7018659072285017e-07,1.847256465803494e-05,5.2361121530245064e-08,0.001284145981473185,3.4875334381464584e-06,4.5357142265577865e-05,3.1491960671350325e-05,6.181832602188219e-14,0.00045528433201277456,5.622391421553952e-09,5.0458874081214755e-12,1.3241997513598694e-22,6.968466320644733e-05,7.541557283536729e-12,8.700413271138104e-08,0.0,0.0,0.0,0.0,0.2761265935281234,-6.796252846623662,2941624000.8038545,425.391707729337
0.0156194366557505,0.164284251523535,0.00033176287286659117,0.0006684383778488467,0.650323397425254,0.145363612918822,0.0243247287855606,6.408454270759904e-05,0.0,0.0,9.399896246353524e-09,2.981013914638208e-08,8.457269107833109e-05,6.018315372039465e-06,0.00030360846572626487,5.616345285028227e-25,0.00022626710685355473,1.7505350635349534e-07,1.554092138361912e-09,0.0004952425127638952,0.0003117882499622229,0.00020379689313994502,0.001304498997977727,3.8798123004922926e-08,1.8257980055838604e-07,1.3664754494307195e-05,3.855729178504942e-08,0.0010354655115308396,3.724976962854238e-06,4.441436273625038e-05,2.860702444914973e-05,3.913990155741823e-14,0.00029435947310508306,3.9236836973051715e-09,2.964800751218309e-12,2.7498970463901965e-23,4.235011401452658e-05,7.540344440910158e-12,5.214859021232529e-08,0.0,0.0,0.0,0.0,0.2783273264566897,-6.820975516663251,2936678385.2305026,414.06354833993
0.0138008645617214,0.16549723255402,0.00029645775598132493,0.0001843534556892379,0.6488355559958721,0.147257277240368,0.0245258159268112,5.246252004780606e-05,0.0,0.0,4.823062298528341e-09,4.378344429175358e-08,8.3253721207568e-05,5.706875885278274e-06,0.00015851106767839039,3.314224426000422e-25,0.00021960014550451038,1.5848023936992911e-07,1.4272413075953863e-09,0.0004937735095866261,0.0003131397761527165,0.00015477459983415258,0.0013846420796786133,3.881677233961295e-08,5.4632690391841767e-08,5.6806165946888675e-06,2.5551778293171167e-08,0.00046359395565037117,3.891719619068954e-06,4.254363477812036e-05,2.3069653714248615e-05,2.0415890973913258e-14,8.413539481476432e-05,2.57899521259439e-09,1.5893394342660912e-12,1.8693224272641054e-24,1.1440670196326137e-05,6.485047639656888e-12,1.3928988209163738e-08,0.0,0.0,0.0,0.0,0.28012415354693887,-6.844563324690647,2830894231.8806987,400.573128536196
0.0125636264635801,0.166500832556828,0.00030624012821021783,0.0005409862410558786,0.6475075252274871,0.1485617515689419,0.0247810435982604,4.251823448078786e-05,0.0,0.0,2.362122838901823e-09,3.2603884885568355e-08,8.52205849027045e-05,6.069883914610765e-06,0.000340821667733035,9.169182257687499e-26,0.00020779094967595998,1.4119168233897512e-07,1.2775976227692441e-09,0.000450738658091578,0.00028828127288117196,0.00020472602580315024,0.001329637042929868,3.734073392502766e-08,1.670128755382948e-07,9.403909314499621e-06,1.857120765402071e-08,0.0008794343898438283,4.19633537258809e-06,3.911868566402036e-05,2.5894426006702126e-05,1.2316567787719519e-14,0.00025954153364632945,1.5413406473648664e-09,7.821076001199781e-13,1.2103590404814611e-24,3.247461742682362e-05,7.282191784403467e-12,3.9270017218790995e-08,0.0,0.0,0.0,0.0,0.28043224866260835,-6.879337259813405,2772729989.3665047,386.673362878794
0.0114255218969168,0.167157395013988,0.00031242979285680335,0.002454569065103449,0.6466563908276189,0.149712519955199,0.0249596273042495,3.877572969304071e-05,0.0,0.0,1.276828630026931e-09,3.0950661085323003e-08,8.85450020271299e-05,6.345190503549926e-06,0.00045835465380177255,3.6619033488108495e-26,0.00020059241416546796,1.3036737480647365e-07,1.1940540608852221e-09,0.00041830383461553984,0.00027002196777494526,0.0002123008781742109,0.001301862814327682,3.679149147372566e-08,6.720785679861657e-07,1.0362468026572369e-05,1.3830203971421038e-08,0.0010546718077081734,4.545055888724208e-06,3.6573325203788605e-05,2.697845936617582e-05,7.83672464734381e-15,0.0010439526759479887,1.0721245109953241e-09,4.69330081543312e-13,1.4785462476287871e-24,0.00014246200180179384,8.103077106950384e-12,1.7223597888083055e-07,0.0,0.0,0.0,0.0,0.27807195737734136,-6.914902875545503,2760762526.5824842,375.2435718311969
0.0093796249443937,0.168332790230995,0.0002991186957089436,0.0030058539658047085,0.6446756288570029,0.152386762287556,0.0251379229995301,3.3432700484504095e-05,0.0,0.0,6.07924024166191e-10,3.154099080186068e-08,8.72706805216829e-05,6.301156692978117e-06,0.0004773503642758979,1.3172173266545736e-26,0.0001902790758689974,1.1414611483211762e-07,1.0514922737268077e-09,0.00039475800036458086,0.00025825039559796656,0.00021190840642264772,0.0012841368711871493,3.503982657318564e-08,7.707224844065013e-07,8.663307849323644e-06,9.40619861777394e-09,0.0009743716761859883,4.712960881494576e-06,3.320263373829304e-05,2.5357274432049207e-05,4.1353295401863575e-15,0.0011916953197766355,7.03941559477248e-10,2.5307409873765856e-13,3.7986921383216523e-25,0.00016758037606115272,8.541807068422826e-12,2.0463110824320907e-07,0.0,0.0,0.0,0.0,0.27759370314571463,-6.94212777972891,2629477676.7272577,362.793306424814
0.0071842796741476,0.169250961069338,0.00028151759379532347,0.0003047098141827176,0.6436916283623749,0.154355704377943,0.0254242598267929,2.2386581025263864e-05,0.0,0.0,2.035521119416158e-10,4.7405043878434924e-08,9.3166689402905e-05,6.317477499184318e-06,0.0003908229711513493,4.0259305105826505e-27,0.000186378085750877,1.0237528313840812e-07,9.853705925862565e-10,0.0003680723891670297,0.0002469755383476513,0.00020812612895291914,0.0013066149675681517,3.626403776354513e-08,1.230685094446879e-07,4.869924828613719e-06,5.0132420136188374e-09,0.000625715096039786,5.411150333148959e-06,2.9707525728397812e-05,2.3049513627720185e-05,1.5570422554797615e-15,0.0001765852537963429,2.9646948249820717e-10,7.358190697342382e-14,3.600762040541253e-27,1.5589062793577883e-05,3.0486557885857538e-12,1.9358130874226813e-08,0.0,0.0,0.0,0.0,0.28248473183535605,-7.013762613478289,2723153930.332589,344.73437150419
0.0050307448308301,0.1706716854859969,0.00028238847652630654,0.0006761827349480128,0.6426551352031021,0.155943953289138,0.0256021730082265,2.0372157720489322e-05,0.0,0.0,9.029650998628217e-11,4.741921371620214e-08,9.63081827061696e-05,6.531599282517133e-06,0.0005042973977417629,1.1671308868849907e-27,0.00017933295188363825,9.127429580839924e-08,8.950636204182609e-10,0.0003369704453544964,0.00023083625028009368,0.00022295038645887412,0.0012594037302877106,3.5196424189098705e-08,2.677702680267733e-07,4.978492991768922e-06,3.308791167596174e-09,0.0007068150484755602,5.808830586825833e-06,2.622124135298184e-05,2.260647142598521e-05,7.923058594687297e-16,0.00038223882040120717,1.9030008636089995e-10,3.499570171782538e-14,1.3841066310699285e-27,3.214338977237804e-05,3.896608038039352e-12,4.0124770721060477e-08,0.0,0.0,0.0,0.0,0.2826990698851721,-7.066389751386936,2727123678.9996243,332.454453067978
0.0038552282738394,0.171461700310765,0.00026671967056022774,0.00018201722262340626,0.641828424191301,0.157004548811871,0.0257524904005282,1.6531289184696515e-05,0.0,0.0,4.321781052791823e-11,6.171865178746212e-08,9.76080116951949e-05,6.263508969418192e-06,0.0003938042410172258,4.945253179305665e-28,0.00017474419818548192,8.214273929392192e-08,8.241669138716705e-10,0.00032065038970492183,0.00022441215916717071,0.00019699106944865143,0.001256829252288564,3.474728922851745e-08,8.641945877497483e-08,3.120450482653177e-06,2.1715971440601953e-09,0.0004794850101708189,6.105745667465e-06,2.351744857921642e-05,2.035312693177473e-05,3.935125240117648e-16,0.000118853795484732,1.1501901719620602e-10,1.5909654053676763e-14,7.679002532792155e-29,8.053724525316476e-06,8.101095711692476e-13,1.0262900639847001e-08,0.0,0.0,0.0,0.0,0.2843496098687763,-7.111518363577016,2702779089.583803,322.074817272475
0.0031764478184856,0.172367623314988,0.0002474991367758508,6.070912468660681e-05,0.6411935477300379,0.1573541356724299,0.0258136055176193,1.3952780291263802e-05,0.0,0.0,2.2448547366259593e-11,7.915439577410244e-08,9.46399464386259e-05,5.748735239372348e-06,0.0002484192423245578,2.32782336525519e-28,0.00016793483782909525,7.208372820471707e-08,7.286392028010169e-10,0.00030837192468771116,0.0002200890219659712,0.00013817943170059147,0.0012520521488730263,3.2980326674544746e-08,3.040988741156469e-08,1.6471428204306377e-06,1.5022097897110561e-09,0.0002596995731697562,6.083082714036987e-06,2.0849229749699093e-05,1.771632458500422e-05,2.0328736721884655e-16,4.12729703933491e-05,7.70196197349232e-11,8.290753800323824e-15,6.444308958422369e-30,2.506068845277908e-06,1.8462519579463406e-13,3.2460545014617e-09,0.0,0.0,0.0,0.0,0.28550298204940344,-7.1443668352999214,2572031426.6987815,313.563995147132
0.0026133855147795,0.172919152546779,0.00025357044744559983,0.00012127696528026015,0.6409124441030459,0.157504032810424,0.0259520189961525,1.3801855850487736e-05,0.0,0.0,1.3522634059955674e-11,7.34897993754926e-08,9.89660288185374e-05,6.07657843472957e-06,0.00038225358224717565,6.886073512899945e-29,0.000165255000527524,6.79811937055655e-08,7.016267406674024e-10,0.0002877360565118857,0.00020884548666265967,0.000179243911889387,0.001204522445634304,3.300830284180617e-08,6.404925180053922e-08,2.207361853682241e-06,1.1630738573873406e-09,0.000384227250867548,6.472397593816991e-06,1.913144785141977e-05,1.7805997244988044e-05,1.3545659339173866e-16,8.614761796268887e-05,5.980019316826633e-11,5.239221911494733e-15,4.303101748108897e-30,4.745625641221084e-06,2.6333663864410907e-13,6.258908402631403e-09,0.0,0.0,0.0,0.0,0.2861641253283492,-7.183206286179157,2634842813.4181876,306.916968475398
0.0018541508760512,0.173311089247471,0.0002568719328080811,0.0003612785888919065,0.640617721303989,0.158147016206211,0.0259741061734426,1.4720365533264342e-05,0.0,0.0,1.2334703162998176e-11,5.7820226388675755e-08,9.59161928351738e-05,6.290391759409102e-06,0.0005346916322837904,6.42849385250443e-29,0.00016042866660683237,6.46409376029887e-08,6.581673567968459e-10,0.0002800124663967787,0.00020356152810606663,0.00021868113908112582,0.001162610891070901,3.138213137681532e-08,1.6878333379366646e-07,3.0233129269625314e-06,1.1484014868679665e-09,0.0005346893443337015,6.279265524699589e-06,1.8383197782534928e-05,1.7916260849097333e-05,1.2854852137306108e-16,0.00023560689987242597,6.24799218638664e-11,5.330907397528453e-15,1.0788007620925562e-29,1.4082913388843596e-05,7.385491214107368e-13,1.8591324278542376e-08,0.0,0.0,0.0,0.0,0.2856046348188093,-7.176900995132179,2538445490.696299,306.080096110776
0.0022957087819961,0.173422826802034,0.0002574958101954854,0.0005702919546165107,0.641409671165482,0.156870759438585,0.0259054655050455,1.526095865192001e-05,0.0,0.0,1.189123634711326e-11,5.594792101889269e-08,9.556830685717928e-05,6.3029245078996e-06,0.0005604715708123028,5.787410494427532e-29,0.0001595189177191995,6.389572801430998e-08,6.497491802536458e-10,0.0002779864099535312,0.00020229751746031924,0.0002219686336668394,0.0011550856032559555,3.123773767574708e-08,2.478147750040833e-07,3.146472285058324e-06,1.1340938489893958e-09,0.0005590890983852878,6.2647846674844276e-06,1.819801763438011e-05,1.792666751878359e-05,1.2508891147625026e-16,0.00034785980307551104,6.389492084727686e-11,5.381130770510221e-15,1.5950323626103654e-29,2.2182401312190167e-05,1.1247806179591256e-12,2.9346448517556997e-08,0.0,0.0,0.0,0.0,0.28570131024618256,-7.178548580764091,2522651062.9625487,305.665109161872
0.0028099870282712,0.173080087428756,0.0002555225780619609,0.0003199913262790444,0.642116829489796,0.155997729332832,0.0259021627102212,1.4826312003590719e-05,0.0,0.0,1.7074030718524864e-11,5.4181094645970464e-08,9.32040101241931e-05,6.1563341456032225e-06,0.0005031605610564464,1.0247242339956615e-28,0.000161338291476929,6.671328703857526e-08,6.69263655020281e-10,0.00029045104427544475,0.00020885913632456696,0.00021443393701457136,0.0011803230137490235,3.141955053915046e-08,1.455415106793554e-07,3.1115686661148632e-06,1.369154743263458e-09,0.00053569577183298,6.035914437752168e-06,1.9368731317184397e-05,1.8124851752029186e-05,1.6937932587289594e-16,0.00020544170585741044,7.325903458903799e-11,7.139593903724782e-15,1.961415448705715e-29,1.294746011649043e-05,8.083809597046035e-13,1.6929679543185094e-08,0.0,0.0,0.0,0.0,0.28640416157326015,-7.151311840302989,2494848308.4864993,310.307727326882
0.0034536310187865,0.172646018931095,0.00013588728464524618,3.6505342063413986e-06,0.641646136286083,0.1562409180236309,0.0259193627957711,5.242057812964867e-06,0.0,0.0,1.5584356852517808e-11,1.3029054789053204e-07,9.39329446335988e-05,4.63142063577547e-06,7.175057329167773e-05,3.371272430665221e-27,0.00017917056959456046,8.64146660993218e-08,9.81483015890686e-10,0.00037466142072455457,0.0002787142158188962,5.184177832746006e-05,0.0010781914751880688,2.7767156243026438e-08,2.4319836181137483e-09,5.000052497423109e-07,5.126470558626826e-10,4.0008544843924426e-05,6.188745111109167e-06,2.2248930497133396e-05,5.694166988347439e-06,8.862420660927475e-17,2.1971070929380763e-06,2.645303420890428e-11,2.6624190944293993e-15,2.2459405824099034e-31,1.414988108436243e-07,9.58904880962252e-15,1.843039946463774e-10,0.0,0.0,0.0,0.0,0.287196109956566,-7.070952072270302,2474109859.5493,311.386805395678
0.0036363800209894,0.171956435295275,0.0002514091946772758,0.00011343759053298257,0.641367174665196,0.157161601561473,0.0257859453271315,1.4892095655880571e-05,0.0,0.0,3.1194542037132735e-11,6.363270094612014e-08,9.24631299352197e-05,5.871438687690439e-06,0.000322350561720277,3.1494290897914455e-28,0.00016822014680605238,7.441113801648926e-08,7.408635276545215e-10,0.00031504777246544387,0.00022254407421213178,0.0001707174418772301,0.0012452744334412013,3.256860010143813e-08,5.3616828625361395e-08,2.3554477384491025e-06,1.8126906142783143e-09,0.00037492238021187584,5.851500799180052e-06,2.176593332767156e-05,1.831918432961892e-05,2.764473168346668e-16,7.418017500117193e-05,9.487841498032336e-11,1.166101592944439e-14,2.4552496941858155e-29,4.85684238310178e-06,4.237035652917159e-13,6.183102201298275e-09,0.0,0.0,0.0,0.0,0.28499859198371535,-7.119090852253603,2537642322.8085217,318.018518859454
0.0041743861716195,0.171708800667848,0.00024754283814552207,7.511481424864513e-05,0.641679251039826,0.1565869675317099,0.0257606504849668,1.5286880448391856e-05,0.0,0.0,4.304677202321823e-11,6.672916515784798e-08,8.994410402925309e-05,5.676945154775204e-06,0.0002450037128333383,5.65510898220864e-30,0.00016997504925576743,7.716164386178648e-08,7.589746999899136e-10,0.0003288627459677187,0.00022999056785800277,0.0001456975320056176,0.0012728557055815034,3.2610992694801384e-08,3.4319315551351946e-08,1.9582105125766653e-06,2.1333221172180884e-09,0.000292255865274152,5.620299546303577e-06,2.293092648351841e-05,1.822544700041e-05,3.569904656787811e-16,4.7761439055035966e-05,1.1354061503047472e-10,1.5887545270029883e-14,3.2834826997514453e-29,3.326307705176886e-06,3.4821413804872004e-13,4.213166513252761e-09,0.0,0.0,0.0,0.0,0.28518007422333813,-7.093354257852298,2500864234.8770833,322.519606561293
0.0051889768692259,0.17056597055881,0.00025648082705111955,8.217383835396042e-05,0.642610248411952,0.155911937419646,0.025633094583728,1.827781413794228e-05,0.0,0.0,1.0634013292015453e-10,6.359620732442883e-08,8.977215663750491e-05,5.7510718654996315e-06,0.00022213963762324253,2.0680400877953916e-27,0.0001790258043706923,8.993711736126264e-08,8.706896363392577e-10,0.00035814220035835056,0.00024430227953751846,0.00014613569458867703,0.0013183864641824257,3.4237771712561525e-08,3.513056834934226e-08,2.274052619405381e-06,3.424257215960131e-09,0.00030269389395985486,5.372965155174003e-06,2.666386910751792e-05,1.977358207401352e-05,7.985037816467869e-16,4.93690309459765e-05,1.9456040571304312e-10,3.823446790920034e-14,2.440110972165223e-28,3.954095884476425e-06,6.549398522202903e-13,4.8872181468514605e-09,0.0,0.0,0.0,0.0,0.28414988922416634,-7.044241966655175,2583627922.104045,335.16081446457804
0.0066004414459328,0.169404508254611,0.00026516861091967117,0.00012275042416917223,0.643961733350443,0.154610261517432,0.025334829571499,2.2308843294846365e-05,0.0,0.0,2.468952167612287e-10,5.4563553531791714e-08,8.822586008202909e-05,5.832496304703003e-06,0.0002371137556926914,6.137437592256371e-27,0.0001865530334276719,1.021763203262739e-07,9.710163663380931e-10,0.00038567862609408145,0.00025767779645247666,0.00016146174252144413,0.0013411901158914422,3.5207829817330726e-08,4.856452344814099e-08,3.1275177755283973e-06,5.350262871717708e-09,0.00038389171039193926,5.0486371908073205e-06,3.0119513997291802e-05,2.10522068083751e-05,1.6766846476987908e-15,6.943322681580913e-05,3.3427107171536356e-10,8.870242500307633e-14,2.2007064292442358e-27,6.343054432540959e-06,1.5425208478969277e-12,7.692129184980357e-09,0.0,0.0,0.0,0.0,0.2826025489311737,-6.996912846002941,2624829475.9164376,347.917635230077
0.0091233845898564,0.1680423271869479,0.0002789635284272503,0.00022105123835298982,0.645634614792878,0.1520799623469829,0.0250347372858309,3.104477281045621e-05,0.0,0.0,8.26447203963865e-10,4.2387503832625955e-08,8.497379750444009e-05,5.866303743209003e-06,0.0002588788081791859,2.7140939162269545e-26,0.00019670618172644254,1.2029328907702695e-07,1.1096202415371265e-09,0.00042533196744437796,0.00027698606519398374,0.0001799311705588244,0.0013531225002136836,3.604265563226315e-08,7.656495161719469e-08,5.059445218904979e-06,1.027474980393025e-08,0.0005425981269014604,4.509732387370633e-06,3.4903999585646895e-05,2.2672604529641446e-05,4.767755137974263e-15,0.00011386574115757835,7.618426451907728e-10,2.9299568651785025e-13,5.27482733032956e-26,1.248998000827648e-05,4.315945882405579e-12,1.499899357803169e-08,0.0,0.0,0.0,0.0,0.2814510010096266,-6.927886653567263,2657970844.694404,367.901411557478
0.0125965875518648,0.16601257010426,0.00031207873136355536,0.002065021628587046,0.6478100665737131,0.148803145243083,0.0246964193093594,4.573667018682797e-05,0.0,0.0,2.4664898565525155e-09,2.5173129182399077e-08,8.12112177191998e-05,6.044143012490655e-06,0.0004383781361481856,7.557552568054845e-26,0.00020094962757159277,1.344678544212673e-07,1.190996067337136e-09,0.00044045918461422997,0.00028122016726242434,0.00020426465911104591,0.0012726467608943054,3.452531735764028e-08,5.343366652403516e-07,1.2301593435339007e-05,1.9892043785877335e-08,0.0011428591353819146,3.958084010171811e-06,3.781726169455716e-05,2.6816546685619756e-05,1.3129536738802537e-14,0.000873407830085919,1.7244581700146216e-09,8.93322416961974e-13,5.207835723088098e-24,0.0001241483035875047,7.46812706174617e-12,1.4913732678575166e-07,0.0,0.0,0.0,0.0,0.2771608197566338,-6.865635240879274,2616397405.5351963,388.003792246123
0.0157253945437373,0.163518590693861,0.0003132452375818794,0.00042408752789218707,0.650302367404508,0.1460088444548719,0.0243649124818246,6.684270606237051e-05,0.0,0.0,1.0391779243360514e-08,3.1062690684759016e-08,7.989042119669781e-05,5.6721922342054225e-06,0.00022405792041136374,6.779432069952481e-25,0.00022349218639711952,1.70590648444791e-07,1.501255247911439e-09,0.0005065073075948176,0.00031886452797250467,0.00018445502415503356,0.0012977180786874095,3.6920559975155785e-08,1.1219085730551846e-07,1.0910266544142978e-05,3.943351061307033e-08,0.0008141090450480635,3.4810055062467145e-06,4.392108671949185e-05,2.5905212052745294e-05,3.939304427651632e-14,0.0001810958166036146,4.451949097693319e-09,3.4910946773246127e-12,2.206108682450601e-23,2.6983231317851327e-05,7.399621388379598e-12,3.318069574425926e-08,0.0,0.0,0.0,0.0,0.2780751892865766,-6.8020703625004995,2794676522.22706,416.802480028576
0.0194622965907874,0.1610825585758819,0.00036530466179485475,0.0017012057074263847,0.652850372511813,0.142727660929255,0.0238014452518027,9.615628851541488e-05,0.0,0.0,3.4967018645057005e-08,1.961327637706036e-08,7.56661404599744e-05,5.666708268383108e-06,0.00034958342574241023,2.2205199964583684e-24,0.00022997413067445311,1.909482358398847e-07,1.6025149883004402e-09,0.0005129346043869042,0.00032034572052801235,0.00020160671839792807,0.001136125288426327,3.364653282582431e-08,3.483586877009641e-07,2.5057710366229128e-05,8.27677625860219e-08,0.0015254321652414624,2.906560395147427e-06,4.469447429103231e-05,3.496984300009532e-05,1.1606562092941334e-13,0.0006390931856986384,1.0109234097640992e-08,1.2077507457774932e-11,1.1417636722918791e-21,0.00010971661032257971,7.1152213303434345e-12,1.3752915417525172e-07,0.0,0.0,0.0,0.0,0.27344276736688156,-6.74997016124831,2784851850.404286,444.535073679504
0.0245750742233279,0.157832690628211,0.00041823969830517507,0.0033083654716138645,0.6571499136976601,0.137185047526381,0.0231825106705384,0.0001420561338827641,0.0,0.0,1.677434954790152e-07,1.8995752138794796e-08,7.4763253881162e-05,5.659127451000318e-06,0.000324284055941283,1.7659474218665577e-23,0.0002524538249970593,2.3996375648805584e-07,1.9652738724374505e-09,0.0005379090232977891,0.0003368310023420542,0.00022684433360125643,0.0009752518728909282,3.281180009760132e-08,5.454192904432147e-07,3.783005626443488e-05,1.9116010803227153e-07,0.0017337430051943378,2.4069577957069463e-06,4.611874333442241e-05,4.695766709221866e-05,4.1627931755997167e-13,0.0010805643568448159,2.627876335996559e-08,5.5019625972369174e-11,5.724025257234859e-20,0.00021110510126446527,7.96256131585399e-12,2.83050663754902e-07,0.0,0.0,0.0,0.0,0.2692160221370144,-7.268929554956514,2985014689.17244,484.760506809895
0.0303344802480967,0.153675078949958,0.00016735815175146157,0.5668376740319908,0.660304566322402,0.132984269340729,0.0226273376254768,7.826068499178233e-05,0.0,0.0,2.5856810128169157e-07,8.992438219813869e-09,7.42675133374997e-05,1.269475442683862e-06,5.883320100043372e-05,1.4241575253589222e-23,0.00011515639583881284,1.2596545705256768e-07,1.0185539448640926e-09,0.00021571921580940492,0.00013756702416151188,0.00011197571220686473,0.0003176187242596165,5.983710813359231e-09,2.304851519925804e-06,1.611906061894024e-05,1.227749472955289e-07,0.0006097735113356534,8.068368614000805e-07,1.8775378219377613e-05,2.1393417292617903e-05,4.210434557951318e-13,0.004464324970029644,9.149082221516057e-08,3.378108648526858e-10,1.2970057588491094e-16,0.03482411388692479,1.0619724436542192e-09,2.2424929130697787e-06,0.0,0.0,0.0,0.0,0.00723938177222403,-7.3094260244067435,289955711.966498,525.8522075005291
0.0361519469923944,0.149077891177674,0.0005255699574127456,0.016971776493943692,0.662722275534115,0.129948143497236,0.022019760573268,0.0002461648789807254,0.0,0.0,1.6476050366522194e-06,3.7320342942080264e-08,7.998222531322769e-05,1.0962115791700873e-05,0.00033968228771625854,1.4495299631878692e-21,0.00029765677262668007,3.809703853038495e-07,3.331205513384571e-09,0.0006019372169223927,0.0003902244024261077,0.0004263527644207622,0.0006770073002398318,5.301092246542179e-08,2.6005740383509247e-06,4.1927575165915194e-05,7.041533398635591e-07,0.001024795119085684,2.4624865096946854e-06,5.9025634269508834e-05,7.308282664800366e-05,4.6128651548920095e-12,0.00557111149817779,1.1843018006880998e-07,6.676465756842374e-10,6.423165916421698e-17,0.0014750874933432683,2.0440418481489377e-10,4.075870770131563e-06,0.0,0.0,0.0,0.0,0.24437253110785184,-7.129106013878763,2914768093.745685,573.958862067877
0.0397202494707572,0.1463830387519369,0.00016910694500170517,0.5326543735044577,0.6644701920766011,0.127717104554937,0.0216266826431581,8.004248704741537e-05,0.0,0.0,2.5359160852514874e-06,3.574377401328229e-08,8.27325026098038e-05,2.7670736814583468e-06,4.9096365959762764e-05,1.0497845776429554e-21,0.00016922221016850338,2.608634326645383e-07,2.4678538013667066e-09,0.0002677967468259939,0.00017967512493477172,0.00027561950844321917,0.00023397291880215333,9.570862074302535e-09,2.187065934136951e-06,6.463818906491866e-06,2.002127653705097e-07,0.00014700238799773493,8.662580296010325e-07,2.0468492690934442e-05,1.1660911664673532e-05,2.030075615572488e-12,0.003759490692104796,1.046104861471156e-06,7.874630316686307e-09,9.041535495883591e-15,0.030924355017550642,9.385108816127773e-09,1.3800652518397182e-07,0.0,0.0,0.0,0.0,0.01598919151123233,-6.88276096923187,474734183.6438353,605.936218291061
0.0432798879857244,0.14387584650285,0.00018302490213482008,0.5487445565718823,0.666770571190765,0.124633860385547,0.0213548602541,7.629919042047345e-05,0.0,0.0,3.2788740899524504e-06,4.2873979578974774e-08,8.49736810123407e-05,4.4060778390684816e-06,6.55477908509883e-05,3.46846368582591e-21,0.00014965353156948458,2.5234770744059626e-07,2.604993560469309e-09,0.00023997639706329138,0.00016381826238729926,0.0002781440587941291,0.00018113486537142906,1.2618709270728383e-08,2.351442725192384e-06,5.350415199172092e-06,2.4490602710796565e-07,9.221539160609052e-05,1.2190891730906532e-06,2.237039914833667e-05,1.458746948729025e-05,4.702398169446372e-12,0.004517065886264356,2.3157065660329818e-06,2.230023823601772e-08,3.411152875643504e-14,0.05155609950930656,3.2821760478275616e-08,1.6141903842433985e-07,0.0,0.0,0.0,0.0,0.00730934621434511,-6.657204307333538,330037815.9758015,637.184362063282
0.0475718052563507,0.140628055045438,0.0002562380162351021,0.3767320222895723,0.6694230142145501,0.121408009644176,0.0208764145537322,7.162787518234258e-05,0.0,0.0,1.0052028329747246e-05,1.0778773578012948e-07,9.27012857532126e-05,1.1794072535378624e-05,0.0001189942171337977,3.859650926651683e-20,0.00023047212651694374,4.7258276382877884e-07,5.9721324018027314e-09,0.00032750597215035573,0.00022800785261996507,0.000467074439281071,0.00018903848758363898,2.9020646321351114e-08,1.945316684220499e-06,5.163715168793079e-06,4.320545597105783e-07,5.486005197620614e-05,1.7529952959231232e-06,3.0272193900643633e-05,1.8262136652378177e-05,1.1613271372676021e-11,0.003831261275350874,3.979153400232467e-06,4.8926419798296745e-08,1.0865545868625595e-13,0.05114053062165579,6.723178936701741e-08,9.739654608724755e-08,0.0,0.0,0.0,0.0,0.05446790136461328,-6.689580593905259,866973183.3994663,671.038102180503
0.0512435322908936,0.137754238292055,0.0003162316141454093,0.15329960433309878,0.672057423500544,0.118511865204134,0.0203345023963749,5.562527344270372e-05,0.0,0.0,2.8563841361762335e-05,2.446126406971487e-07,9.84383159983296e-05,2.6992342483166642e-05,0.000191597140763431,3.0270277871631197e-19,0.0003583522413665217,9.080753614445941e-07,1.494358637425438e-08,0.00044834902421624437,0.00031793801646127525,0.0006825873667545035,0.00018813254003138873,5.680560386450227e-08,1.0943311640538237e-06,6.127900861074896e-06,6.244708520333907e-07,3.931581675376647e-05,1.6401479692219155e-06,3.741420260580429e-05,1.978838517327714e-05,1.9992347889468332e-11,0.0023215921215243053,3.304324251110343e-06,4.8978021377779924e-08,1.512307145759238e-13,0.029506234584055293,6.743884328972734e-08,4.24464622309041e-08,0.0,0.0,0.0,0.0,0.1473309319027132,-6.758912390623803,2587450942.396611,699.3633912249768
0.055351520449121,0.134703635919399,0.0002839879076993289,0.039242695850096126,0.6751592526742279,0.1148407442705969,0.0198374124437415,2.767657371389918e-05,0.0,0.0,7.053932161870211e-05,5.214644970372356e-07,0.0001074342429131,4.14606930904576e-05,0.00019104299779453357,1.638335821428849e-18,0.0004789933462969019,1.6359232454208e-06,3.9378408325739035e-08,0.0004892807328295092,0.00035895435081146254,0.0007040405564442765,0.00014204999666949929,7.397513013912461e-08,2.7833186107373317e-07,6.102179767948094e-06,5.610162898501304e-07,2.3413274810892424e-05,1.0135650795376658e-06,3.589311821308465e-05,1.4103868948366942e-05,2.2006445114597663e-11,0.0007254864576454845,1.46135328068691e-06,2.6034305593913904e-08,1.2322636026029633e-13,0.006233310085964704,2.45419135103635e-08,7.938294060960899e-09,0.0,0.0,0.0,0.0,0.2226690209346765,-6.812664696326629,5277310618.418976,729.6371263521098
0.0597505041629853,0.131686330285495,0.00024070994214139385,0.010790013827102395,0.677623358637246,0.111493546494419,0.0193250601595733,1.14636283149086e-05,0.0,0.0,0.0001557125666700012,1.1968794647838601e-06,0.0001212002602812,5.149196041898683e-05,0.00014436504938596995,8.707644240845712e-18,0.0005952229502934525,3.0487706986745645e-06,1.157633426092177e-07,0.00047132696006735395,0.00036756747141034567,0.0005553488981294483,9.335277846255024e-05,8.560162881395733e-08,3.7750181948510054e-08,5.891316233630369e-06,4.207340100617853e-07,1.3102750613342779e-05,5.615433413858722e-07,3.116676159856506e-05,8.759138067342639e-06,2.3268780612895417e-11,0.00014412794191066277,6.253507871907857e-07,1.3800797810593522e-08,1.1498157292542055e-13,0.00056600904061883,4.1924907622323234e-09,1.09240979327706e-09,0.0,0.0,0.0,0.0,0.24360318137681589,-6.868115657581157,7770632994.7601,768.262423299736
0.0643914722764717,0.128536288130716,0.00024238218625280503,0.0058031816380618,0.680770864759672,0.107353269083494,0.0188118863052111,6.117541481818562e-06,0.0,0.0,0.0002694852770193866,2.4118871920094303e-06,0.0001362194444342,5.7401044227835154e-05,0.00010788278726907946,3.4123643814508525e-17,0.0007044835538598029,5.218299106992923e-06,2.816121617254733e-07,0.0004473122711166167,0.00037272481009738935,0.00043411103422540256,6.908188713138746e-05,1.0318288988055082e-07,6.81959764936797e-09,6.2108342113718945e-06,3.6729849616056045e-07,8.657801003899299e-06,3.7009714421712925e-07,2.812919894132156e-05,6.6605905430062675e-06,2.8887174679557208e-11,3.585422691592881e-05,4.5209935586981027e-07,1.1957904218174043e-08,1.6865126681142784e-13,8.095645101751621e-05,1.0224745706389327e-09,2.809162528491432e-10,0.0,0.0,0.0,0.0,0.24518393787792675,-6.918907945376192,9627807490.599232,804.1921731579449
0.0689056936253628,0.124933756032478,0.00027252980679498453,0.004700273553008506,0.683390911013776,0.104246413523368,0.0183721477494074,4.0633594156580495e-06,0.0,0.0,0.00039459607475666184,4.13386257375813e-06,0.0001510780556075,6.101277363184166e-05,8.371348464397098e-05,9.624353019242212e-17,0.0008033114711770282,7.969696206037027e-06,5.512595145483474e-07,0.0004224536738096524,0.00037259478978478295,0.00035966934067562217,5.62600315725464e-05,1.2336976044715873e-07,1.9314529076241312e-09,6.8480088264557655e-06,3.6459858857804274e-07,6.498460807942371e-06,2.798704990109211e-07,2.6024098851009254e-05,5.950742860623772e-06,3.8437759156123385e-11,1.2368208268276264e-05,4.449583956960226e-07,1.3488056703528314e-08,2.8878944483895683e-13,2.079067424934897e-05,3.9228008801630193e-10,1.1634164986913047e-10,0.0,0.0,0.0,0.0,0.2430794526617538,-7.080272018564123,11151280698.705048,833.5018458779599
0.0736404853768375,0.120825023877908,0.00034686578009565617,0.004521630297634335,0.687006978646844,0.100262549117175,0.0180863780092406,2.641969507158503e-06,0.0,0.0,0.0006109095019862378,7.67484585793501e-06,0.0001785849719944,6.324073872754382e-05,5.8112353706466265e-05,3.1507438664180065e-16,0.0009476307279094904,1.3214313562727862e-05,1.2095541893448487e-06,0.0003861805536215499,0.00036463448841273,0.0002960331727803303,4.538253205576515e-05,1.5978605993215894e-07,5.186631027865106e-10,8.002248558026036e-06,4.084703539856392e-07,4.645637950642172e-06,2.1468484706370907e-07,2.397034275213193e-05,5.832750666913903e-06,5.989585882596057e-11,3.7680516075127525e-06,5.143156098101352e-07,1.8068740628090317e-08,6.468341010913445e-13,5.011395483368303e-06,1.4592808199992573e-10,4.7328447276899603e-11,0.0,0.0,0.0,0.0,0.2410358906074957,-7.2910101825580105,13741898388.767958,867.674564420511
0.0787600671081282,0.116352601104095,0.000508073470991256,0.005106225255847693,0.6908905313817478,0.0960372995651571,0.0177444850728342,1.7971611946764185e-06,0.0,0.0,0.0009763275743483703,1.5050835519112447e-05,0.0002150157680374,6.249141103972233e-05,3.6857369032275546e-05,1.1411758028799339e-15,0.001166017308056113,2.3755024887184644e-05,2.8782390885647204e-06,0.00034892205332620634,0.00035884050604964964,0.00024879380262251075,3.670853259071555e-05,2.255712794962415e-07,1.459157662929258e-10,1.003649585261693e-05,4.942183924346062e-07,3.1670291738481707e-06,1.6071103941665275e-07,2.1098740052527808e-05,5.890812608829169e-06,1.0873858156440452e-10,9.869547797492343e-07,6.94612334551233e-07,2.895998152433598e-08,1.855896605733685e-12,1.098265236358934e-06,5.290295377448208e-11,1.8921271680864367e-11,0.0,0.0,0.0,0.0,0.23809401247683926,-7.489629495070694,17383822516.80082,910.977729382141
0.0832924130685102,0.112152215580894,0.0007414489548925635,0.006073160418465697,0.6938171129251189,0.0933207912259776,0.0171652863779766,1.455083520441274e-06,0.0,0.0,0.001405560458219529,2.600499593526467e-05,0.0002521808215231,5.985032732987599e-05,2.5132262227300027e-05,3.2269366396543525e-15,0.0014336480995518599,3.948216754870671e-05,5.747904885381639e-06,0.00032664476956001875,0.0003619282646064222,0.00023289731325618052,3.253446008833268e-05,3.240567104386155e-07,6.975135380583336e-11,1.2847880765708145e-05,5.763464297484382e-07,2.357986538875458e-06,1.3103686565630767e-07,1.8494588014277104e-05,5.8378631684755834e-06,1.865912689416905e-10,3.2491218772997305e-07,9.384399022782896e-07,4.561737088590612e-08,4.71396157382474e-12,3.296692852909549e-07,2.493050519648302e-11,9.66843105885917e-12,0.0,0.0,0.0,0.0,0.23330484269094637,-7.59154026182063,21207856309.07783,953.604165716705
0.0878711022507119,0.108196817333519,0.0010048120475531863,0.006962843847857768,0.697874019943145,0.0893250448606058,0.0164343576589986,1.2625712923905009e-06,0.0,0.0,0.0018691929571295362,3.915638929245734e-05,0.0002986579530196,5.6318259327965106e-05,1.816548483834095e-05,7.229000040809256e-15,0.0017316024073338618,5.9660631652863384e-05,9.846458565422383e-06,0.00031188059892404757,0.00036561253393939316,0.00023541614190195667,3.09468576010036e-05,4.6231820708096225e-07,4.771417063166178e-11,1.5949167712243083e-05,6.455722112812044e-07,1.8783930391361533e-06,1.192282277922342e-07,1.6896990453545984e-05,5.8105331361681755e-06,2.8960198018567107e-10,1.3950608681514655e-07,1.1718977096392198e-06,6.439395906529018e-08,9.945527346192573e-12,1.3332223768198685e-07,1.4449447961897035e-11,5.964854605919656e-12,0.0,0.0,0.0,0.0,0.22882582325285022,-7.670890633483312,25658259851.124023,990.572612384594
0.0936912082675432,0.103847202159234,0.0013460212333872097,0.007760580814961336,0.7016664597781479,0.084702059514216,0.015735655574403,1.1089559708771895e-06,0.0,0.0,0.002448267471518993,5.761760082637937e-05,0.0003574147064555,5.250661187321809e-05,1.2959684382308999e-05,1.5753243501374106e-14,0.0020791288452374095,8.843547943440135e-05,1.6396099200620822e-05,0.00029151985960631935,0.0003604746534421851,0.0002419925940110068,2.934036671666589e-05,6.629468527633564e-07,3.6417976994921755e-11,1.9741567999342336e-05,7.089143401838744e-07,1.5039672092438943e-06,1.1047331424526709e-07,1.524819440301745e-05,5.702228540486259e-06,4.4256872879552895e-10,6.096442259040989e-08,1.4079666857130438e-06,8.731286846310955e-08,2.0007697095703552e-11,5.523916361350506e-08,8.53781127966111e-12,3.748381382968208e-12,0.0,0.0,0.0,0.0,0.22458510998235534,-7.751791615333623,31161777212.345615,1029.9366750529302
0.099161500653556,0.100013997132243,0.0017971182645277837,0.00837278581922319,0.705608814566991,0.0796720016797605,0.0151152517456165,9.802886014273466e-07,0.0,0.0,0.003171034681590561,8.406372719793338e-05,0.0004284342218329,4.7623652587919854e-05,9.050420785635065e-06,3.426027550333677e-14,0.0025164273940781355,0.00013179977373650568,2.7082512359010507e-05,0.00026883934903982996,0.00035213127785204415,0.0002551681818174709,2.7915634073129613e-05,9.737049780637108e-07,2.9129696391799e-11,2.468208774911792e-05,7.405310893890625e-07,1.1935812603811787e-06,1.0157476728510732e-07,1.328300669656214e-05,5.304945554331331e-06,6.619578373471956e-10,2.4393773385725315e-08,1.6096425179682213e-06,1.1395065922122508e-07,3.89098441533338e-11,2.1335074390889114e-08,4.86218809100071e-12,2.2721269072947432e-12,0.0,0.0,0.0,0.0,0.22140497065557826,-7.831842728273187,38103653367.6041,1076.72593079032
0.10511020578368,0.0953228620973628,0.002270668368640848,0.008550707211252803,0.7116803903984891,0.0729764308025868,0.014401400282635,8.57610305465911e-07,0.0,0.0,0.003929849362144352,0.0001144995054027335,0.0005087106352472,4.207509973369475e-05,6.327628838690591e-06,6.774445156389802e-14,0.002966271005893991,0.00018667145692448226,4.1849389639253966e-05,0.00024173282668225649,0.0003339577542057316,0.00026979346315600866,2.6403212517094608e-05,1.367539088806682e-06,2.3611503152324988e-11,2.979351677516559e-05,7.26526849441837e-07,9.525072026326254e-07,9.434982417743733e-08,1.1448048821257124e-05,4.763179510644657e-06,9.181555077275307e-10,1.0088208239821397e-08,1.6972723733498105e-06,1.3598485719700697e-07,6.703513670315314e-11,8.499133247427269e-09,2.783861987103708e-12,1.3698198121570977e-12,0.0,0.0,0.0,0.0,0.21833930612978816,-7.901463742913061,45565102318.381454,1124.42313851349
0.110163379413453,0.0904706142160856,0.0027941539834388253,0.008818842642133973,0.71355571914156,0.0714187270774744,0.0138006805964302,8.389988896757778e-07,0.0,0.0,0.004558258236020892,0.00015019792750141868,0.0005908795549969,3.997655392730458e-05,4.9482821368039775e-06,1.19070960091788e-13,0.0033214690973535966,0.0002388243782530377,5.638445926012553e-05,0.0002156472832956913,0.0003064821486304183,0.00027876027786627856,2.4617380056760265e-05,1.7337021011290157e-06,2.3060059886021334e-11,3.5528120281669034e-05,7.251399898229818e-07,8.448934914175583e-07,9.137764534774845e-08,1.0168726359663041e-05,4.5719827046538175e-06,1.2234020249310948e-09,5.643925799887607e-09,1.7560305841523723e-06,1.5466994216118902e-07,9.667367177548421e-11,4.511174489341728e-09,1.950020459287386e-12,9.95414158338723e-13,0.0,0.0,0.0,0.0,0.21275369380479422,-7.953854758071671,52586993267.11848,1163.83627841298
0.115261306653289,0.0849305099594526,0.003354198526873301,0.008933900283253323,0.716399864684502,0.0694447275578291,0.013275907987771,8.17442662522564e-07,0.0,0.0,0.0052277358326081646,0.00019198922602824806,0.0006876831571553,3.8039008703958947e-05,3.8782455068088005e-06,2.0134481751819156e-13,0.0036064964312577854,0.0002934321203196797,7.367627373311332e-05,0.00018623698885518767,0.00027053065721124295,0.00027966751242907995,2.215974831252758e-05,2.0942287649793267e-06,2.2650135704164387e-11,4.107978156234198e-05,7.331118245047235e-07,7.477614052560459e-07,8.886699824063562e-08,9.106605975738979e-06,4.485734461368886e-06,1.5839094272567346e-09,3.500081236188999e-09,1.7682294633314231e-06,1.6876169584377652e-07,1.3071782004715358e-10,2.589783108205789e-09,1.415969363312373e-12,7.446637741597005e-13,0.0,0.0,0.0,0.0,0.20724712854264327,-8.002674527872967,60199766560.60503,1199.43295492005
0.1212720141807809,0.0790533136115248,0.003943209996708831,0.008672363374772101,0.7211892959204091,0.0650030266250884,0.0126804980712767,7.667021042614882e-07,0.0,0.0,0.005941195967531381,0.00023935543168030016,0.0008018515909202,3.457423597378467e-05,2.9711201033207066e-06,3.444747060109598e-13,0.003911487746657287,0.0003629293749682947,9.69515242531989e-05,0.0001565599570095061,0.0002343329683063499,0.00028114351403657207,1.9653043964424898e-05,2.532349967754885e-06,2.0850378458618558e-11,4.6884650101159896e-05,6.96939288813935e-07,6.467539181188684e-07,8.500387897646926e-08,7.906385281687075e-06,4.1525095141651274e-06,1.9766042815294388e-09,1.932018118485966e-09,1.6721557206100329e-06,1.7475799276674103e-07,1.7269015693316366e-10,1.3213943593190218e-09,9.422360463327985e-13,5.105092309110489e-13,0.0,0.0,0.0,0.0,0.202721044869402,-8.047619828935822,68808330500.00945,1242.3700308958698
0.130142971531662,0.0723135012073563,0.004685396461626101,0.007958941323286338,0.7250898192261179,0.0596129335323504,0.0118983619187585,7.163816969189852e-07,0.0,0.0,0.006558437137014331,0.0003002113256718714,0.0009424125837548,2.996103542761779e-05,2.2093582748235e-06,6.761378199018745e-13,0.004320145513582703,0.0004681974167827043,0.0001293125067846673,0.0001245321321246615,0.00019464538924520239,0.0002891767192993409,1.6733738940176172e-05,3.1438640887507e-06,1.8760618483919457e-11,5.5417811949381144e-05,5.720418250299078e-07,5.774683386547184e-07,7.958575972720526e-08,6.258947059512298e-06,3.389691162199513e-06,2.43166903216502e-09,7.824153730146932e-10,1.3871026329933755e-06,1.6548153372444258e-07,2.224886375533713e-10,5.006089194681926e-10,5.255735631618391e-13,2.9557598874007207e-13,0.0,0.0,0.0,0.0,0.19744753493834277,-8.081892870317551,78955139648.15648,1310.69979690857
0.135455060510685,0.0667648608914909,0.005344173657817113,0.007658656404898135,0.728694491558096,0.0567858186455964,0.0112116071143656,7.059933788152389e-07,0.0,0.0,0.007046878697865186,0.00035571754742834465,0.0010881612797667,2.7605530659050743e-05,1.8753521319616411e-06,1.0983231409472585e-12,0.0045473558201609456,0.0005448698630779028,0.0001549415895106569,0.00010324777492380943,0.00016431947158769645,0.0002881088117849885,1.428099041708526e-05,3.554908523715191e-06,1.840781927179939e-11,6.246873307039747e-05,5.271505471882353e-07,5.54001564185829e-07,7.955089094338592e-08,5.501443067936158e-06,3.173565753272211e-06,2.8885258373491205e-09,4.945780642580237e-10,1.2241396349999311e-06,1.5790304684462067e-07,2.57938960951475e-10,2.8822433571698355e-10,3.801078240839786e-13,2.177391225455098e-13,0.0,0.0,0.0,0.0,0.1918442105610841,-8.111348434744485,87964264593.5273,1354.60415204812
0.142437807142784,0.0608445882537231,0.006097362180849892,0.007138527623855237,0.731097242418568,0.053761203450473,0.0105974371200647,6.907615019099019e-07,0.0,0.0,0.007496358196538742,0.0004218916760913163,0.0012617216143869,2.5030232094655116e-05,1.5831500759304797e-06,1.9145987018348393e-12,0.004755072146319152,0.0006383828877046628,0.00018658583921858112,8.103684449419089e-05,0.0001319461563615981,0.0002832624722798187,1.10979959082716e-05,3.982345021621961e-06,1.7778491015491565e-11,7.053044566240548e-05,4.628247024804025e-07,5.534632000708607e-07,7.9394034176548e-08,4.610253145154167e-06,2.814421540587328e-06,3.366606464005635e-09,2.8150803119083475e-10,9.995489145669654e-07,1.4132641465749124e-07,2.894767619575919e-10,1.4852696433910392e-10,2.560159215636616e-13,1.499273197715501e-13,0.0,0.0,0.0,0.0,0.18641473075598922,-8.13536590224124,98022181082.88625,1410.05216233857
0.146287955642289,0.0551239572790624,0.007042521726906886,0.007168240971994734,0.7331508193125509,0.0542612987378136,0.0097297660672528,7.578123468170075e-07,0.0,0.0,0.00777044661263918,0.0005027383621618414,0.0014462029610312,2.441481040900075e-05,1.4987661762268692e-06,2.9451031505716168e-12,0.004835655787246698,0.0006975380725017629,0.00020412244064327853,6.592806516600601e-05,0.00010684983417104514,0.0002738777757524771,8.670418041404573e-06,4.1789907905249546e-06,2.0444769286538152e-11,8.008772986637243e-05,4.4717337175144734e-07,5.898148202153309e-07,8.367866086137868e-08,4.157819973702234e-06,2.8578424787328738e-06,4.07421598046167e-09,2.2843285839177258e-10,8.949533199386602e-07,1.341434666688966e-07,3.148292948894913e-10,1.0661764458489212e-10,2.1785932250498642e-13,1.281792975160519e-13,0.0,0.0,0.0,0.0,0.17776139389668819,-8.159475332765718,105332223572.12756,1447.70140867062
0.1489493662605369,0.0502572546881375,0.007789207121293962,0.007289803022359902,0.7361848051426222,0.0542285825129156,0.0087859434191208,8.349216022114188e-07,0.0,0.0,0.007785295468614437,0.0005631028966929712,0.001594047976667,2.4009115064436447e-05,1.5034732548133154e-06,3.8534935952174215e-12,0.004824463396264275,0.0007236444900187909,0.00020858266086567326,5.67047971833475e-05,9.078702688977664e-05,0.00026525738513294623,7.176323470392846e-06,4.204709705083007e-06,2.3700431467159304e-11,8.77390988605059e-05,4.373267802907897e-07,6.309766906039499e-07,8.944832065533971e-08,3.943245419266678e-06,3.0026632376316905e-06,4.780646410277624e-09,2.1394235323406e-10,8.335679321713327e-07,1.294714572252628e-07,3.3117084060392624e-10,8.983413888884914e-11,2.0362690010645277e-13,1.2039572172457672e-13,0.0,0.0,0.0,0.0,0.16972639350057522,-8.176109867447753,107430601048.32391,1471.65748584642
0.152001214901989,0.0452126958271773,0.008514417515241653,0.007239052669409103,0.740830752991996,0.0523108515704454,0.007873677098157,8.871070607010345e-07,0.0,0.0,0.007821724628051335,0.0006230153674541325,0.0017708076102351,2.2741644562217685e-05,1.50577581417294e-06,5.081320360151326e-12,0.004779208002883485,0.0007521226563048369,0.00021602735772062795,4.720701120920803e-05,7.502879952764406e-05,0.00025354426580298745,5.647426554798024e-06,4.206855685538957e-06,2.597240809052442e-11,9.474313014958041e-05,4.2068493588059577e-07,6.698373567760953e-07,9.569871589335283e-08,3.685547569334448e-06,3.0891336476342883e-06,5.536322647727878e-09,1.9050617709107083e-10,7.514953215610635e-07,1.2133478836189837e-07,3.457334184035922e-10,7.100950118386926e-11,1.80180048308579e-13,1.0729915575082612e-13,0.0,0.0,0.0,0.0,0.16278395698413972,-8.193394522468532,109303771705.03424,1498.62662759141
0.155356365537945,0.0406586971252504,0.00948177050987341,0.007186277268561763,0.7420710226850441,0.0528204420415935,0.0071425320094886,9.894363201514684e-07,0.0,0.0,0.0077373413649534485,0.0007024724877666411,0.0019509406006789,2.2273632577849336e-05,1.4847611666329864e-06,7.03531858399835e-12,0.004719249698625434,0.0007813512537430603,0.00021924399278433327,3.802306349346356e-05,5.982215152637048e-05,0.00024100462672318334,4.013787602281055e-06,4.176169637356046e-06,3.0384283023132164e-11,0.00010394993082474316,3.95969230916782e-07,7.504418497793081e-07,1.0336875877288033e-07,3.313366560879616e-06,3.085732233944672e-06,6.4113034771074765e-09,1.6417264553414005e-10,6.502682063117863e-07,1.1019728860739297e-07,3.528180398201135e-10,5.48164672800234e-11,1.6012499879947175e-13,9.626053324905572e-14,0.0,0.0,0.0,0.0,0.15555309977509565,-8.203132700282218,110660069851.56273,1533.7169140132598
0.15767208634544,0.035727621335257,0.010079043860025458,0.006922277091356455,0.7484182605583609,0.0496443435325009,0.0064157085005961,1.0174742766224662e-06,0.0,0.0,0.007757090882106135,0.0007611884962567694,0.0021219797278456,2.0429113292112068e-05,1.4903026471801776e-06,8.590644874195581e-12,0.004505427501225786,0.000784744481256907,0.0002240074580027578,3.009505374893015e-05,4.7040672735194026e-05,0.00021861290197755702,2.9315754968060726e-06,3.937245544123703e-06,3.1874177250472225e-11,0.00010711755276840787,3.8169606882654244e-07,7.653344154361569e-07,1.0681373561786957e-07,3.02252373261222e-06,3.1203949602889976e-06,7.109747388669787e-09,1.481838425455464e-10,5.75356559365296e-07,1.004352654909957e-07,3.539823027627039e-10,4.3248477775195444e-11,1.377080423159799e-13,8.306891118981921e-14,0.0,0.0,0.0,0.0,0.15024256116705362,-8.218057452685262,108255808885.29239,1556.01335655647
0.157423865556275,0.0316165023062122,0.010934328586489147,0.0070362997146492905,0.75069015761525,0.0521562904326349,0.0059081336077346,1.186146942664088e-06,0.0,0.0,0.007737917846176484,0.0008548374582684762,0.0022050504818929,2.107563263449112e-05,1.5630784949590836e-06,9.208312516517566e-12,0.0041558163074186735,0.0007396133408118671,0.0002113073074742692,2.489259836326579e-05,3.778789013099595e-05,0.00018946868217538008,2.3851429829379307e-06,3.4819285154671898e-06,4.116202958468612e-11,0.00010900477198790489,4.0551638232911873e-07,7.403886620194231e-07,1.0351596194239773e-07,2.8410920000525537e-06,3.4708788384109243e-06,8.061970010938033e-09,1.7743553236358563e-10,5.742276271626958e-07,1.005016659641153e-07,3.5342163579080007e-10,4.56470185507764e-11,1.4645690300965692e-13,8.843782822209442e-14,0.0,0.0,0.0,0.0,0.14314172288215046,-8.230850946712698,101706533218.33539,1558.0180577574
0.156607577210691,0.0276757018655891,0.012388462747345452,0.007304241692255259,0.750012027186522,0.0578786893799893,0.0054981323160342,1.4984909333496035e-06,0.0,0.0,0.007878821121536485,0.0010151303001442729,0.0023278720411752,2.286113919089336e-05,1.691254234544643e-06,1.0085664217023817e-11,0.0037717945317095243,0.0006860197886740742,0.000195195354389218,1.9910553816080385e-05,2.8978957269610564e-05,0.0001569402253516502,1.8994551014896467e-06,3.025716155123315e-06,5.995634615657287e-11,0.00011195781997579068,4.604262240172325e-07,7.047864004596008e-07,9.87142310827887e-08,2.649268321952194e-06,4.102310805680111e-06,9.582341614622182e-09,2.4088752057885267e-10,5.969416397552312e-07,1.0432124658249426e-07,3.5810815211752927e-10,5.2959676479779746e-11,1.6917875725540724e-13,1.0222774179080359e-13,0.0,0.0,0.0,0.0,0.13458655840682388,-8.249789196423272,96890205665.12566,1556.87385352066
0.155713432586446,0.024103164447702,0.013807205347011058,0.007358135990496124,0.751110713218164,0.0615384801015815,0.0050656789630834,1.7997493057499426e-06,0.0,0.0,0.007972452320123188,0.001172748833824915,0.0024685306830234,2.363729847205345e-05,1.8002566127324356e-06,1.1209012020904285e-11,0.003431743857001043,0.0006404435816072095,0.00018095391998687563,1.560211230446753e-05,2.1925840935267755e-05,0.00013019723338128953,1.447481789121237e-06,2.6443706302457675e-06,8.026807467990815e-11,0.00011360888045050866,5.0013715260199e-07,6.755448093353823e-07,9.516995183558808e-08,2.4245010757466934e-06,4.642708261150681e-06,1.1138497557163344e-08,2.9487314466327063e-10,5.870865929616211e-07,1.0323019518550319e-07,3.562903748647138e-10,5.534566675086877e-11,1.7997822121333648e-13,1.0888584598385027e-13,0.0,0.0,0.0,0.0,0.1274429997770518,-8.266362555687303,92174024642.9691,1561.57083957016
0.1542309134068319,0.0205060949233933,0.01488649007235434,0.007397695646386226,0.7543401923605101,0.0639686014549091,0.0044306503801356,2.1466726583333607e-06,0.0,0.0,0.007608806964967102,0.0012788150652963592,0.0025235474742194,2.399700809362892e-05,1.9143320636372385e-06,1.116197455093631e-11,0.0030451597495510306,0.0005685523431053534,0.0001540489108264879,1.2377877533980736e-05,1.6664085801074255e-05,0.00010719946089751989,1.1234089576381615e-06,2.1758725286009636e-06,1.0702281258259555e-10,0.00011267257661900985,5.128857790637351e-07,6.43491767758763e-07,9.142754725446475e-08,2.232339444074481e-06,5.2325824705209336e-06,1.2837341260599707e-08,3.6450524346728936e-10,5.630753976862527e-07,9.892991099088556e-08,3.370244247172272e-10,5.874711836301552e-11,1.9059572572086998e-13,1.1495105258473896e-13,0.0,0.0,0.0,0.0,0.12019486904445326,-8.271208863709747,81051995166.09431,1560.96378187577
0.151693805683506,0.0177901491033291,0.016226786659158332,0.007938391270641793,0.755628133289903,0.0685582339604728,0.0037490367927593,2.7504533767384184e-06,0.0,0.0,0.007076817504003582,0.0013754008353265216,0.0025806411700297,2.556085961680204e-05,2.2091596385026174e-06,1.01660441889754e-11,0.002724113530300699,0.0004885657323690469,0.00012154720471715727,1.075218262501129e-05,1.3636373721188974e-05,9.089119671164434e-05,1.0234479849990432e-06,1.8065863151413372e-06,1.5862540362890303e-10,0.00011408087383580006,5.515854937477879e-07,6.249812331765437e-07,9.181114153375982e-08,2.226044512892777e-06,6.584405360448813e-06,1.582560082952794e-08,5.560247829865319e-10,5.91665784352251e-07,1.0200974844427375e-07,3.243541976915064e-10,7.731670878071482e-11,2.374403345104631e-13,1.4278342975357924e-13,0.0,0.0,0.0,0.0,0.11203810208016696,-8.273513307669987,70995297223.59152,1546.60390442376
0.148884800794376,0.0154292530252315,0.01747605638364263,0.008443065775865071,0.755574590355645,0.0743332135503419,0.0032000201686111,3.5381384082356145e-06,0.0,0.0,0.006511877834307006,0.0014588522028641357,0.0025781221057941,2.7662106099247437e-05,2.5238843313207427e-06,8.764233181720772e-12,0.0023934675146612297,0.00040754276886723236,9.2397845588289e-05,9.318463740025894e-06,1.1084986094667179e-05,7.508172126919625e-05,9.37805944366195e-07,1.4641394390106666e-06,2.377881181854341e-10,0.00011299606513762084,5.955556592393196e-07,5.923386969729887e-07,9.043252518817224e-08,2.206662683853794e-06,8.310535200652454e-06,1.9295685713018122e-08,8.757809679764916e-10,6.232148049718913e-07,1.0474936689990908e-07,3.0304679852159624e-10,1.0568855056002127e-10,3.0140409690397636e-13,1.8114822194945274e-13,0.0,0.0,0.0,0.0,0.10416681883859334,-8.271229291488442,60809887649.221985,1527.64792400359
0.145677793053367,0.0128495059638863,0.018965988703920585,0.008601743378290927,0.757097430470927,0.079065778580661,0.0027041578135796,4.504229848434096e-06,0.0,0.0,0.0060657856012276915,0.0015732061416436232,0.0026053341175789,2.9034660536431782e-05,2.8687898367356337e-06,7.684123512805944e-12,0.002024587530053614,0.0003306241795626385,6.901543859686751e-05,7.2892801586202e-06,8.129246674638885e-06,5.7061674197503545e-05,7.65287761490145e-07,1.139640487265966e-06,3.5113786147932755e-10,0.00010836261526106935,6.457743963638418e-07,5.352519864830381e-07,8.622244127590555e-08,2.073426546749784e-06,1.0425565285992441e-05,2.362146389053691e-08,1.3471428788135637e-09,6.247783237267392e-07,1.0269367111898945e-07,2.7472856499523643e-10,1.3440044351776473e-10,3.5916756040583464e-13,2.1552512815549972e-13,0.0,0.0,0.0,0.0,0.09695790410043008,-8.271902212299498,51355595607.90409,1511.38931389609
0.141908440076758,0.0105125981315405,0.0201588765539578,0.008591470113082788,0.7583881026209691,0.0843840930347201,0.0022659394784393,5.74414445136203e-06,0.0,0.0,0.005493845369716215,0.0016514483437352415,0.002540826657574,3.069870977180726e-05,3.207474094342237e-06,6.202387285411583e-12,0.0016484248248843604,0.0002531811347999367,4.787302829902318e-05,5.557947253243303e-06,5.76343680364534e-06,4.111157147077214e-05,6.094032707833194e-07,8.408943780744147e-07,5.244127730881056e-10,0.00010011870401456089,6.921320275773917e-07,4.66170125672802e-07,7.991470037797267e-08,1.912065760027711e-06,1.3111836199982997e-05,2.8565110284939994e-08,2.1481945213810294e-09,6.154010503310104e-07,9.801395923660001e-08,2.3463479608052526e-10,1.7636532006212537e-10,4.299856217871226e-13,2.5706228173928725e-13,0.0,0.0,0.0,0.0,0.09004483947239827,-8.264629240661751,41145988153.067894,1489.0099845583802
0.137430994115085,0.0088770523169653,0.02151126889178326,0.00864398386922033,0.75908831921588,0.0901159937212483,0.0019714818643388,7.267023496901546e-06,0.0,0.0,0.005251909460207812,0.0017551042527356937,0.0025161587664823,3.322847235056323e-05,3.7746285897798277e-06,5.0087378028613065e-12,0.0013464486594667977,0.00019243268148120648,3.395785292979794e-05,4.343984076504634e-06,4.187822640925341e-06,2.8909605015015514e-05,5.16936255349857e-07,6.431633920856436e-07,7.724721338723966e-10,9.055332404821987e-05,8.274171517743192e-07,3.8645094047787173e-07,7.533379449547397e-08,1.843747900402294e-06,1.7744346037448436e-05,3.5027638759156824e-08,3.9878635014402805e-09,6.566311727055412e-07,9.939929167621242e-08,2.0566318753866376e-10,2.6634822744946767e-10,5.600274621404887e-13,3.328188819272554e-13,0.0,0.0,0.0,0.0,0.08404082194852974,-8.270864790251146,34951548308.135414,1454.26889253525
0.132886404319021,0.0078185456195203,0.022494929881222456,0.008766241760290068,0.7583577821802309,0.0966918433748675,0.0017805182178366,8.903705371815484e-06,0.0,0.0,0.0050644030093176425,0.001822610793737513,0.0024649062885235,3.659966587874487e-05,4.3844963486930364e-06,4.099224775132861e-12,0.0011264286340620456,0.00014851240132420144,2.4685948830658677e-05,3.5932700272743876e-06,3.2394881379979633e-06,2.1194748890615666e-05,4.520640304968212e-07,5.130765615854357e-07,1.0800318755025712e-09,8.204168793750157e-05,9.999542496027966e-07,3.294314198450055e-07,7.359621989418314e-08,1.8340205152800324e-06,2.3676445223890133e-05,4.167036840668669e-08,7.462573117411555e-09,7.136035286766197e-07,1.0196900070347536e-07,1.7934302222593593e-10,4.2020695147987523e-10,7.468017990386874e-13,4.398009493120192e-13,0.0,0.0,0.0,0.0,0.078611542281225,-8.277283237927223,30740379586.352367,1416.71834459634
0.12855414844191,0.0068519756049711,0.02325432057705772,0.008705582192009993,0.757898996460308,0.102673314545642,0.0016078034945766,1.059641054896937e-05,0.0,0.0,0.004819001455867128,0.001864419043336459,0.0024137614525911,3.949650693799258e-05,4.948745408916694e-06,3.4739057770760816e-12,0.0009451535740682802,0.00011564145820460586,1.8040174397360238e-05,2.9118914899558788e-06,2.475118349849502e-06,1.5670185021126916e-05,3.742069440531984e-07,4.1352274165479337e-07,1.4384432072350916e-09,7.440018559252473e-05,1.1480948380642224e-06,2.8945254393049476e-07,7.211711376731669e-08,1.7800250026318713e-06,2.9964063590656964e-05,4.847106535339793e-08,1.2656764988301838e-08,7.31634830861376e-07,9.958475585394509e-08,1.5233183870124957e-10,6.036794440948608e-10,9.310434359799676e-13,5.430028968331917e-13,0.0,0.0,0.0,0.0,0.07377475692805965,-8.27861756244942,27054404569.155655,1386.52359621692
0.1222141424660819,0.0058103661303958,0.022744676898129135,0.00881881339598494,0.758671764095796,0.109658870189547,0.0013627464782206,1.264009592504687e-05,0.0,0.0,0.004244344927409246,0.0017760012494699145,0.0022821106399578,4.3259684039124856e-05,5.822070500173089e-06,2.541697738606112e-12,0.0007637584977999497,8.320590963719872e-05,1.1824032038857243e-05,2.3952027535974493e-06,1.9031554945117142e-06,1.1513987922888227e-05,3.2026659632389013e-07,3.092227933052745e-07,1.9562963704808233e-09,6.603877742300644e-05,1.2679437624847842e-06,2.645885848392811e-07,7.491029216200977e-08,1.7953003793894899e-06,3.940006504043109e-05,5.697694484955378e-08,2.4996506112967762e-08,7.491173775733698e-07,9.482313812492663e-08,1.164950092397003e-10,9.999753428342525e-10,1.2477548195785857e-12,7.128915444765291e-13,0.0,0.0,0.0,0.0,0.06839569180422589,-8.264518209408397,22188092701.830105,1343.71927905486
0.110952371060645,0.0037828773509489,0.01869905025616314,0.008812092999180631,0.7600946362781,0.122219397431187,0.0009433606310746,1.6317113070202994e-05,0.0,0.0,0.003033915288156993,0.0013913280565586471,0.0020073572480443,5.310326483024665e-05,8.965127307022513e-06,1.141727644804914e-12,0.0004640293274513362,3.935831198433514e-05,4.836776634410698e-06,1.5174799506339216e-06,1.0895783722331278e-06,6.079949647805131e-06,2.3245057499039575e-07,1.4853623225998948e-07,3.195841418611618e-09,4.74768544765954e-05,1.4384758239808052e-06,2.444061037529407e-07,8.878298381343864e-08,1.894457920420281e-06,6.552580265491163e-05,7.377274155419127e-08,1.2282919288524306e-07,7.419164130678064e-07,7.767283793915053e-08,5.533735276625665e-11,3.2596767067533236e-09,2.3357341343559787e-12,1.2506520870862477e-12,0.0,0.0,0.0,0.0,0.05959154605579199,-8.220082367526484,14146137459.551302,1243.21130190026
0.10019099279868,0.0027648531084047,0.012496718202170002,0.0108321193418343,0.7600381500147709,0.134624029637112,0.0006419817103054,1.819898975674512e-05,0.0,0.0,0.0018359671077699835,0.0008757669419879816,0.0017399927307276,6.27102213557942e-05,1.4137603768590991e-05,3.835474678690007e-13,0.00035582852156350553,2.419264980435356e-05,2.6048316613711313e-06,1.5237956006362076e-06,1.0736822007709584e-06,6.100283928189404e-06,3.175390171725796e-07,8.148129208418003e-08,4.2317876621746895e-09,4.065995270895527e-05,1.1882654970458563e-06,3.5999644263583376e-07,1.447966525431701e-07,2.48602143644934e-06,8.376057462034151e-05,7.699559506774184e-08,5.312880329491219e-07,7.828735431324789e-07,6.761491091014722e-08,2.5840391196725988e-11,1.208185258378072e-08,4.9304810228319095e-12,2.4719623107755e-12,0.0,0.0,0.0,0.0,0.052200677716355365,-8.142938462860668,9187928327.7499,1155.44212063207
0.0904369884193215,0.0022745877858175,0.007673977534611724,0.014909594364855523,0.7589242053006681,0.1464185658796629,0.0004881710341178,1.936172369407206e-05,0.0,0.0,0.0010534501487369345,0.000508095408643473,0.0014574815804119,7.032202948743187e-05,2.0490483838825096e-05,1.121703219543518e-13,0.00030815539561172806,1.729788532255269e-05,1.6530627553260278e-06,1.9240521366579006e-06,1.3640919716334932e-06,8.37581665922776e-06,5.630290221080498e-07,4.863113428585181e-08,5.548184350235433e-09,3.779710759740663e-05,8.776633172935418e-07,6.360552242380985e-07,2.5799377978507756e-07,3.4378132162602767e-06,8.574293224721391e-05,6.013348550026196e-08,2.221057013468024e-06,8.4935609783182e-07,6.01049993565233e-08,1.2017071369645768e-11,5.151454801878063e-08,1.1726397713984615e-11,5.446478436510232e-12,0.0,0.0,0.0,0.0,0.045366843394377604,-8.0262558206799,6099563996.109825,1076.58086194386
0.0808972470823218,0.0017639089700057,0.0047233448378075065,0.01899141171166456,0.758461799258961,0.157242506810972,0.0004302271741262,2.1345650420003226e-05,0.0,0.0,0.0006092768846472944,0.0003020508081981907,0.0012043107036127,7.659374800068069e-05,2.8983220146584668e-05,3.27369829281867e-14,0.00023110928952943112,1.0765650416977102e-05,9.287127030254398e-07,1.8348914401712274e-06,1.2860853583371431e-06,8.833380558631364e-06,7.198759179516805e-07,2.4878901147602948e-08,1.1187524383778627e-08,3.128222508299483e-05,7.12530080404373e-07,9.821755913099539e-07,3.9802736876994936e-07,4.041283127318253e-06,8.154270048021352e-05,3.9933817790970804e-08,1.2147473956920923e-05,7.890541791226204e-07,4.410196564500428e-08,4.603055924072644e-12,2.6475522387016074e-07,3.0155199486361705e-11,1.2602702528389787e-11,0.0,0.0,0.0,0.0,0.03898947858076212,-7.779512461708796,4047859770.8541675,995.898081865614
0.0734857713237111,0.0014382470938437,0.003117023733565543,0.024988753622691057,0.758670408424476,0.16506798317677,0.0003512035795751,2.4178932328642933e-05,0.0,0.0,0.00033584133802205395,0.00019394149850886257,0.0009863864016236,7.283793169628244e-05,3.556787791092358e-05,1.0028739115941633e-14,0.0001804151714903829,7.221831708316542e-06,5.410200740894743e-07,1.7472278171308973e-06,1.2058951242254267e-06,9.654722384481622e-06,8.909431469843469e-07,1.3957928068173205e-08,3.22215825390551e-08,2.8306138251640008e-05,5.100025309109355e-07,1.4215153139883547e-06,5.784589715167333e-07,4.320102675411012e-06,7.051749083535376e-05,2.451725277081345e-08,4.5669958405754125e-05,6.929329308326361e-07,3.1990161204280205e-08,1.9412568213480218e-12,1.0394424341489594e-06,6.750581391006353e-11,2.565309047554406e-11,0.0,0.0,0.0,0.0,0.03363575139712647,-7.550644634900235,2600835977.99326,938.779423418022
0.0671366758957265,0.0013729597354195,0.002053561888909559,0.04097696905882512,0.758321978758423,0.17208772702542,0.000270642515171,2.81037985981896e-05,0.0,1.961671926066795e-21,0.00016722250512324,0.00012351030018345228,0.00081001606984,6.100776282181022e-05,4.2580207578431686e-05,2.612105410442337e-15,0.00016019153818028016,5.472116017566954e-06,3.4948511561207575e-07,2.1531630475156337e-06,1.4635658475134455e-06,1.3660595555419425e-05,1.4606261961245282e-06,9.327496110290354e-09,1.2305783074125323e-07,2.9831102427518757e-05,3.399563537114069e-07,2.2787359338176156e-06,9.82010672232133e-07,5.157435465790261e-06,5.8317519661199676e-05,1.186818390885726e-08,0.00016748451872805077,6.631782590585729e-07,2.4895399017445693e-08,8.929436419324894e-13,5.43336311105485e-06,1.9195785018461732e-10,6.530358153256173e-11,0.0,0.0,0.0,0.0,0.02717562834998018,-7.264464884578312,1668394867.044464,883.812373701429
0.0612476990886953,0.0011418340554528,0.001416291997923765,0.059135036694053435,0.7576971107574829,0.179055671452727,0.0002090486660709,3.369994030936077e-05,0.0,0.0,8.130642905278811e-05,8.460115010848368e-05,0.0006486359795705,4.8369939239721294e-05,4.7208093154522534e-05,6.010990444363679e-16,0.0001187031695235319,3.511153552306839e-06,1.9675801197769742e-07,1.8588109449861437e-06,1.2317029243212332e-06,1.2765372472483543e-05,1.5581409065541439e-06,5.103657897434344e-09,3.819305837437636e-07,2.7196798548485927e-05,2.3045224029270187e-07,2.846803538369749e-06,1.308330223922442e-06,4.976016122962161e-06,4.875063835659445e-05,6.401836841934076e-09,0.0004612493590197121,5.336371024964162e-07,1.6267706363970686e-08,3.5432023859325275e-13,2.5110749762153457e-05,4.8016722845708e-10,1.4612845587429163e-10,0.0,0.0,0.0,0.0,0.020437508023053497,-6.942829468547628,988238146.0230434,834.5142379313271
0.0554771508387684,0.0010825467198225,0.0009523868967304499,0.09159506837667505,0.7571089887916601,0.185604269873682,0.0001995932767939,4.1249759286303154e-05,0.0,0.0,3.866141015842852e-05,5.7835140009292996e-05,0.0005274504992729,3.724336441477669e-05,5.631352627181437e-05,0.0,8.585489608840383e-05,2.0890602503928747e-06,1.0819195181073325e-07,1.6259566334205634e-06,1.0413792174634606e-06,1.1221638556353468e-05,1.6897700147553238e-06,2.7387167015036043e-09,9.92684737940407e-07,2.420701530630005e-05,1.8344328254965678e-07,3.45626319225866e-06,1.7327105132523054e-06,4.988707066517079e-06,4.17525474541423e-05,2.81842673811483e-09,0.0010452269394258865,4.1102040617656156e-07,9.27964648009312e-09,1.1987851137334905e-13,0.00024411653649722732,1.9170663676040247e-09,4.889456885748368e-10,0.0,0.0,0.0,0.0,0.01227871495235331,-6.626103852421538,623493178.3686206,772.04227652632
0.0525573316100461,0.0008350404901043,0.0007676752866792377,0.10609680988357854,0.7577109918711279,0.188297197970682,0.0001477867728205,4.895915754378393e-05,0.0,0.0,2.2147753140492882e-05,4.7665570003135836e-05,0.0004516512852187,2.9365206981029674e-05,5.731576299551219e-05,2.7295994225495567e-12,6.156303952955246e-05,1.3894816499882935e-06,6.851137565981752e-08,1.1199927046860567e-06,7.046358214220113e-07,7.664398926954882e-06,1.2835003851556653e-06,1.5832605806438322e-09,1.474024896058371e-06,2.0469205554710348e-05,1.3366656752913473e-07,3.186460738001869e-06,1.6928859640541816e-06,4.133427428876377e-06,3.7258066942545604e-05,2.1029202164146594e-09,0.0014530414471972738,2.9520170181824476e-07,5.810577509773403e-09,5.6412517251948407e-14,0.0006166274666989996,3.2200105091088266e-09,7.900520980497969e-10,0.0,0.0,0.0,0.0,0.008522004429096017,-6.572305451618493,400506029.1223155,746.408679839966
0.0499159851325057,0.0008426968433234,0.0006142580741849667,0.11699814979270765,0.7574355964222249,0.1912675137113119,0.0001457925015389,5.1757452789572105e-05,0.0,0.0,1.4800233351837474e-05,3.810572833608069e-05,0.0003924153890942,2.506323414489837e-05,5.749979655298095e-05,0.0,5.5538374286516334e-05,1.1440870688031358e-06,5.4331731891604936e-08,1.178274512910788e-06,7.347031553238938e-07,7.625340118277886e-06,1.43296245061556e-06,1.2215888054962993e-09,1.8235987709735752e-06,1.9359555286653903e-05,1.0772896470447546e-07,3.5767191014192535e-06,1.7889317647994233e-06,4.200476785112379e-06,3.2495656892979424e-05,1.269151930184753e-09,0.0017057422766552763,2.3092523384401887e-07,3.996183636507557e-09,2.978970691326192e-14,0.0013037991362205785,4.634216447122517e-09,1.2632301942442652e-09,0.0,0.0,0.0,0.0,0.005621976737086324,-6.561389638968047,311507687.3742201,723.745619195929
0.0469437098750375,0.0006525358813245,0.0004930789683117356,0.10841178502927104,0.7581437994620541,0.193811520652306,0.0001084110480049,6.349442489222111e-05,0.0,0.0,8.396403175671053e-06,3.2754973547099516e-05,0.0003400230812726,2.0277054026563184e-05,6.27492887823198e-05,2.717781209013958e-17,3.9054887041138766e-05,7.321514745614756e-07,3.449723468170751e-08,7.643563632188577e-07,4.668152931506172e-07,4.647080814735946e-06,1.0105708161078662e-06,6.797036301894299e-10,2.6946504782550276e-06,1.591599627552115e-05,8.191218705957178e-08,3.1735580204963975e-06,1.5984727236129237e-06,3.44487046153644e-06,2.9272143775481118e-05,8.876752043384543e-10,0.002354626495398687,1.2072912737306553e-07,1.7333370156695212e-09,9.519700820462096e-15,0.002134439928201492,4.313919754830143e-09,2.1237927008920347e-09,0.0,0.0,0.0,0.0,0.005030029296008912,-6.560962735771774,220444610.01510373,692.861052336575
0.0418871335949002,0.0005451425071362,0.00030696715662893,0.08834385097928611,0.7587176149812719,0.198514088647736,8.43808851041857e-05,8.095489774888963e-05,0.0,0.0,3.044695298480835e-06,2.2050130805727433e-05,0.0002516393838515,1.4548235431194332e-05,6.838674845364344e-05,2.7560013029364702e-18,2.6297059944453754e-05,3.978492540704282e-07,1.84040566439165e-08,5.743481065330394e-07,3.4287145018910547e-07,2.9520717507323975e-06,8.628187240410361e-07,3.0485855452293066e-10,4.539621977276728e-06,1.2390094959844006e-05,4.719621063623528e-08,3.3912367177412113e-06,1.5045598054208061e-06,2.9405670072592714e-06,2.1940415843958582e-05,3.09480022846501e-10,0.0035268778063049584,3.5986603125046454e-08,3.6558798731722354e-10,1.0627781586181908e-15,0.0029933360982323087,2.0702225834548053e-09,7.356912144813529e-09,0.0,0.0,0.0,0.0,0.004754122832320593,-6.494014896876308,135152169.74626988,640.878487508956
0.0376135667815757,0.0004857256638195,0.00019089571924251378,0.06938660132545765,0.757555649137689,0.204082754349739,7.91448283436384e-05,8.94267449613289e-05,0.0,0.0,1.223838481245029e-06,1.4227259265577655e-05,0.0001831592388327,1.1371556763501452e-05,6.654874173359132e-05,5.778234798239984e-19,1.9441111877331813e-05,2.3904410765057273e-07,1.0760385609072966e-08,4.976881950890924e-07,2.9423613971162154e-07,2.2023349718635933e-06,8.080358042108444e-07,1.5283083861563332e-10,6.113875875651084e-06,9.772421992348004e-06,2.6257500576946743e-08,3.89136407017126e-06,1.4347832752920578e-06,2.5485314412448805e-06,1.5629659538399733e-05,1.0598080772008046e-10,0.0043256586580461285,1.2344598257805239e-08,9.478585294339876e-11,1.4196878164975178e-16,0.0030898364652329185,8.630149709725838e-10,2.1056627525297704e-08,0.0,0.0,0.0,0.0,0.004118130314935376,-6.586723971194812,87378479.42056654,602.622242056287
0.0337744953663544,0.0005285023986343,0.00010481425197537988,0.06247336216494199,0.7572326411791691,0.20824878172868,8.97177815890741e-05,8.914932651877256e-05,0.0,0.0,3.6076300269835325e-07,7.519898210304759e-06,0.0001258615455731,8.366902456620988e-06,6.272684074118782e-05,3.5606925105951257e-20,1.6671004105386915e-05,1.5610875587951647e-07,6.7293259326911025e-09,6.370294131820443e-07,3.763661398696283e-07,2.336134615520848e-06,1.1536563994363797e-06,9.177770823418842e-11,7.618203576838411e-06,8.110031207978588e-06,1.1528459086453667e-08,5.8512465368199e-06,1.5784611365772356e-06,2.5678403588874265e-06,1.0018344741527728e-05,2.120772788029868e-11,0.004805565536987396,3.962834512049759e-09,2.1732302625393317e-11,1.2573615932717958e-17,0.0033956675093887636,2.950077826364623e-10,9.191883319994874e-08,0.0,0.0,0.0,0.0,0.002834626460302382,-6.778409035291418,55768286.071745306,559.5648253008641
0.0306001430115641,0.0004903924589378,6.695501127438248e-05,0.050184605856682794,0.757297921526626,0.211430873061698,8.68551410314346e-05,8.327098595461107e-05,0.0,0.0,1.3638310042495066e-07,4.685689610889882e-06,9.38148001426165e-05,6.8929242990315705e-06,5.870405471021364e-05,1.245907095973007e-20,1.3453803194474224e-05,1.0404563156846257e-07,4.371485738347774e-09,6.200459321505195e-07,3.6659042135972245e-07,2.0437966905175607e-06,1.1924274985666649e-06,5.569791608728295e-11,8.241125402743282e-06,6.48877012088358e-06,5.779435338660395e-09,6.921141540314622e-06,1.5191820320292856e-06,2.2765985165745374e-06,7.132611276134727e-06,6.929835132104764e-12,0.004794952499163378,1.646543793259491e-09,7.044464202803122e-12,1.6369833679421615e-18,0.0029804571795365416,1.0808603965486056e-10,2.369588344372368e-07,0.0,0.0,0.0,0.0,0.0027920854544942666,-6.94792921689163,38208307.40304106,531.140893114808
0.0280240620804062,0.0004732866779161,4.477252946088543e-05,0.04129795464139749,0.7573665528216909,0.213982827998157,8.26208168163024e-05,7.207507853908789e-05,0.0,0.0,4.428532312935809e-08,2.8165092659508674e-06,7.06496050132853e-05,5.529523936662359e-06,5.530574083945418e-05,1.724623745305823e-21,1.1663138348037577e-05,7.543038928032381e-08,3.0609024882115195e-09,6.879359655142114e-07,4.084181348426762e-07,2.0758569797530693e-06,1.414607488108178e-06,3.9715070876665216e-11,8.113256399798998e-06,5.250048008403021e-06,2.671131249928704e-09,8.561132490010848e-06,1.5067242294784741e-06,2.1265603708422355e-06,5.2896962854570415e-06,2.065527562672702e-12,0.004385542943106993,7.899060773346525e-10,2.5063405940326007e-12,1.7278556386726442e-19,0.002587420493746869,3.61644841305461e-11,6.70081128942615e-07,0.0,0.0,0.0,0.0,0.002807033007513513,-7.192695871045814,26614772.49973547,503.187145656649
0.0259715563586358,0.0005095309733217,3.5842057299104555e-05,0.039455631794041504,0.7572299669758481,0.2161498527103529,8.257412341283041e-05,6.089570800737265e-05,0.0,0.0,1.568955237674337e-08,1.638232942714002e-06,5.65188584283525e-05,4.401621861733058e-06,5.2193685527087895e-05,3.0923130262648405e-22,1.1921395726709182e-05,6.770103321750596e-08,2.5748028296497046e-09,9.743688960734407e-07,5.840347018528688e-07,2.7176791848776707e-06,2.0987608187897503e-06,3.9877471689919e-11,7.3505656867350245e-06,4.447947398896704e-06,1.3863862073349395e-09,1.2486827887077674e-05,1.578699680403504e-06,2.2686961259305845e-06,4.555652757443799e-06,7.415805208379042e-13,0.0038371405552932018,5.653540315309421e-10,1.3494649514556275e-12,2.747837306048122e-20,0.0025302927422793573,1.641293079835548e-11,1.4818256243964586e-06,0.0,0.0,0.0,0.0,0.002250220055373979,-7.228240125274476,20474872.96133907,482.641318297967
0.0241846314705899,0.0004445605466414,2.6353878191735464e-05,0.030352035641362685,0.7572686618924358,0.217985922702324,7.045659601427941e-05,5.4510216533826654e-05,0.0,0.0,5.811093969894137e-09,1.1442549562479107e-06,4.57667919938854e-05,3.943285079942958e-06,5.0961573938066305e-05,6.391169978298071e-23,9.475520868361697e-06,4.723182683739895e-08,1.7976795104297412e-09,8.190137363802079e-07,4.928007730177393e-07,2.2624527029873144e-06,1.8954057487050772e-06,2.64938643280013e-11,7.235699123445142e-06,3.651589307754661e-06,7.104391037308974e-10,1.2789377391026833e-05,1.4422961078637192e-06,1.8654622512164349e-06,3.6459866611552507e-06,2.993205484339716e-13,0.0035482501094495616,3.5639109622358703e-10,6.252193138225343e-13,3.3243974266643362e-21,0.0019841301088949492,5.474731659277321e-12,1.9480270628237064e-06,0.0,0.0,0.0,0.0,0.0024765592045030075,-6.946282071577512,15278019.115344746,461.403928350864
0.0225981769844763,0.0005013837925618,2.2374883737444433e-05,0.0297011248424588,0.7567974134704121,0.219980410858896,8.40244859019332e-05,4.950586903715972e-05,0.0,0.0,2.0562434413989605e-09,6.500726873745207e-07,3.85904077523878e-05,3.47425051947649e-06,5.2341898783136735e-05,9.480039263202615e-24,9.101987402829674e-06,3.874796511291836e-08,1.4220763609982997e-09,9.742936621593157e-07,5.933703386845975e-07,2.5904713421653625e-06,2.509112911756998e-06,2.6135619756491593e-11,7.002561461856001e-06,3.2803969850647048e-06,4.1471835870704497e-10,1.9095065515414995e-05,1.4707714853051294e-06,1.8212296089529428e-06,3.3660070860359618e-06,1.080956138539287e-13,0.003304617744040492,2.7385929596120014e-10,3.453799183529142e-13,4.377895901880136e-22,0.0019455935912071356,2.1099204839645564e-12,2.298668354051635e-06,0.0,0.0,0.0,0.0,0.0017531940763112132,-6.620975188363292,13280857.368755301,439.462809819522
0.0195050401985604,0.0003853750154474,1.417688407522249e-05,0.021120818156334747,0.756838404673395,0.223177405538311,5.87402910996183e-05,4.7098635664794357e-05,0.0,0.0,4.820737277823921e-10,7.5190839823487e-07,3.5034283186668604e-05,3.7658411223918572e-06,6.178651281092856e-05,1.6043952174633257e-24,5.948311185883968e-06,2.239513633981799e-08,9.147046051550316e-10,5.092968355104449e-07,3.1213559579187474e-07,1.5524077119991445e-06,1.6416761661428784e-06,1.3812135847181801e-11,8.020243745606884e-06,2.6813915654914088e-06,1.5338143394966583e-10,1.12344147087486e-05,1.3286596525507938e-06,1.177199163621751e-06,2.390503421184188e-06,2.8519435217766374e-14,0.0032279699940044853,1.1522090842681722e-10,9.11624819131313e-14,1.4377775813394613e-23,0.001354647019677223,4.2855545985953594e-13,1.6761919197504218e-06,0.0,0.0,0.0,0.0,0.0009682727171433538,-6.335986924663559,11854147.053488575,407.169869747331
