Y_H2,Y_H,Y_O,Y_O2,Y_OH,Y_H2O,Y_HO2,Y_H2O2,Y_C,Y_CH,Y_CH2,Y_CH2(S),Y_CH3,Y_CH4,Y_CO,Y_CO2,Y_HCO,Y_CH2O,Y_CH2OH,Y_CH3O,Y_CH3OH,Y_C2H,Y_C2H2,Y_C2H3,Y_C2H4,Y_C2H5,Y_C2H6,Y_HCCO,Y_CH2CO,Y_HCCOH,Y_N2,Y_AR
1.6874484732522957e-9,1.784636710248817e-57,5.367387311214613e-58,1.4719748239211955e-15,2.7828755538883245e-61,1.236894442807875e-12,7.353625290598752e-48,3.404640065039622e-58,2.58692394906997e-164,2.544959904353337e-128,-5.63067237296704e-87,-1.6472273382233603e-91,3.349747264948337e-48,0.9999999983063,3.625516672949359e-13,4.225593065313121e-14,7.921678846267302e-64,8.331258083708338e-64,-9.808998016141012e-90,1.044306162941161e-75,6.198214682150658e-77,1.35755415761207e-161,1.0077292289762895e-98,7.513282703818668e-151,4.94052512519195e-106,4.351862419368952e-95,1.126954696474992e-86,4.1266034429056004e-100,3.0526761272485513e-80,1.8835140824213714e-150,4.591284485657395e-12,0.0
1.2445671986173053e-8,1.3110488214163795e-55,1.1876555512044478e-55,1.4661603282884662e-14,6.15774071957542e-59,2.7211003590606912e-11,7.32457829472736e-47,3.3911938577188404e-57,1.2716177023572295e-160,9.224419247298879e-124,4.7827311445015277e-82,-1.275735148359624e-88,3.336517339577439e-47,0.9999999874166018,8.054089122064895e-12,1.0773340482160304e-12,1.292789253484877e-60,8.265573337575191e-62,-2.795374566667488e-86,1.0359840384676702e-73,6.158503399099223e-75,5.540977444491702e-157,2.229829874278127e-96,8.475279389638121e-147,4.882094361247891e-103,4.317554331072971e-93,1.1180702814684695e-84,-5.41186047812201e-97,6.754739251461357e-78,3.06172175749676e-146,1.0113481543718098e-10,0.0
9.071114677245008e-8,1.9490028831524106e-53,5.303895730224398e-53,2.9903912212899024e-13,2.749959416507476e-56,5.900181446653718e-10,1.4939293455256e-45,6.916754028076649e-56,1.2433765475181992e-156,6.57404655778715e-119,-1.379110520487158e-77,1.5682012066737918e-85,6.805277792749054e-46,0.9999999062890741,1.7634951354873214e-10,3.0144216352340816e-11,4.2079956612119707e-57,3.4385220408542617e-59,-3.0018890231285154e-81,4.30706804724947e-71,2.589679031025121e-72,4.989463181424847e-152,9.958239649694826e-94,5.363377529863953e-142,4.142440052713239e-99,1.7961496206057704e-90,4.6512923907076304e-82,-9.59021836432829e-93,3.0166086990574635e-75,2.0326793805155496e-141,2.196099673502973e-9,0.0
6.364931660287422e-7,2.812760845815983e-51,2.2820923719263376e-50,6.149158928298491e-12,1.1832278777397271e-53,1.2226302964891047e-8,3.072091634177545e-44,1.4224161684459853e-54,1.1423892125975283e-152,4.1532025828281576e-114,-2.8727118778344735e-74,1.6287866583360408e-83,1.3997722474541406e-44,0.9999993010221282,3.689921385404263e-9,8.085756083770958e-10,1.2704665987416734e-53,1.4543550747508655e-56,-2.156148857892881e-77,1.813859593523742e-68,1.1765008054353972e-69,1.9109514417685304e-147,4.2859787947996213e-91,3.3231382012898018e-137,3.603860452657655e-95,7.599131856552011e-88,1.967850176218499e-79,-9.090393783403948e-88,1.29826221978464e-72,1.2624280546277427e-136,4.5572751398456114e-8,0.0
4.168272383991174e-6,3.51609211864186e-49,8.368602069585128e-48,1.168653168586647e-10,4.339405938850119e-51,2.3355439264652418e-7,5.8423347582019485e-43,2.7063539702442924e-53,1.4701990034434078e-147,1.9266730977749457e-109,6.2355726103646966e-71,-4.377007813101214e-82,2.6747379864282262e-43,0.9999946307335699,7.116983852611795e-8,1.9967513541036704e-8,3.0533249081669028e-50,5.281671649362241e-54,1.7251201646043377e-74,6.408774035669634e-66,6.15769438390011e-67,7.155033275079329e-112,1.5805092114769373e-88,1.5296245210501737e-132,2.5011911481806904e-91,2.774602823195037e-85,7.184149152628984e-77,-3.392685176592783e-84,4.7844116675233663e-70,5.795550179392114e-132,8.718016173905331e-7,0.0
2.45377480222674e-5,3.714215092327067e-47,2.3964254815447584e-45,1.956995817306992e-9,1.2440666788534565e-48,3.9303697177857965e-6,9.880578412430655e-42,4.601440094847203e-52,3.472773447292089e-141,5.6439816153973576e-105,1.5366675606982292e-67,-4.8745800414673186e-79,4.886664814280874e-42,0.9999551020103259,1.2091724182240835e-6,4.3333209135885985e-7,5.202894280267675e-47,1.61666939984882e-51,2.573686797906473e-70,1.6961584715422533e-63,4.754726356352041e-64,9.10859132672799e-108,4.9493554500742634e-86,4.946617034653326e-128,1.401823618762467e-87,9.259968354317288e-83,2.3931394878313074e-74,-4.311732301409801e-81,4.934123975606966e-67,1.1162464725630707e-126,1.469206347495132e-5,0.0
6.422026674177143e-5,7.563616218677208e-46,8.815002416839964e-44,1.1607872980714421e-8,4.599141453952685e-47,2.3410453686855253e-5,6.146694758887441e-41,2.927252940987082e-51,2.0777567441684942e-137,3.449833295525471e-102,8.633084903194645e-66,1.896701741993384e-77,4.230855911865463e-41,0.9998135651650074,7.262020470689707e-6,3.22338892771618e-6,5.003330850942478e-45,8.335427086637464e-50,1.0804676077921527e-67,6.941204329733059e-62,4.946991463339279e-62,1.096817969956419e-106,2.6895749099439117e-84,4.852433472968641e-125,6.316897200591865e-85,6.958285455500455e-81,1.782086723383488e-72,3.6037233293571243e-78,2.923894063541991e-64,1.8368574876189154e-122,8.762408478582972e-5,0.0
0.000169812930715334,2.460254348911733e-44,4.378371967275035e-42,7.381996123880723e-8,2.3503034966983116e-45,0.000149492296059774,5.206353449326752e-40,2.8088002127447425e-50,-8.58990552312154e-59,-3.341131968222463e-78,7.328040406563389e-63,1.2633137885514917e-73,9.796772270909966e-40,0.9990418310824687,4.679685240096822e-5,2.6026864008663407e-5,4.071006747626864e-43,1.27477428256511e-47,-2.0881005944375602e-66,7.133774199599117e-60,1.2012941408462143e-59,1.6031080366930018e-104,5.289624952474226e-82,2.7288192522854085e-110,1.1091958382448431e-69,3.8925184228115657e-78,9.447590936600912e-70,-9.212619260642255e-75,1.3470487723327114e-61,7.051421551118384e-119,0.0005605440995375586,0.0
0.0002765025969091058,2.1075461987847083e-43,5.23834392057016e-41,2.093040825217341e-7,2.97419840769846e-44,0.00042483987391571235,2.661965305356211e-39,1.8322019503554594e-49,-3.411562419622795e-58,5.221512873452582e-77,1.3582592703077277e-61,7.346065356461343e-72,1.0912042637742612e-38,0.9974622786261,0.00013394124676606597,8.780963033481735e-5,3.8136427740576414e-42,4.3835310872284215e-46,2.691526116944191e-65,2.0375720493542216e-58,6.453599355244492e-58,9.572388966064764e-135,2.9646367821798e-80,-1.2164298727191326e-108,1.7848582439574036e-67,5.3452662549592216e-76,1.1646805300584954e-67,5.473966470513003e-73,9.546868293460696e-60,-1.331522642376397e-115,0.001596351222620951,0.0
0.0004453079532132255,4.303151956429056e-42,1.288977017821659e-39,6.082256636374292e-7,8.512808721620092e-43,0.0012357777614937448,3.9646174020776186e-38,5.255212220585804e-48,1.535415032321732e-57,-4.9677594058751476e-77,1.7536081639571966e-60,3.627789146708271e-70,3.2165009623700903e-37,0.9928908668152435,0.0003932621052479416,0.0003078579257789321,7.651346082582832e-41,4.750070862605393e-44,4.6764088244104715e-64,2.2453670589541565e-56,1.3487395062778248e-55,-9.256935221637956e-101,1.1941908686202298e-77,-5.596583518964354e-104,8.864668826786606e-66,6.15946433350057e-73,1.0015019698252104e-64,9.878260932377281e-72,3.142544185896327e-57,5.069609442216018e-111,0.004663802271706351,0.0
0.0006917000246390338,5.5936353095472775e-40,1.1671817494639986e-37,1.6460963444061623e-6,1.0981133211689975e-40,0.003335177631427743,5.001736263676311e-36,3.066277963656813e-45,-3.135212173192438e-57,6.534981018972158e-75,3.1758537809168322e-59,3.3775192532069485e-68,5.069926207771546e-35,0.9809994706876785,0.001074997599784078,0.0009928485379158984,1.031558231293509e-38,3.5220050705457757e-41,1.0032816424639726e-62,2.840543391333787e-53,3.9763808834640184e-52,-1.4046792805380965e-96,1.921364665495186e-73,-1.1305456482403306e-100,1.175497953033885e-64,2.961082172259131e-68,2.425907084238617e-60,2.5792921533814173e-70,-1.800887180454295e-55,1.883479066754381e-105,0.012704967573754831,0.0
0.0008475652969622987,2.395674056720508e-38,2.8093904001283354e-36,2.6689803110073815e-6,3.60428854593446e-39,0.005383173814557299,2.2866142285618144e-34,5.338735564725998e-43,-1.8500103661238006e-54,-1.3569019364303833e-71,3.583854037664993e-58,1.086189446166028e-66,2.01047813486232e-33,0.9691854864671983,0.0017529086157947356,0.001774178520314973,4.5481732253796225e-37,3.675449071898755e-39,2.140314559793684e-61,5.491339007697388e-51,1.3408425722243397e-49,1.2774976574601747e-93,2.996679708803333e-70,-4.1118770097848504e-96,1.5053557783026389e-61,8.221102604790007e-65,3.707491999557439e-57,-2.1917585860611524e-67,-3.532721871736151e-54,1.56531182797848e-101,0.02070050445570016,0.0
0.0010214759330420926,3.41195630492788e-36,1.479457861983903e-34,4.231055058369135e-6,2.9037990671022565e-37,0.008466943183628178,3.4931609692608975e-32,5.073784385392633e-40,-1.5292189431384037e-53,-1.6300952910585e-69,-3.083630944195188e-57,-3.2139380564508275e-65,2.0932776712136737e-31,0.9509633058097042,0.002795567760231355,0.0031049842129675224,6.667683724442736e-35,1.1784013579763985e-36,-7.297466530746828e-60,4.417503130820177e-48,2.1024902586451692e-46,2.568035708602452e-89,3.9552346701458687e-66,6.68671864716662e-91,1.422750817169323e-58,1.915964949412669e-60,3.8531877128179885e-53,-6.777049696740209e-65,8.897744052663673e-50,1.6473978523105494e-95,0.03302919423260478,0.0
0.0012066997834658119,1.3886837633448927e-33,1.5053837696767783e-32,6.4450134136556556e-6,5.010173132599927e-35,0.012749345659004896,1.5689335458175168e-29,2.222221019483943e-36,1.9261191127622342e-51,8.660614892640648e-67,-1.3511714833474158e-56,4.0538925659747206e-64,4.85755565143918e-29,0.9248235594777201,0.004283770549835853,0.005185481241851342,2.7706860529281073e-32,9.535827699354094e-34,-9.170633975327965e-59,1.1704436409208215e-44,1.2058325502054833e-42,1.9828982871110365e-84,3.3011567888463575e-61,-1.0977101775432917e-86,1.346603747028582e-56,2.619615875103784e-55,1.9881291859322286e-48,4.552348423326569e-63,8.797068742471306e-46,9.827878376078679e-88,0.05072576464664161,0.0
0.0013948627128597174,9.37955803149466e-31,2.217307602965376e-30,9.352601957149892e-6,1.3360390233548713e-32,0.018224227536687742,1.266114983474934e-26,2.3998826733278152e-32,2.3601029584318967e-48,-8.649455555881066e-63,2.1109404640835317e-54,1.9914654163926884e-58,1.7073809992856063e-26,0.890014611906149,0.00625170603642701,0.008163823973780491,1.8614215428012316e-29,1.2494502191682082e-30,7.335555864001716e-55,5.863673795202598e-41,1.4176045400259457e-38,-2.4737540639422025e-78,8.178152475015997e-56,4.204366454545684e-79,3.098996007105453e-50,8.878966733263514e-50,2.4090344557978425e-43,-6.173490911951279e-59,2.1820192699387214e-41,5.1390091971580975e-79,0.07434745396765667,0.0
0.0015777796767343047,5.57451826133532e-28,3.321280289423551e-28,1.2903930415828143e-5,3.6864896879933894e-30,0.024697734794590195,9.294989064939854e-24,2.6528479401751285e-28,-2.953877365757222e-44,6.370680826041114e-58,5.556148304340756e-50,1.7352429372590516e-53,6.00688262766818e-24,0.8468310526954549,0.008671262734839457,0.01208238368291732,1.0205395912560331e-26,1.619404460568802e-27,3.7341506894732935e-50,2.9730074517867107e-37,1.7471202684581354e-34,4.392875046183287e-73,2.4266054611638363e-50,2.5632664958141307e-70,2.1184229356643043e-44,2.7771438369539407e-44,2.9963430437581426e-38,1.9127503847781746e-54,5.878388572376547e-37,2.5649702986203508e-70,0.10378187433084697,0.0
0.0017489809139191242,2.197608390255488e-25,3.784795032636373e-26,1.6968868851193097e-5,7.599766369370144e-28,0.03184351689187819,3.959104153861458e-21,1.5724813167894622e-24,1.0200028935936545e-76,8.69850995756714e-59,2.7213375758951585e-45,1.1825760465992793e-48,1.7524412509905124e-21,0.7965469455077624,0.011457879427234212,0.01685983391948478,3.0218868496431e-24,1.5586182044567147e-24,9.563484361726816e-45,1.0564441175896278e-33,1.4483545298669867e-30,1.1515902826462381e-67,4.510527810775997e-45,5.7882199006014036e-62,7.031646770433652e-39,4.475259770417057e-39,2.4089573461187324e-33,1.5000211482798716e-53,1.053233653733978e-32,4.648037213050922e-62,0.1382719580360887,0.0
0.0019044078129883354,5.575662188982685e-23,2.778459410956576e-24,2.137095834127338e-5,1.0266467891881915e-25,0.03929276707718753,8.423937015247521e-19,3.813615735458036e-21,2.6300908023063897e-69,1.1307541191192143e-53,1.395485678898551e-40,6.924691437185522e-44,3.905002323732271e-19,0.7410823583190358,0.014492424368511862,0.022314009149626127,4.015081503918271e-22,9.633395428010907e-22,1.30738325000273e-39,2.1721819909121543e-30,6.294713193277885e-27,-2.952009151354986e-63,3.6303006184373973e-40,2.968216924677124e-54,8.079993194621546e-34,2.9898332275867016e-34,9.85440425507693e-29,1.6545482647946083e-47,9.594931940571726e-29,2.0286602499835088e-54,0.17660887151666638,0.0
0.0020423514325330033,8.225461204340799e-21,1.2436292761811514e-22,2.5925939172986203e-5,1.2024660382973923e-23,0.04671250304598223,9.170504431897816e-17,3.725493038332056e-18,8.553523471835004e-63,3.053014885590759e-49,5.121841428951755e-36,3.271336020390926e-39,5.4530248201245884e-17,0.6825908835430228,0.01764736583357277,0.02820839493075859,2.3393153495400727e-20,3.1983619629190094e-19,5.719876964320384e-35,2.0939377653384512e-27,1.1644281892788217e-23,1.3997482565739068e-60,9.637940268272378e-36,2.1214429893607927e-47,2.4738934317633927e-29,6.188465393489739e-30,1.4895141478411935e-24,8.934528114163231e-42,3.5405516469943127e-25,1.4686712618679997e-47,0.21738416530379007,0.0
0.0021629570709063434,7.394820911930811e-19,3.448423405005746e-21,3.0471455570210862e-5,1.8869004566363575e-21,0.05384967545028807,4.481566862222024e-15,1.3217323036730822e-15,4.7680011019659626e-57,2.2472791397224578e-45,7.959517170217428e-32,7.472827600531432e-35,4.7019395080569766e-15,0.6231139315140949,0.020807851735596117,0.03430040695579054,7.815283970869788e-19,5.724653717029785e-17,8.044391382219622e-31,1.0271538406226554e-24,1.0038849995186204e-20,8.649814320689365e-55,8.390289432317085e-32,2.490036576308336e-41,2.4668317320210702e-25,4.1470107393802166e-26,8.436106246671936e-21,1.2627244268765683e-36,5.299448064706457e-22,1.87017496179423e-41,0.2592130671111895,0.0
0.0022675927947630246,4.057381307317197e-17,6.270079164274052e-20,3.4882828947470815e-5,2.424368684919173e-19,0.060542091032429704,6.437469373764311e-14,1.2276237337644447e-13,5.7759876733801495e-52,5.793449475533062e-42,4.383191780522471e-28,6.10720089347056e-31,2.4594710806944194e-13,0.5643649840821799,0.023883677936807977,0.04037693011392294,1.6949964436177066e-17,5.745484242182728e-15,3.86750094051906e-27,1.7600333747728054e-22,3.562756747769465e-18,5.783516537728679e-49,2.573606166757497e-28,1.031285536055418e-35,1.3993770191357522e-21,9.01136676452412e-23,1.9720935083229843e-17,4.936307263432411e-32,3.4165919961701157e-19,4.9528878076244825e-36,0.3008857901629629,0.0
0.002358272724306012,1.253185052776725e-15,8.147840396879463e-19,3.9076267168086275e-5,1.8103561128490473e-17,0.06670775249564259,3.887149841095742e-13,3.3079346381627626e-12,7.6702844163436885e-47,2.999383459551202e-38,5.865873889839251e-25,1.1993518194888167e-27,7.164577950346522e-12,0.5076419515792361,0.026812631015188243,0.04627259107545669,2.278103579474845e-16,2.990404952783681e-13,4.469257346351543e-24,1.4715869840944017e-20,4.368903859817198e-16,9.139790849971252e-44,2.69927044214539e-25,1.7688197341054483e-30,3.2688694146954963e-18,4.108323364977048e-20,1.3377190316567112e-14,4.1835559081450875e-28,9.029637692946902e-17,2.4527865317254594e-31,0.34144169185401424,0.0
0.002437221751235473,2.8583338996007084e-14,8.839131457692892e-18,4.300395492660109e-5,9.269393807439056e-16,0.07232488785165148,2.0196436543097343e-12,2.027062533566725e-11,2.7285948996605294e-41,5.219155071250436e-34,4.2321572548394294e-22,1.2370788122113466e-24,1.5229334326039102e-10,0.45383268408293326,0.02955797132316728,0.051873357940936886,2.4921010055676894e-15,1.0257978387455395e-11,1.978684717319783e-21,6.720034770066123e-19,3.054550784063273e-14,4.2630876392928804e-39,1.35469095499111e-22,5.865703002993149e-26,3.3255604529642137e-15,8.912900831254535e-18,4.689648545181619e-12,1.4288192695551459e-24,1.2799004722747154e-14,3.0815413187850627e-27,0.3801828385754813,0.0
0.0025065944406039847,3.4076304853863903e-13,8.221850907376305e-17,4.6645733218164655e-5,2.2400013185394312e-14,0.07741121454048723,7.552742034015498e-12,3.280347480118224e-11,7.964530768667673e-37,1.3968765985096772e-30,7.274521562539509e-20,2.9506516653354663e-22,1.6716564179724883e-9,0.4034724319392778,0.03210310215900912,0.057110895557754095,1.5575955567609722e-14,1.9589434534411916e-10,1.9284946560549488e-19,1.3257925125738274e-17,1.0477145925306358e-12,2.271832511102601e-34,1.9567593708042426e-19,2.6928946240510313e-22,9.246830777094644e-13,4.696360567841643e-16,5.641172963971307e-10,1.1293289894003397e-21,8.441885944791589e-13,1.1381485545425713e-23,0.4166499793352849,0.0
0.0025683224223844773,1.8887872182794355e-12,5.250924542052228e-16,5.00008322445108e-5,2.3099306318319475e-13,0.0820067395784757,2.051980130642114e-11,4.030990770576281e-11,8.990857059829319e-34,3.3294793499612807e-28,2.8326348007929478e-18,1.5426407280037114e-20,8.428346390356168e-9,0.35682048919397924,0.03444568540454877,0.06195282841549156,4.898732310130956e-14,2.1100809762761206e-9,5.256342880463356e-18,1.0842802064319592e-16,1.861879465802408e-11,7.4656668035908e-30,3.6358243573087646e-16,1.428032859926958e-19,7.323858740446793e-11,7.116685200370814e-15,2.083692717902388e-8,2.146634914401231e-19,2.6814483681213677e-11,7.878966931061769e-21,0.45058096573004364,0.0
0.0026240136856477084,8.917036397010288e-12,2.8767470497415264e-15,5.308366027670154e-5,1.873928492092359e-12,0.0861642160220981,5.0726454086522437e-11,4.944793156434365e-11,5.639930657537964e-31,4.976163110862752e-26,7.310139375878982e-17,5.10631150755654e-19,3.5749597258862023e-8,0.3138930276407434,0.03659438057990551,0.06639795205325548,1.4097496613483072e-13,1.5156718397222557e-8,9.117629039219327e-17,7.141852658633122e-16,2.176677948380911e-10,8.019115406943358e-26,3.269513374766302e-13,3.965227883660071e-17,3.648536594158373e-9,1.1889306787657125e-13,4.014466184686745e-7,1.9359815582808087e-17,4.983187633180908e-10,2.1342019540525997e-18,0.48189671707700316,0.0
0.0026749790244314786,4.39905340146964e-11,1.5968444930928594e-14,5.591508067968138e-5,1.482134231444414e-11,0.08993658651675843,1.1604336237332186e-10,6.146530513656343e-11,4.273199110837882e-28,8.774717727664812e-24,2.070891507163548e-15,1.7499297173520227e-17,1.5647035516714373e-7,0.2745795711075873,0.0385622832761176,0.07046048311338957,4.580878643718784e-13,8.308535811478914e-8,1.7500280909353827e-15,4.7531313168090945e-15,2.1732863327389125e-9,5.861449488834421e-22,2.1517084034909582e-10,1.17809045908754e-14,2.0017659189992862e-7,3.2251194532504357e-12,5.665208198492853e-6,1.2987961501539113e-15,6.617131157289902e-9,5.760239452280399e-16,0.5106225883257617,0.0
0.0027639021945568987,1.2085626670419086e-9,5.941694982923707e-13,6.077588448247211e-5,8.811006873179304e-10,0.09632885139483122,4.808714724750612e-10,9.337726760683603e-11,2.6572792785794523e-22,3.002353560576224e-19,1.6546856146670567e-12,2.07292675641052e-14,3.2872474425352647e-6,0.20789603328714998,0.04191849901850688,0.07733739229153552,7.269603659992984e-12,4.753646723278561e-7,8.207207920774885e-13,2.2976549394377596e-13,1.1766565014327278e-7,8.430740709981595e-15,2.979547713415304e-5,4.2297061781785733e-10,0.00027213906900563515,1.2234961776326634e-9,0.00017828162257657113,1.6764998416150823e-12,2.972951965775588e-7,1.7809725401860578e-9,0.5593525735461657,0.0
0.0028060569203549363,4.14607456811581e-9,2.4126911134085288e-12,6.30145283615864e-5,4.124001264237373e-9,0.09922743393291668,7.964467857423198e-10,1.0129858154587571e-10,3.262242992321908e-20,1.4294544594712013e-17,1.8359349380265698e-11,2.73999242984966e-13,9.58677744787175e-6,0.1780390762670611,0.04343848321562265,0.08041482148422387,2.3720828418943318e-11,8.873910475159609e-7,5.321223534040872e-12,9.78513570153503e-13,2.8512345585175636e-7,1.937289832403414e-12,0.0011642237996738435,6.921923922870916e-9,0.0013884226158160154,5.440907011839146e-9,0.0002604575139598346,2.1493455680693042e-11,8.942112321308124e-7,1.6317806510683593e-7,0.5811191955623356,0.0
0.002846375777329283,1.2382723684795253e-8,6.9524964052778906e-12,6.511650105496998e-5,1.614118232039772e-8,0.10190239714078093,1.192007364154556e-9,1.0305071619930496e-10,2.4379979354126203e-18,5.170839594429398e-16,1.7934332964506662e-10,2.866309247568094e-12,2.3959967227160746e-5,0.15092870199678388,0.04483365874912885,0.08320917933627038,7.01833606638737e-11,1.4644033730652279e-6,2.8585451833945127e-11,3.6076889573340516e-12,6.210913833966386e-7,8.428262285464638e-11,0.010578479381093991,3.4865002475629516e-8,0.0023182070798454897,1.6580648576227314e-8,0.0003341012664824315,4.3614640981587153e-10,5.677862103386595e-6,2.5504901114808185e-6,0.6008269483030342,0.0
0.002884961022384918,3.3840114145281126e-8,1.2255621138111515e-11,6.714167894501245e-5,5.572336096768599e-8,0.10438098283630705,1.6567794461198115e-9,9.922638562112208e-11,1.2745138599262937e-16,1.5514520276510996e-14,1.576942600450157e-9,2.5898989505028768e-11,5.380039406580975e-5,0.1263346979528831,0.0461156282886793,0.08574501023703801,2.1508050834496583e-10,2.681262396390311e-6,1.3681472297630622e-10,1.2368256200804742e-11,1.2660608995651804e-6,1.5872698741883042e-9,0.04825475077168702,1.3955021949309722e-7,0.003145294728317983,4.5076524538230425e-8,0.00040091037258214556,5.697585637824825e-9,3.1081302469679805e-5,1.798207619225668e-5,0.6186431462630927,0.0
0.002921343652501988,8.997326671967378e-8,1.5765519046294122e-11,6.919843555575257e-5,1.7996528304253615e-7,0.10668598328463696,2.1902546090098334e-9,8.982336456937894e-11,5.57901677198437e-15,4.2263858240458307e-13,1.3044734922262812e-8,2.2096239925454082e-10,0.00011460620363528089,0.10404809329168567,0.04729433050429428,0.08804456438904357,7.778966969405625e-10,5.7965268732554404e-6,6.191158348942846e-10,4.2139686255706946e-11,2.47231089436926e-6,2.0545280635597936e-8,0.1645585527002596,5.319471271674217e-7,0.004236937515356919,1.2041601011051686e-7,0.00047026561652879865,6.052559127526064e-8,0.00013961862908304585,8.840778836146374e-5,0.6347310937973034,0.0
0.0029382422787406506,1.4938563712954751e-7,1.8043981306597186e-11,7.033213161157978e-5,3.2391336461149126e-7,0.1077907443377328,2.4958649949030827e-9,8.317579019112257e-11,3.689005681984131e-14,2.220172569323113e-12,3.718691307634117e-8,6.474831934972258e-10,0.00016792903823147453,0.09361196777081693,0.04785305405994204,0.08912323998762407,1.6090461879778905e-9,8.991425293429923e-6,1.3247718759468333e-9,7.97363739791753e-11,3.4373539904081183e-6,6.821278257050109e-8,0.28130920317728436,1.0173371168651558e-6,0.004902542662473337,2.0090477193725186e-7,0.0005159228381007325,1.935095328041075e-7,0.00027915840844765867,0.00017701378879713222,0.6422520620492053,0.0
0.0029537861536983474,2.5491244600145867e-7,2.2027154403099144e-11,7.157197647231395e-5,5.919316492187717e-7,0.10885780960239806,2.849348501873615e-9,7.578291502551643e-11,2.49784363078825e-13,1.1912429005776208e-11,1.0563691855162269e-7,1.911553509548501e-9,0.000249883748040958,0.0837136483454549,0.048387617875776896,0.09014798907604366,3.520793666288776e-9,1.4312724014104806e-5,2.875296282825311e-9,1.553287331439792e-10,4.780139821190764e-6,2.2002104515987364e-7,0.4610168452064931,1.925679583272073e-6,0.005689915599809974,3.455988721905771e-7,0.0005784136302222673,6.190234373359883e-7,0.0005405079266683391,0.0003341196891722509,0.649382960138263,0.0
0.0029674010701247885,4.495245709350592e-7,2.98061628212163e-11,7.298038088940629e-5,1.1056436044997175e-6,0.1098891548078962,3.285739080603265e-9,6.84395177237596e-11,1.7360960333607213e-12,6.533329714300859e-11,2.9752643005918676e-7,5.65981753868456e-9,0.00037853091422939225,0.07433901491635492,0.048898364021042674,0.09112153675530674,8.045918849316785e-9,2.3124258706193388e-5,6.319711628353145e-9,3.117896826137195e-10,6.641123405443428e-6,6.966379462311004e-7,0.7267258570058057,3.6106413332797505e-6,0.006655291385738118,6.134340031452372e-7,0.0006631118529908262,1.9786094772184434e-6,0.0010145531640838581,0.0005975452968963035,0.656143389726293,0.0
0.0029782902973075694,8.119497577493335e-7,4.631010426387273e-11,7.464407978645027e-5,2.1023286800307973e-6,0.11088655254109805,3.8525065052778835e-9,6.226729213641379e-11,1.1993455195015849e-11,3.553234818182164e-10,8.131003764790645e-7,1.645029906240445e-8,0.0005772286599329417,0.06547915053192824,0.049385100600531695,0.09204683920029369,1.865906462794502e-8,3.7336389204945836e-5,1.3829047865926835e-8,6.355487118209782e-10,9.147659127417022e-6,2.144177445128941e-6,1.0964419402234515,6.628818361856742e-6,0.007831576959818143,1.0989348067724848e-6,0.0007646282226163878,6.144876952051208e-6,0.0018265731676162507,0.001012950863302749,0.6625521614482426,0.0
0.0029853935636245986,1.4500902286734801e-6,8.384791661270231e-11,7.668328928778342e-5,3.962773895432066e-6,0.11185156604196664,4.591220651424443e-9,5.897598067503232e-11,7.467869255514942e-11,1.7490508619105806e-9,2.039676402941495e-6,4.4389647621071125e-8,0.0008569709675363208,0.057130927021033145,0.04984684189647017,0.09292732664988686,4.1673117418366804e-8,5.8651856445416876e-5,2.8921724946139273e-8,1.2655182407148216e-9,1.223730039646076e-5,6.079002290155241e-6,1.5436765469657396,1.1467014079559235e-5,0.0090837115626928,1.884222847667794e-6,0.0008518709610213406,1.715851039922774e-5,0.0030454287419061483,0.0016016586561885357,0.66862720893865,0.0
0.0029873578708396274,2.401506479426394e-6,1.6766861738679978e-10,7.926448362540234e-5,7.003488911036142e-6,0.11278553010780781,5.517366042632217e-9,6.114564963026482e-11,3.5351606973231345e-10,6.653328333554259e-9,4.2780557834549e-6,1.0095965977198012e-7,0.001173404967038478,0.04929723454652293,0.05028143314241713,0.09376723849184036,8.312813800893633e-8,8.563531016092666e-5,5.439845001198954e-8,2.318494358697976e-9,1.5325171411516027e-5,1.4200542420426047e-5,1.92183807514189,1.7488890450973305e-5,0.009928148305947168,2.8839855259017802e-6,0.0008691769514853435,3.811445973415024e-5,0.004420490857854788,0.0022586538989050153,0.6743854591621976,0.0
0.002982530166934773,3.469911651297314e-6,3.288747498986892e-10,8.261877287152705e-5,1.0952820126770923e-5,0.11368952120017799,6.63899793170261e-9,7.14118635884841e-11,1.0865386909745701e-9,1.6910505384932018e-8,6.883538455186066e-6,1.7624860618298316e-7,0.001413623223361662,0.041986659519951335,0.05068502885134791,0.09457206779062538,1.3836440653555672e-7,0.00011035458706835524,8.776934031412705e-8,3.723408867611209e-9,1.734696012011835e-5,2.4245493178454126e-5,1.9889580803327611,2.2139371383626847e-5,0.009715952745222217,3.7725504759585373e-6,0.0007848637919359462,6.117976041708156e-5,0.0052693995700817476,0.0026802504419359313,0.6798426549390122,0.0
0.0029689822641244426,4.329000503478146e-6,5.890280033177953e-10,8.706932424179348e-5,1.4986454771679464e-5,0.11456432329381568,7.991002871121592e-9,9.11449495847064e-11,2.126488418375718e-9,2.818665933251504e-8,8.40415624252865e-6,2.3232553046186626e-7,0.0014888139713797337,0.035212433707919634,0.05105138920261307,0.09534913089487,1.8863219335544436e-7,0.00012313867227778765,1.2129080043475712e-7,5.219218590180097e-9,1.7685090295734154e-5,2.9246730877557322e-5,1.6708026932652165,2.2974436267946933e-5,0.00831618055256084,4.230966069279619e-6,0.0006290687213763353,7.0942945192646e-5,0.005084848025653521,0.002612158179721374,0.6850131383515883,0.0
0.00294457555881931,4.906196532280489e-6,1.0033241922891583e-9,9.30740303583999e-5,1.8836628205125693e-5,0.11541040083391643,9.634135497989666e-9,1.2050864130992474e-10,3.090437697892281e-9,3.541394363350452e-8,8.50085054815184e-6,2.5274978408481616e-7,0.0014264262988585015,0.02899055026809637,0.051370948539267526,0.09610827651709965,2.2107545343733138e-7,0.00012373252576660206,1.497412207539795e-7,6.6245345363509345e-9,1.680684137020672e-5,2.7405038789294628e-5,1.1909344038750398,2.0441529057084014e-5,0.006369252448835121,4.205025228774365e-6,0.00045965044788273153,6.538764537595697e-5,0.0041585921794126636,0.002182422344992048,0.6899096206161793,0.0
0.0029070655375837166,5.3977439437892e-6,1.7557067327240311e-9,0.00010129511879609954,2.3191348532293553e-5,0.11622789464953112,1.1671687250784737e-8,1.600132308272806e-10,4.0832413377769275e-9,4.032636079105587e-8,8.024853864540828e-6,2.564578089824021e-7,0.0013089647331889615,0.023337064573198646,0.051629579639871186,0.0968627546541249,2.411459147727689e-7,0.00011922580885626511,1.742451892371162e-7,7.97522789627119e-9,1.549414954538031e-5,2.2979707316807655e-5,0.7768653054364381,1.6644783800608546e-5,0.004556598489429578,3.849025162165523e-6,0.00031437184773025804,5.411057239260984e-5,0.003097805753897972,0.0016830535645065514,0.6945429811740088,0.0
0.0028824154213102668,5.65466562514073e-6,2.381049293765379e-9,0.0001066509033158269,2.5790721286643713e-5,0.11662773231567414,1.2897613347550592e-8,1.8435023582696278e-10,4.669048007327251e-9,4.262606704846281e-8,7.732686232726415e-6,2.5628462631372175e-7,0.0012420624075311002,0.020718104469001325,0.051728463776258886,0.09724702639485565,2.483786301264407e-7,0.00011626943228108688,1.8518855616962598e-7,8.631905109256621e-9,1.4765222853383068e-5,2.0591316535369076e-5,0.6128101148081189,1.4638949496689946e-5,0.003773814899862636,3.5836239088686833e-6,0.00025368743342998456,4.808661570494016e-5,0.002605881080774832,0.0014485776772722966,0.6967741606475039,0.0
0.0028536307209248,5.925939413549071e-6,3.2954373946610007e-9,0.00011299461809281641,2.876100861368435e-5,0.11702028516200724,1.4280487466576728e-8,2.121255269269376e-10,5.337481600676076e-9,4.490075849348869e-8,7.424474915106569e-6,2.552649499246164e-7,0.0011714869413235335,0.01824799486348548,0.051803283954896716,0.09763742685156175,2.5377771496434453e-7,0.00011294662460093862,1.948411285760162e-7,9.252920668369908e-9,1.3987227098198365e-5,1.8205013874730367e-5,0.4757015780546704,1.2644284829282846e-5,0.0030797914574335564,3.272605921638889e-6,0.0002009503064724827,4.2110693961865154e-5,0.002153587652041124,0.0012299018777296056,0.6989416480600961,0.0
0.0028204390552999943,6.211678009432827e-6,4.6678862916475605e-9,0.00012054760574752813,3.2164214628363746e-5,0.11740548079699005,1.584268728543041e-8,2.436837078684691e-10,6.095132736550515e-9,4.708834961959375e-8,7.0975591897187995e-6,2.532175607607733e-7,0.0010971291354276188,0.01592746762794408,0.051849933098964726,0.09803724481299954,2.5702754600664107e-7,0.00010918798217607064,2.026571795842501e-7,9.808745231842606e-9,1.3148814738099994e-5,1.584094630421536e-5,0.3624501863381372,1.069804475039341e-5,0.0024713961326310596,2.9242537004640007e-6,0.00015576368815967012,3.6275038418992e-5,0.0017439629778386032,0.0010276555590213988,0.7010462924629655,0.0
0.002782567963611301,6.509999005217817e-6,6.7876944879059e-9,0.00012959509703099742,3.6061940611797875e-5,0.11778321858707635,1.7609936884286773e-8,2.793295154676337e-10,6.939936140731158e-9,4.906870682709833e-8,6.745271467519851e-6,2.497783975318725e-7,0.00101862512489141,0.01375685561429369,0.051863425458683006,0.09845033201882013,2.5768048359654277e-7,0.00010488520448643662,2.079769475085071e-7,1.026190833512395e-8,1.2238535148935806e-5,1.3513625793624763e-5,0.2700799557887116,8.836776993802121e-6,0.0019445149565803423,2.5486312639156787e-6,0.00011770076603472516,3.066132381586733e-5,0.001378832111141208,0.0008420921657600584,0.7030888175615128,0.0
0.0027397318758103115,6.816932937850421e-6,1.0168306663743642e-8,0.00014051240957394694,4.051139227531692e-5,0.1181533507931798,1.96127890692388e-8,3.192857706373325e-10,7.855546320403967e-9,5.065765620839587e-8,6.3581202049660734e-6,2.444165156246558e-7,0.0009355101561106615,0.011736225295682115,0.051837625843291144,0.09888125798219435,2.5516890773821513e-7,9.990104151540005e-5,2.1004950068823144e-7,1.0567685183922628e-8,1.1247144148481784e-5,1.1239587224256394e-5,0.19583723897575908,7.096080783405674e-6,0.0014945150412326352,2.1576694157978972e-6,8.630078623398591e-5,2.5351467595706284e-5,0.0010591847887018628,0.0006733747251883975,0.7050698231204879,0.0
0.0026916095372197146,7.126546568037546e-6,1.575980133324876e-8,0.0001538058169126922,4.5560314035452106e-5,0.11851564843324021,2.1889918103358497e-8,3.636608360399119e-10,8.804363278692943e-9,5.16090040199577e-8,5.925287038150386e-6,2.3647164688018946e-7,0.000847402060384075,0.009865634355896446,0.051764835655168186,0.09933554504203398,2.488561656504349e-7,9.408501799882586e-5,2.0809143656323363e-7,1.0676836656024062e-8,1.0170204457353076e-5,9.043506606905988e-6,0.1372246008402866,5.50955844501777e-6,0.001116520366192807,1.7650685311711465e-6,6.105508170751192e-5,2.0432919987616612e-5,0.0007853570145738943,0.0005217715825664378,0.7069897788812572,0.0
0.0026378075767098754,7.431753441472802e-6,2.5405509074691645e-8,0.00017017844329563923,5.12440787864843e-5,0.11886974173044858,2.449546019785218e-8,4.1247689091446684e-10,9.721732065019913e-9,5.163842128244344e-8,5.437172384631707e-6,2.252487437564336e-7,0.0007542487082979281,0.008145574143063486,0.05163514418637248,0.09982002981692685,2.3816415528716447e-7,8.730353949184699e-5,2.0140818306568516e-7,1.0541996912780859e-8,9.011341678187388e-6,6.963415054601502e-6,0.0920045137919278,4.107542857992341e-6,0.00080558999440971,1.3859657017748744e-6,4.139345936166864e-5,1.5998738406942834e-5,0.0005571153410575368,0.0003878227347553995,0.7088490031309056,0.0
0.0025778066288036664,7.726566103917583e-6,4.286663330076789e-8,0.0001906398632470982,5.759334954532336e-5,0.11921502926170721,2.7514926159578415e-8,4.658825703202667e-10,1.0516824804097217e-8,5.048448713479288e-8,4.889417828575952e-6,2.1020143580367154e-7,0.0006566476332764411,0.00657761673115454,0.051435400061788025,0.10034341132713279,2.2281047623762517e-7,7.949125559691424e-5,1.896009985988377e-7,1.0129296800751473e-8,7.786205053680568e-6,5.053978467725942e-6,0.05818506868126494,2.9154004015298205e-6,0.0005567588422237334,1.03616843885534e-6,2.6675698068141114e-5,1.2138832693570243e-5,0.0003736190484807156,0.00027246910131904366,0.7106476150543403,0.0
0.0025108899161565097,8.01163168817125e-6,7.614442192043235e-8,0.0002166934218799601,6.467590914341077e-5,0.11955058164608766,3.1099387228409264e-8,5.248518272749709e-10,1.10915224286253e-8,4.8023390810562817e-8,4.2887082719836815e-6,1.9123765226304387e-7,0.0005562327470688037,0.005165150533415288,0.05114758260639259,0.10091704808930214,2.031819376230953e-7,7.072839700654766e-5,1.7287535630456958e-7,9.436510614736633e-9,6.526848303558373e-6,3.386572850498406e-6,0.03399780598942544,1.9510656706112296e-6,0.00036488408963556015,7.307463897062406e-7,1.619211281034402e-5,8.918178166412032e-6,0.00023325537583753042,0.0001771291165086789,0.7123854482250959,0.0
0.002474368195142421,8.154576070162625e-6,1.0354322895419323e-7,0.00023275295457745993,6.85501333069873e-5,0.11971469592872842,3.322058047571213e-8,5.576157580404942e-10,1.1271313261188859e-8,4.6327442500162914e-8,3.9741871519859155e-6,1.8043316432710408e-7,0.0005057498871461503,0.004518062525033292,0.05096029114814777,0.10122944962924625,1.921486949972185e-7,6.606809389724223e-5,1.629533463938403e-7,8.998221166284998e-9,5.899075095770777e-6,2.667606902128938e-6,0.025002851125890797,1.5562768703023742e-6,0.0002884559519502206,5.984070486175374e-7,1.2296536177446347e-5,7.550093380448054e-6,0.00017837850802000335,0.00013745780296726086,0.7132333434865784,0.0
0.002435691813737391,8.305809024366582e-6,1.4232231578483704e-7,0.00025122806412315545,7.272885657811806e-5,0.1198757975418491,3.561740501020566e-8,5.936480289341144e-10,1.1387954266766935e-8,4.4422301607078697e-8,3.658427351913013e-6,1.6907990095050505e-7,0.0004559218656963173,0.003912857726642572,0.050740135938958285,0.10156073811068501,1.8077447135868533e-7,6.13207896066773e-5,1.5238001329876447e-7,8.517311893161145e-9,5.284801270045428e-6,2.0414467298520843e-6,0.01784643647374944,1.2204877370059893e-6,0.00022415462302920265,4.81552226792946e-7,9.173121114528183e-6,6.339388767958659e-6,0.00013324065375585025,0.00010354434989502843,0.7140655866930183,0.0
0.0023946665622386334,8.475473794508232e-6,1.968746064695799e-7,0.000272656030236457,7.732706731734369e-5,0.12003362477226451,3.8376154633633096e-8,6.346349381274756e-10,1.1461655458951999e-8,4.2417350265778426e-8,3.348498164899633e-6,1.5749724964259006e-7,0.0004074024263464178,0.0033508857282539095,0.05048200107281777,0.10191366160311457,1.6949416781917125e-7,5.657113692688206e-5,1.4152158280482708e-7,8.013381689314198e-9,4.693807442545799e-6,1.51616696827098e-6,0.012336553203021374,9.41723645479161e-7,0.00017106809985402365,3.80736504619629e-7,6.720475703353832e-6,5.273179332448146e-6,9.720316869250189e-5,7.554243020097569e-5,0.7148819994962832,0.0
0.0023510724215838044,8.678571918666353e-6,2.722527878819388e-7,0.0002977293508588131,8.252658941510497e-5,0.12018792157118248,4.161722967797101e-8,6.832249898725269e-10,1.1528780597224774e-8,4.045322906091483e-8,3.0522030596532826e-6,1.4606427461145148e-7,0.0003608668850722521,0.002833545040480293,0.050179730676963415,0.10229133530356693,1.5877950534009016e-7,5.190506992236602e-5,1.3079361281284534e-7,7.509501399687277e-9,4.135821467121248e-6,1.0947183230219318e-6,0.008259997453102281,7.162075349549925e-7,0.00012814303400371962,2.9586400455155617e-7,4.836673814846329e-6,4.336179747883694e-6,6.939282897707788e-5,5.338437159542741e-5,0.7156823557628592,0.0
0.002304664295604752,8.93565788083513e-6,3.7370118955225404e-7,0.0003273467855293798,8.859729358267295e-5,0.12033845250659449,4.550614759285336e-8,7.434131368858397e-10,1.1642700553242518e-8,3.8692810130876364e-8,2.7771216964488364e-6,1.3517622954381384e-7,0.0003169351183564128,0.0023621915066248896,0.04982594404719646,0.10269722926473147,1.4908072822888032e-7,4.739740596384278e-5,1.2061288995076144e-7,7.029637170131056e-9,3.61933059570506e-6,7.722588200560188e-7,0.00537246577503144,5.383326150934692e-7,9.419141757605699e-5,2.2615751249756617e-7,3.4220046754475486e-6,3.5163455542984584e-6,4.867005270900602e-5,3.664949151654413e-5,0.7164663820580487,0.0
0.002255175614725155,9.274890420117314e-6,5.071619651740173e-7,0.00036268115399224285,9.593599198625895e-5,0.12048503015646672,5.027173360591422e-8,8.212692353660554e-10,1.1879652751033556e-8,3.732583614038489e-8,2.5302390928527486e-6,1.252268783352345e-7,0.0002761319211695178,0.0019379879784963672,0.04941186038689993,0.10313510887615678,1.408348589610689e-7,4.3114038032766777e-5,1.1137641509627305e-7,6.597493605540749e-9,3.150887866691621e-6,5.360200935694632e-7,0.003409576937081304,4.0125391655045187e-7,6.794457956349827e-5,1.7028929990373778e-7,2.383131824280846e-6,2.8088986957336884e-6,3.3707168469258605e-5,2.4553138117233132e-5,0.7172337634815674,0.0
0.002202325545343237,9.738776695104427e-6,6.823489688054753e-7,0.00040526860014758833,0.0001051639064217457,0.12062754334008853,5.624275250714617e-8,9.266825368941462e-10,1.2363260465362156e-8,3.661343933351729e-8,2.3190783166482077e-6,1.1666672753217989e-7,0.00023892430149924647,0.0015617107957493367,0.048927168169022796,0.10360890417323668,1.3461276030897252e-7,3.913547763474296e-5,1.0351671784300967e-7,6.239794701427948e-9,2.7355545965645087e-6,3.6876124158677115e-7,0.0021193971644889245,2.9795067279178246e-7,4.81388315840211e-5,1.2663413403088118e-7,1.637312301239729e-6,2.214819499701353e-6,2.3174011217922437e-5,1.6114895213757702e-5,0.7179841575387191,0.0
0.0021458303867707453,1.0399323087484443e-5,9.198597699284696e-7,0.00045712442918426706,0.00011734344837501301,0.12076597898991692,6.391832730200924e-8,1.077444228297873e-9,1.3326541680368137e-8,3.6993819602957345e-8,2.154155654491675e-6,1.1013631988258925e-7,0.00020578637884784235,0.0012335355469067818,0.048359993935972394,0.10412248410092301,1.314040467329258e-7,3.558681043683197e-5,9.763256529111228e-8,5.99441165755181e-9,2.3779522850232248e-6,2.5331947617598766e-7,0.0012930049456590618,2.221013420059435e-7,3.3584322254423086e-5,9.348764578900603e-8,1.1145526736785454e-6,1.7353790298170082e-6,1.591079992922116e-5,1.0384155745928457e-5,0.7187172169258803,0.0
0.002116084300564262,1.0841694186335953e-5,1.0751579381438232e-6,0.00048756783726941477,0.00012510790207784453,0.1208337761645885,6.866474107076713e-8,1.1801087265215915e-9,1.4124742747612534e-8,3.783378684710705e-8,2.0940227035376547e-6,1.0793573633648123e-7,0.00019088942542864535,0.0010871603686624768,0.04804001286784251,0.10439587539985237,1.3147832427661403e-7,3.403114832178819e-5,9.57172986173974e-8,5.932726748956632e-9,2.222331477844842e-6,2.10360031195757e-7,0.0010027834617819687,1.9277033203826017e-7,2.7928987109809007e-5,8.03219461271591e-8,9.183475403526243e-7,1.537938991244981e-6,1.3206661523588685e-5,8.278111415765002e-6,0.7190774710901231,0.0
0.002085329226225094,1.1389542150810589e-5,1.2669197858347778e-6,0.0005214063499734178,0.0001344508293315246,0.12090055242272006,7.417529194391849e-8,1.3097538029773249e-9,1.526039838227948e-8,3.931102903175118e-8,2.0524842318069136e-6,1.0667177290017794e-7,0.0001771957402151889,0.0009525384705021434,0.047694230571242745,0.10468047369963691,1.3311556958838038e-7,3.266022326114139e-5,9.469904308677751e-8,5.925200443450257e-9,2.0829503247432363e-6,1.7526501082563998e-7,0.0007742492918676429,1.684083596931302e-7,2.3189506861086534e-5,6.915981468251979e-8,7.572805924624733e-7,1.3676229078631933e-6,1.0994079992101637e-5,6.570718184249042e-6,0.7194332466519108,0.0
0.0020535395978146047,1.2076760410528773e-5,1.5103870767398607e-6,0.0005591033419672326,0.00014588953869957422,0.12096628095780727,8.063174912740195e-8,1.477247457871101e-9,1.6890029285427773e-8,4.1663317480779414e-8,2.0331419604111983e-6,1.0656848347387685e-7,0.00016474771466370452,0.0008294380964271262,0.04732084091669958,0.10497655187584728,1.368134345139096e-7,3.150752970208766e-5,9.47930664498567e-8,5.98606518122962e-9,1.9602127412534096e-6,1.467437498155948e-7,0.0005951094244842517,1.4849346480413297e-7,1.9245867453705427e-5,5.979251791472759e-8,6.258093350209569e-7,1.2230307277953309e-6,9.191133286473239e-6,5.192738220122001e-6,0.7197845222181656,0.0
0.002020694780783506,1.294923659749753e-5,1.828945206032886e-6,0.0006011859554855334,0.00016013699393629418,0.12103091840154478,8.826605916557197e-8,1.6990591928518969e-9,1.9255178807271953e-8,4.52351710505307e-8,2.040355422467816e-6,1.0790306743818399e-7,0.00015356201409405992,0.0007175609144445398,0.04691803119797913,0.1052842838039976,1.432602682262072e-7,3.060875801906652e-5,9.627114523992678e-8,6.133480028910434e-9,1.8542142379974146e-6,1.2367030818780732e-7,0.000455249651728229,1.32544950788361e-7,1.5984185861477323e-5,5.200966754141387e-8,5.189333279819247e-7,1.1022862390581196e-6,7.725928715017165e-6,4.084892556640195e-6,0.7201312859827752,0.0
0.0019867806152484083,1.4068735918088287e-5,2.258956064212433e-6,0.0006482519039614045,0.00017817363086810984,0.12109439173532038,9.737053263187267e-8,2.000619525368724e-9,2.2734671112295015e-8,5.0529125457635615e-8,2.079172760857531e-6,1.1100859672264579e-7,0.00014361218241981666,0.0006165428481207916,0.04648402337440394,0.10560371906682399,1.5340987533136428e-7,2.9999032895646143e-5,9.946927677360122e-8,6.390142199219358e-9,1.7644847636629448e-6,1.0504969343956618e-7,0.0003463816863952817,1.2010667275898068e-7,1.3296335879718762e-5,4.5595447564776554e-8,4.3212204594139945e-7,1.0029331247918876e-6,6.5345902915445275e-6,3.196572641064788e-6,0.7204735386206667,0.0
0.0019517911796651927,1.5517761648005184e-5,2.8577859720844686e-6,0.0007009760890940561,0.00020134193358110653,0.1211565829761866,1.0830545192995257e-7,2.4219242394650798e-9,2.792951542547429e-8,5.827813202890943e-8,2.154987118901976e-6,1.1626505512524301e-7,0.00013480592024782054,0.0005259560549951816,0.046017124096864676,0.10593475622178844,1.6857994528058515e-7,2.9707885201353043e-5,1.047873915018231e-7,6.783398486372208e-9,1.6896247888107224e-6,8.998417266600838e-8,0.00026175093594805955,1.1071987984542966e-7,1.1079651012625362e-5,4.032301246318125e-8,3.612478263140986e-7,9.217478515533689e-7,5.5594767079846735e-6,2.4847713493639447e-6,0.7208112961538324,0.0
0.0019157305711550731,1.7405738277852965e-5,3.7173571644476165e-6,0.0007601167474069356,0.00023147204706677329,0.12121731487204672,1.215004496937289e-7,3.027053486475402e-9,3.5797073440234376e-8,6.954079808900558e-8,2.272696465030613e-6,1.240673714922282e-7,0.0001269598567954535,0.00044531338174316813,0.045515785121409275,0.10627711581958149,1.9057264915651058e-7,2.9751058628601323e-5,1.1267140700480267e-7,7.344211677411203e-9,1.6268636749820733e-6,7.764451714333433e-8,0.00019591118958614583,1.0388121197156016e-7,9.237144099348247e-6,3.5947964182097565e-8,3.025453298008797e-7,8.544883428416801e-7,4.74801912625588e-6,1.9133656395305558e-6,0.7211445924907809,0.0
0.0018786149142312552,1.9877492174044642e-5,4.987551700057419e-6,0.0008265205679596365,0.00027105679255988387,0.121276333879929,1.3744608257278843e-7,3.920730219257158e-9,4.7852471545472e-8,8.581118816624696e-8,2.435080197463067e-6,1.3475484797824525e-7,0.0001197780974804582,0.0003740737062061942,0.04497867208673298,0.10663031313956407,2.2180459241731283e-7,3.0118383466770546e-5,1.2356331733686955e-7,8.10400817045195e-9,1.5716283848332782e-6,6.725277886022963e-8,0.0001445570029150851,9.898326343347113e-8,7.678803709487367e-6,3.220341630144964e-8,2.526268569567214e-7,7.956720058434002e-7,4.052689856067116e-6,1.4527545141511488e-6,0.7214734819332894,0.0
0.0018404742516616788,2.3125797345615927e-5,6.917639438004433e-6,0.0009011262071403857,0.0003235089052336793,0.121333295460573,1.5667336917959905e-7,5.27782842123775e-9,6.64404454544494e-8,1.091064315641772e-7,2.640049050831051e-6,1.484807691402696e-7,0.00011284380927560058,0.00031164984770956655,0.04440474206303614,0.10699363304284523,2.6540101883035955e-7,3.0757054573522436e-5,1.3779770832944867e-7,9.087927665767418e-9,1.5172727535439618e-6,5.808564181331428e-8,0.00010439499671720288,9.524139143890921e-8,6.324647994879333e-6,2.8801527459861026e-8,2.085877628848088e-7,7.385838941050776e-7,3.4326098696894447e-6,1.0797479966582912e-6,0.721798041085023,0.0
0.0018013544860779964,2.7409481457558555e-5,9.930658426621957e-6,0.0009849655876641528,0.00039353546265670817,0.12138774885957512,1.7971938719653525e-7,7.396587330069523e-9,9.500806003511722e-8,1.4191807722262713e-7,2.8763257127070684e-6,1.6498828702096322e-7,0.0001056319583086771,0.00025741674085237777,0.04379332484889444,0.10736610744280316,3.2511114251088373e-7,3.15487625990178e-5,1.55405242135211e-7,1.0301785756301635e-8,1.4551247617599404e-6,4.950641898820071e-8,7.302335261003103e-5,9.162082217875798e-8,5.109860258353946e-6,2.5448021943217017e-8,1.6821617233984036e-7,6.757874590186788e-7,2.8567777583618282e-6,7.774448266792708e-7,0.722118370439613,0.0
0.0017613188975825885,3.3071622464009646e-5,1.475273193427485e-5,0.0010791621170556703,0.0004875673997202356,0.12143912721463915,2.070700608220546e-7,1.0791161541317138e-8,1.3804483601054043e-7,1.8670693265100112e-7,3.117077853193222e-6,1.832342905221609e-7,9.755341926048204e-5,0.00021072191812838815,0.043144206173724886,0.10774649881316392,4.046132766583251e-7,3.227834308268174e-5,1.7574336963884988e-7,1.1707344656756138e-8,1.375065532106946e-6,4.103414414879079e-8,4.879433720994677e-5,8.680637520061475e-8,3.992200750058851e-6,2.187972824552242e-8,1.3029699127199643e-7,6.004457905804018e-7,2.308183554079064e-6,5.348285706919029e-7,0.7224345949366062,0.0
0.0017204493743350436,4.05248760241209e-5,2.2602897777719176e-5,0.001184925452940537,0.0006137485039317207,0.12148674068233906,2.3905599835432305e-7,1.632631326835721e-8,1.9961363425546662e-7,2.441887528866597e-7,3.312290310879946e-6,2.008144799242946e-7,8.805953322506175e-5,0.00017089545966479205,0.042457704250112256,0.10813329035937155,5.051190926589807e-7,3.259880755983346e-5,1.9684160576236688e-7,1.3178098753997304e-8,1.2671907560604905e-6,3.245889983905569e-8,3.0637933474858594e-5,7.933324082066076e-8,2.9612596291582612e-6,1.7940954565367923e-8,9.494608558911091e-8,5.087463905377153e-7,1.7872883156612669e-6,3.4578322029615575e-7,0.7227468638467933,0.0
0.0016788467948740027,5.0102304783281454e-5,3.530975394179948e-5,0.0013035418421820457,0.0007798064414767073,0.12152977821512782,2.756743329026823e-7,2.5293776388501683e-8,2.782638582639129e-7,3.09418768593336e-7,3.387429681548975e-6,2.1343741768285706e-7,7.68777432250175e-5,0.00013726173822792225,0.041734735191023394,0.1085246868440036,6.196118444114191e-7,3.2037774174723906e-5,2.145702530188477e-7,1.4441948097702773e-8,1.1258343797797383e-6,2.3992477540338858e-8,1.7816084713326828e-5,6.813665936849053e-8,2.045531001182317e-6,1.3708571110047688e-8,6.374126928721642e-8,4.0337577844564043e-7,1.3123882663759246e-6,2.0705995126381345e-7,0.723055349260369,0.0
0.001636630727389365,6.164909136833842e-5,5.4840751597697264e-5,0.0014363604046017926,0.000986400483523249,0.12156731560230465,3.164120034608169e-7,3.9054781884963494e-8,3.5848613621467027e-7,3.6746672197343606e-7,3.269905009245852e-6,2.1567921175028075e-7,6.438779366045804e-5,0.00010914980021546272,0.040976856695876966,0.1089186259246364,7.255760587692317e-7,3.0168688272085487e-5,2.2283571421630857e-7,1.508966677813395e-8,9.562412631057323e-7,1.6313971324931845e-8,9.574714612973476e-6,5.364590582565197e-8,1.3015746559113315e-6,9.586970754825317e-9,3.902787744678716e-8,2.9582299019504967e-7,9.12067913844893e-7,1.1459317171360818e-7,0.7233602437137466,0.0
0.0015939379171258645,7.413351215589029e-5,8.181419899626298e-5,0.001584774606076961,0.001219697709960606,0.1215983336971378,3.6036945622903874e-7,5.795842927650227e-8,4.1163400298376386e-7,3.9798924651927423e-7,2.9496823107676976e-6,2.0442084018477203e-7,5.174408411448763e-5,8.590483867446199e-5,0.04018628461021657,0.10931280347215297,7.897276318940609e-7,2.697328551103547e-5,2.1690023463041538e-7,1.4791776467765504e-8,7.771756145210188e-7,1.0214140602210759e-8,4.847309908988614e-6,3.834418642631928e-8,7.69517060120904e-7,6.138760270360114e-9,2.20757721093012e-8,2.0189996245099358e-7,6.068856651286133e-7,5.974113341028e-8,0.7236617563978123,0.0
0.0015509198674237498,8.605528273830535e-5,0.00011448141813344099,0.0017502005193112812,0.001456290398836042,0.12162174369411881,4.0679099015740614e-7,8.065707861826916e-8,4.180449040381261e-7,3.9127842472795594e-7,2.501762454575193e-6,1.8189912979420196e-7,4.0243245621545795e-5,6.68975301186324e-5,0.039365874292615406,0.10970471067619747,7.919978777946767e-7,2.2963489023115967e-5,1.975573995763316e-7,1.3581827703148883e-8,6.1055197742358e-7,5.992059757246902e-9,2.381569194493244e-6,2.5170459737054005e-8,4.328412689930474e-7,3.6696552215155786e-9,1.1878388183980107e-8,1.311622672381038e-7,3.941793808524342e-7,3.0225968836726686e-8,0.7239601086803266,0.0
0.0015077391820772499,9.635088202375713e-5,0.0001499242893615821,0.0019340515510094937,0.001677678231000942,0.12163642034722727,4.554289247179612e-7,1.0504020736782603e-7,3.82492911646172e-7,3.545474732790765e-7,2.0249176391476468e-6,1.5367731510517186e-7,3.0591725869342056e-5,5.153363826388512e-5,0.03851906455312125,0.11009168452637413,7.39053085028133e-7,1.8801600128822886e-5,1.701325643699646e-7,1.1801760390704553e-8,4.688991273440983e-7,3.3596444873770112e-9,1.1593700872312689e-6,1.549204088333976e-8,2.36583003115705e-7,2.0946828289982678e-9,6.233286488467033e-9,8.307930489201847e-8,2.538898813671167e-7,1.515389654299829e-8,0.7242555287048934,0.0
0.0014645651948624397,0.00010467579708287737,0.00018576274732203546,0.0021377124843163244,0.00187608092843092,0.12164123934649913,5.064484043593652e-7,1.2946342974975523e-7,3.2334435242611845e-7,3.020293590020746e-7,1.5851982062586304e-6,1.2479331557098412e-7,2.287728879070774e-5,3.926086890364017e-5,0.03764978455939134,0.11047096665741016,6.520972437944834e-7,1.4946943331180096e-5,1.4030025379319794e-7,9.827603824240806e-9,3.545797827384702e-7,1.8236370867364627e-9,5.631197731037717e-7,9.09319764290503e-9,1.2700394468871823e-7,1.1586071107148902e-9,3.228243431322021e-9,5.214879342288389e-8,1.6353251527031924e-7,7.581617574472527e-9,0.7245482458451143,0.0
0.0014215688446162823,0.00011113614178002472,0.00022067043946971077,0.0023625127315388583,0.0020510850641282242,0.12163511660405475,5.602030773538231e-7,1.5306887439662426e-7,2.5780342711287723e-7,2.457548062970737e-7,1.2108403768840642e-6,9.829914641064856e-8,1.6883573394957025e-5,2.9575196281712913e-5,0.03676232818623426,0.11083976973141385,5.51840574575276e-7,1.1612992967052173e-5,1.1190367911743078e-7,7.920576259137315e-9,2.64903377637604e-7,9.64308683126962e-10,2.726605045501656e-7,5.143005640311333e-9,6.716947289607266e-8,6.253338230747303e-10,1.654884119905435e-9,3.272963870279059e-8,1.0567900924760984e-7,3.782119028289693e-9,0.7248384851077347,0.0
0.0013789174676307916,0.0001160091538725905,0.0002541383335701607,0.0026097022119232075,0.002205458259082374,0.12161704642561658,6.170913386507352e-7,1.7557595064290376e-7,1.9664287765423681e-7,1.9307364044185417e-7,9.070160988536627e-7,7.555845482566056e-8,1.2311812606108766e-5,2.2024152952812384e-5,0.035861207017633914,0.11119534442416328,4.5269330741675635e-7,8.852714197126404e-6,8.691171331038462e-8,6.219761617329116e-9,1.9575671310543145e-7,4.979426991108484e-10,1.3114367825831053e-7,2.818614195323509e-9,3.4983985859344435e-8,3.301800565129323e-10,8.387945612062501e-10,2.0629940498567303e-8,6.856049448029431e-8,1.8746269134007573e-9,0.7251264619910908,0.0
0.0013367696799088582,0.00011959716282791374,0.0002861326488612697,0.0028804293683987073,0.002342797200703489,0.12158613453797189,6.77485851806795e-7,1.9702141662067395e-7,1.4484304467293485e-7,1.4747998887680756e-7,6.681330201618625e-7,5.688706286240812e-8,8.873735830681239e-6,1.620907235055286e-5,0.03495099190544475,0.11153504485166243,3.627901817464652e-7,6.636225264496127e-6,6.601424284320425e-8,4.7790940955348455e-9,1.4310763215714192e-7,2.512340465927091e-10,6.241345741565468e-8,1.5009650799076904e-9,1.7913442700572118e-8,1.7061804317108028e-10,4.1936626244708e-10,1.3081553697612544e-8,4.46224449839217e-8,9.196258926367582e-10,0.7254123781105036,0.0
0.0012952709195495603,0.00012217106087673114,0.0003168505572870786,0.0031757243295945535,0.0024665319381492927,0.12154162572827212,7.417010822781269e-7,2.1758445572394676e-7,1.036437280728712e-7,1.1000059250568023e-7,4.846136366073132e-7,4.204191038147059e-8,6.319800495139534e-6,1.178449361091107e-5,0.034036160194447586,0.11185638614991451,2.856911401762572e-7,4.897264101623073e-6,4.9163700752440026e-8,3.6021788118768223e-9,1.034500063137652e-7,1.2379418159651677e-10,2.9281323966028063e-8,7.773715690308317e-10,8.997621486039094e-9,8.621524340646906e-11,2.06225905824072e-10,8.343300773687117e-9,2.9089678778830477e-8,4.448525562527149e-10,0.7256964175119389,0.0
0.0012545498310471861,0.0001239543302618376,0.0003465732331076603,0.003496485983330747,0.0025795765089154806,0.12148292216572187,8.099787171417808e-7,2.3748702975743964e-7,7.230032071959846e-8,8.029814674232641e-8,3.461736217427418e-7,3.05265001113412e-8,4.4438250633703276e-6,8.456457897038329e-6,0.033120957273271565,0.11215709277611359,2.2207973079773046e-7,3.558174928810765e-6,3.594267849548035e-8,2.666341362467846e-9,7.387286289985931e-8,5.948169936572005e-11,1.3490058225878305e-8,3.913137350209567e-10,4.420295696584086e-9,4.252030101836633e-11,9.94102248729971e-11,5.342359468857452e-9,1.8949320995734878e-8,2.1139433687150106e-10,0.725978744071561,0.0
0.0012147156839078823,0.00012512373713736885,0.00037558714064325256,0.0038434752272044244,0.0026842647222989563,0.12140959637188688,8.824831687249127e-7,2.5694367204323664e-7,4.92283980447996e-8,5.738495800254683e-8,2.4324506825028655e-7,2.1763186451411748e-8,3.0794205533377303e-6,5.978624407337303e-6,0.03220928575636972,0.11243513463044423,1.7101555824481424e-7,2.5423083318447286e-6,2.578366142560827e-8,1.9372214002463403e-9,5.200634908338193e-8,2.7773660140877997e-11,6.071994277236272e-9,1.9087525842727503e-10,2.1141929317222328e-9,2.0387282315342964e-11,4.674035922028991e-11,3.4217448061855504e-9,1.2290493407796384e-8,9.819662759285452e-11,0.7262594991854237,0.0
0.0011379580399837176,0.00012606031518320947,0.0004320419589862681,0.004617745022398524,0.0028738454981472555,0.12121842578402334,1.0403766932794225e-6,2.94965533360853e-7,2.2123047808131736e-8,2.8599212103822762e-8,1.184729131655824e-7,1.0865619536887086e-8,1.4646925205683008e-6,2.9574655569544787e-6,0.030406893687895918,0.1129182069937349,1.0325188326752603e-7,1.279183498144568e-6,1.3013522461872582e-8,1.0038024814406635e-9,2.5547501746779045e-8,5.958444495087664e-12,1.2253560451071758e-9,4.431795538669521e-11,4.768881916066413e-10,4.609230587098649e-12,1.0236437279564997e-11,1.4462409709068258e-9,5.259958884595794e-9,2.115826411467497e-11,0.7268166659838353,0.0
0.0010655603808106073,0.00012578740486793668,0.0004879180802468339,0.005502247084500483,0.0030458656708347515,0.12096738722256982,1.2154180156142953e-6,3.328572468873746e-7,9.371719942730716e-9,1.3509876364614547e-8,5.5234900855000774e-8,5.174088386055312e-9,6.694269246589024e-7,1.404514423900143e-6,0.028653945851256815,0.11329329460302331,6.450601731369786e-8,6.155713751883118e-7,6.2550897757688525e-9,4.95705882236299e-10,1.2060432700641792e-8,1.1906943139194988e-12,2.328953757346062e-10,9.449820279987766e-12,9.966865632198028e-11,9.64211679054208e-13,2.087684679679452e-12,6.064765382793105e-10,2.211660074817949e-9,4.323507775119207e-12,0.7273688156704657,0.0
0.0009976978017862427,0.00012469454065873237,0.0005436894505374786,0.006497993756902372,0.0032043862273617094,0.12065809534018242,1.406696449985702e-6,3.7100473535353704e-7,3.7734625545300525e-9,6.084981643781478e-9,2.4733520002587716e-8,2.360411656786312e-9,2.9471979694867614e-7,6.419172807882669e-7,0.02696470383794464,0.11355389514332138,4.32865696416684e-8,2.843091410627304e-7,2.876760398592747e-9,2.343352536490562e-10,5.482409160895225e-9,2.2530361262418183e-13,4.2254082060943275e-11,1.8613087617483004e-12,1.9360324251925463e-11,1.8744350685323152e-13,3.974947752906882e-13,2.4934315233523717e-10,9.079016702103128e-10,8.564039071272166e-13,0.7279164166105326,0.0
0.0009343277450983402,0.00012299830588277696,0.0005992753610141175,0.007604097708556734,0.0033508616636536387,0.12029356778847713,1.6127247166488003e-6,4.0943671465527627e-7,1.4529188360004126e-9,2.625092929077827e-9,1.0671497202318615e-8,1.0354619566789469e-9,1.253310497633884e-7,2.830971037860475e-7,0.02534736491207657,0.11369711582296096,3.183002492777177e-8,1.2645566822571897e-7,1.270825829055368e-9,1.0643896452404784e-10,2.4059183246208107e-9,4.156672074720606e-14,7.522040353045744e-12,3.40694714054665e-13,3.511219323938298e-12,3.4039274508644856e-14,7.096287069283033e-14,9.983959609644149e-11,3.6279673523752007e-10,1.7152868999406226e-13,0.7284597080045025,0.0
0.0008752638335701331,0.00012082574857345563,0.0006542667826594376,0.00881809378870918,0.0034854543800029686,0.1198776107633913,1.8316640647986092e-6,4.4798351235125583e-7,5.374763045151965e-10,1.0887016038054972e-9,4.449517679587957e-9,4.3818859314691144e-10,5.1620159131230824e-8,1.2078928762388732e-7,0.02380568387712516,0.11372294942087141,2.5485496575793644e-8,5.4343365095774716e-8,5.410206626118632e-10,4.660266048928597e-11,1.0219914452748916e-9,7.850255183743856e-15,1.3777003408790375e-12,5.828624980595698e-14,5.974965332756342e-13,5.804760798786231e-15,1.1936457617136644e-14,3.883202738133271e-11,1.410327282433615e-10,3.697393717961238e-14,0.7289987618415534,0.0
0.0008202376765037291,0.00011825969503870365,0.000708099964403319,0.0101362990021591,0.0036078058623229448,0.1194143382824693,2.0614991744010263e-6,4.86390746444082e-7,1.9153455274403e-10,4.3493446666447584e-10,1.7956516484749275e-9,1.7918129519331927e-10,2.0619907854606278e-8,4.992677987549749e-8,0.02234044875805648,0.11363357107860035,2.1694627930020415e-8,2.261546898311083e-8,2.2235816039917016e-10,1.970248773392449e-11,4.2082338003278775e-10,1.6160123916091163e-15,2.76197910540078e-13,9.350028230733378e-15,9.564377314743258e-14,9.320953006570649e-16,1.896554526466529e-15,1.4651718008194897e-11,5.3313296297864027e-11,9.065561394546171e-15,0.7295335309026085,0.0
0.0007689435908883587,0.0001153613686760254,0.0007601692918243662,0.011554175995150491,0.00371744013408481,0.11890784309695893,2.3001644316160393e-6,5.243884614120808e-7,6.532960541109741e-11,1.6623368880216606e-10,6.963726269680423e-10,7.029842611758765e-11,7.930263946314786e-9,1.9846135648192404e-8,0.02095060162272598,0.1134327252114292,1.9141924446461623e-8,9.064933368505911e-9,8.761202294032703e-11,7.987172610119095e-12,1.6677259876295745e-10,3.758463859428171e-16,6.283062496089973e-14,1.3870894359797182e-15,1.4192666234459395e-14,1.3888956886168168e-16,2.804949024821127e-16,5.317379922342279e-12,1.9438233257123265e-11,2.5207215913957685e-15,0.730063882558372,0.0
0.0007210660240979144,0.00011218053985165469,0.0008098914902222611,0.013066683023893232,0.0038139470763944696,0.1183620204405049,2.545630560675831e-6,5.617269939087064e-7,1.9942235371036244e-11,5.68225923175284e-11,2.425429376119731e-10,2.4731850006682666e-11,2.7440103300392174e-9,7.0897986166945574e-9,0.019633996956982626,0.1131252279975651,1.7185136439830677e-8,3.2895917979331823e-9,3.093376709686724e-11,2.9021478427714957e-12,5.945074318964607e-11,9.092987834862884e-17,1.4944543772022006e-14,1.665326623015406e-16,1.7050395549872154e-15,1.6770955192235992e-17,3.371915780025601e-17,1.7337133759976574e-12,6.3851556817380406e-12,7.082577450625007e-16,0.7305896141060847,0.0
0.0006345091240907834,0.00010519565968649788,0.0009008200145135118,0.016360911423229103,0.003967878942906555,0.11716288658804341,3.0506841533419454e-6,6.339126433667613e-7,2.4584176106457565e-12,8.761720082725354e-12,3.9275200359255623e-11,4.0690419096282285e-12,4.40719141878395e-10,1.2101066534535486e-9,0.017209081022273257,0.11220863442465202,1.4150762728944442e-8,6.07565249220669e-10,5.117768325011664e-12,5.088610025452509e-13,1.0133176879892852e-11,9.627780334499292e-18,1.5562685193438535e-15,4.359740401834708e-18,4.4318020211576005e-17,4.415384742129311e-19,8.874620514204132e-19,2.460144788338905e-13,9.271047782477741e-13,9.034494328333301e-17,0.7316269897845579,0.0
0.0005583993172431483,9.757775476191393e-5,0.000977218802760195,0.01997130399086683,0.00406814683050195,0.11584164734413623,3.5618174746699247e-6,7.015670290297306e-7,2.8683326316176965e-13,1.2743706083105732e-12,6.0862122044759254e-12,6.371377840839558e-13,6.81511286058503e-11,1.981648272853662e-10,0.01504026615469869,0.11093530289975356,1.1630167382359797e-8,1.347766775215458e-10,8.05262814656441e-13,8.490496341659341e-14,1.664736312914077e-12,1.0705619505981366e-18,1.7358324502537224e-16,1.1490797441110327e-19,1.0738724417380354e-18,1.0830956635036642e-20,2.2013057926893504e-20,3.3405876691159666e-14,1.3013356696036643e-13,1.1721946974547757e-17,0.7326430079405382,0.0
0.0004911182428587273,8.96190781742115e-5,0.0010373177366697535,0.023861121829796467,0.004116804570822718,0.11441386881304381,4.068396148632919e-6,7.643058757432063e-7,3.218525062058515e-14,1.7774305855629767e-13,9.163709110400345e-13,9.645843918178041e-14,1.0298085592969728e-11,3.162522588584716e-11,0.01310355480600263,0.1093498237227523,9.487431389837088e-9,4.8749755258900876e-11,1.230283213557025e-13,1.3717472127691359e-14,2.678338700872276e-13,1.1724959381265531e-19,1.9401946365895404e-17,3.944688228799435e-21,2.5456035567215957e-20,2.5514081151251552e-22,5.299973341866667e-22,4.406999554191148e-15,1.791181287160191e-14,1.502960580758212e-18,0.7336356967988757,0.0
0.0004313919203325077,8.155629462402326e-5,0.0010803357700904159,0.027997665171158183,0.004117020892279762,0.1128909161406554,4.562145907425052e-6,8.221590410536596e-7,3.520138716110136e-15,2.4109100363327364e-14,1.3581762916477147e-13,1.4313330733098358e-14,1.540332271486596e-12,4.986365516386472e-12,0.011376766953569775,0.10749308157159898,7.67507575929723e-9,2.8471178668221354e-11,1.8884743341106045e-14,2.1829006135834913e-15,4.2791728710531566e-14,1.258361562269782e-20,2.159181243278873e-18,2.3422203889934767e-22,6.554570046489623e-22,5.930576917970327e-24,1.2708160293430027e-23,5.722732652924469e-16,2.4474262339327417e-15,1.9107336950077981e-19,0.7346034256071657,0.0
0.0003782249544919926,7.357804586660409e-5,0.001106269178762334,0.03235203728986992,0.004072665874952737,0.11128117330037945,5.036821710380448e-6,8.754152374270651e-7,3.7979451100484977e-16,3.2194619845256987e-15,2.0039693128477277e-14,2.106567447956553e-15,2.3064099131955604e-13,7.860546254259525e-13,0.009840126698267643,0.1054012357751253,6.1574098723156e-9,2.017707313201522e-11,3.202669830761665e-15,3.5028678375385685e-16,6.875963761817338e-15,1.3323729714966412e-21,2.406685476995025e-19,2.0869653722892688e-23,2.3690790404735304e-23,1.397715603456682e-25,3.1036052724753684e-25,7.39857101019106e-17,3.3551290845875336e-16,2.4292956118526138e-20,0.7355450643557279,0.0
0.0003308296321506365,6.583076520862525e-5,0.001115698491086195,0.03689836644496076,0.003988036709741115,0.10959110197838932,5.487810805132571e-6,9.245000659668552e-7,4.0997561079841466e-17,4.2835402633022303e-16,2.9733123859331264e-15,3.107608415966074e-16,3.4919702062915786e-14,1.2518595443316302e-13,0.008476179964449963,0.10310592373432238,4.899337252945571e-9,1.493781368761868e-11,7.622969743800813e-16,5.990014804996072e-17,1.126217676258515e-15,1.4034951598762095e-22,2.707993485242443e-20,2.1461886118140904e-24,1.5306158113214162e-24,3.4715052168544655e-27,7.877258705029224e-27,9.622866600386165e-18,4.658850481439983e-17,3.116293520137002e-21,0.7364600107899654,0.0
0.0002885687586089151,5.842438219448199e-5,0.001109632409072089,0.04161297500313956,0.003867684507560904,0.10782598972334465,5.91175880704465e-6,9.6988976752252e-7,4.562820593823359e-18,5.774749826306554e-17,4.4815023406705e-16,4.6433827562213316e-17,5.3970403569175234e-15,2.0326510205115943e-14,0.007269444850898573,0.10063496654341568,3.866434614704541e-9,1.1098604090250986e-11,3.1049894395209543e-16,1.2682281624874484e-17,1.9198814129633819e-16,1.485021640412324e-23,3.1043746817358233e-21,2.317524075272006e-25,1.4814509397394435e-25,9.926640432019952e-29,2.1192234184311513e-28,1.273537007488602e-18,6.617207677440548e-18,4.072164199675446e-22,0.7373481471966771,0.0
0.00025091374946434585,5.1437887740204226e-5,0.0010893866871083367,0.046473704161257845,0.003716301707204197,0.1059904365949559,6.306244708040142e-6,1.0120530404274352e-6,5.739107754549515e-19,8.202074714355302e-18,6.960103628347283e-17,7.125511763548297e-18,8.6106232465604985e-16,3.3925703590971698e-15,0.006206004489622343,0.09801317752636558,3.0261562236606555e-9,8.19983424539788e-12,1.789802281157293e-16,4.173891918713911e-18,3.57474238131023e-17,1.6031203793892819e-24,3.6806681624739113e-22,2.603181092026113e-26,1.6793802249118275e-26,4.003273363497325e-30,6.1952229870624735e-30,1.746401472828544e-19,9.749706145761473e-19,5.498292882697217e-23,0.7382097633136432,0.0
0.00021741508589443853,4.492449510547509e-5,0.001056489710547985,0.051459440025240735,0.0035386400584610025,0.1040886595603507,6.669500734691235e-6,1.0514113343530703e-6,1.0067864470623471e-19,1.3625033134941794e-18,1.1472632643669182e-17,1.1543384854575244e-18,1.4453520816085935e-16,5.865291252317454e-16,0.0052731425958473035,0.0952630812234639,2.34866113929669e-9,6.009789225103985e-12,1.1483744577542577e-16,2.118709725458213e-18,8.141238931608481e-18,1.8305962975994576e-25,4.6725312192546395e-23,3.13357151879105e-27,2.0736394026155864e-27,2.785836681979862e-31,2.0619573581299765e-31,2.5859803920399613e-20,1.5350749216800548e-19,7.911244559951983e-24,0.7390454704068543,0.0
0.00018768177257940175,3.891625581438653e-5,0.0010126074434824116,0.056549821119673285,0.0033394431721446797,0.10212468009295537,7.00016584770654e-6,1.0883100317149347e-6,2.81936951682705e-20,3.169480965356315e-19,2.151130800728571e-18,2.1063460406773468e-19,2.665231956384165e-17,1.0589346691972722e-16,0.004459059167842185,0.09240547176226335,1.8072184271118783e-9,4.365499756214676e-12,7.489942052246345e-17,1.3150088745086695e-18,2.643766375793451e-18,2.405056466357264e-26,6.88752708159622e-24,4.381925584602426e-28,2.8758277996645787e-28,3.119056661424862e-32,8.726596693134565e-33,4.539350051293293e-21,2.7697032299811597e-20,1.3038541649827964e-24,0.7398561208081091,0.0
0.0001613670742450113,3.3428069404947575e-5,0.0009594816829767426,0.061725089226260375,0.0031233839651126903,0.1001024398518331,7.297060100804993e-6,1.1229941203968482e-6,1.0459875327755269e-20,1.0903795843045921e-19,5.171861516293129e-19,4.874210099573297e-20,5.9178798705383124e-18,2.0181440371661926e-17,0.0037526711526352906,0.08945980281515907,1.3783167681956084e-9,3.141182192128381e-12,4.8491455987475315e-17,8.628645326831202e-19,1.231860247481021e-18,4.121836697078682e-27,1.335492677322928e-24,8.064219675580796e-29,4.939009604152443e-29,5.003638088057204e-33,5.868227537176984e-34,1.0746184952868369e-21,6.4577613469707036e-21,2.775701507266371e-25,0.7406427390579712,0.0
0.00013815857198055893,2.8461126134836416e-5,0.0008988781409623787,0.06696604571556755,0.0028950041430326717,0.09802587255280366,7.558970280709076e-6,1.1555839799739268e-6,4.154310444678402e-21,4.6702907244650864e-20,1.718383576568243e-19,1.5629361503101323e-20,1.77472336387879e-18,4.1361100969146595e-18,0.00314348803425521,0.08644442996968764,1.041587666466168e-9,2.2380154052845338e-12,3.096573807250447e-17,5.7060978497876115e-19,7.02582805275269e-19,9.575782936575585e-28,3.5670495907459403e-25,2.0401208481925864e-29,1.151958649518684e-29,1.1406795601889121e-33,7.77416986506614e-35,3.50546528062227e-22,2.0944586772205984e-21,8.154154288331193e-26,0.7414064658424127,0.0
0.00011777119661843659,2.4005852399553043e-5,0.0008325424993669636,0.07225408119958933,0.0026586557617529647,0.09589894872207114,7.784439815626027e-6,1.1860481408735803e-6,1.6178526249761874e-21,2.120489058828459e-20,7.281290828130173e-20,6.492607259702987e-21,7.254268169983003e-19,9.442594744392544e-19,0.0026215470067040177,0.08337673635664726,7.796173174922047e-10,1.5783874976405356e-12,1.9457595089017694e-17,3.7527906878036376e-19,4.312774276152307e-19,2.687744963152119e-28,1.177636085041278e-25,6.345434066760315e-30,3.513296126046978e-30,3.4513979883320923e-34,1.865260919482352e-35,1.386421940541629e-22,8.711033442753898e-22,3.029253471774556e-26,0.7421485134495869,0.0
9.994233200160556e-5,2.004442553337345e-5,0.0007621633164173785,0.07757125249607667,0.00241844534234951,0.09372570289355403,7.97155571065515e-6,1.2141702526792017e-6,6.010348544887632e-22,9.52652359957556e-21,3.4405205596532637e-20,3.0444028914799356e-21,3.590222283362542e-19,2.5437497509374607e-19,0.0021773917881561474,0.08027317330543189,5.776965495938898e-10,1.1016807919993638e-12,1.2011889593554811e-17,2.444937586134227e-19,2.6975570895223686e-19,8.015085465423454e-29,4.223248015271122e-26,2.1291445052608128e-30,1.2351253190339204e-30,1.2116389775492013e-34,6.1469316034257e-36,5.871037566472068e-23,4.066497030508593e-22,1.2483129756203694e-26,0.7428701305884965,0.0
8.442837169293796e-5,1.6552949425521376e-5,0.0006893425832860407,0.0829003861117844,0.00217818497932813,0.09151024860603482,8.117733020082521e-6,1.239510272308342e-6,2.109213658288322e-22,4.1348501681225e-21,1.6710818831884414e-20,1.4753865877528726e-21,1.9229734190386006e-19,8.566267410326794e-20,0.0018020805835772921,0.0771492447448187,4.235422806234286e-10,7.609260704520246e-13,7.274585949722753e-18,1.5753207049739138e-19,1.6873038154003787e-19,2.3744230320264683e-29,1.5354512605487964e-26,7.184126790820888e-31,4.557180622561139e-31,4.4816262955363405e-35,2.29468899154687e-36,2.505200370270001e-23,1.967375948505753e-22,5.285004529138271e-27,0.7435725743926573,0.0
7.100230102955971e-5,1.3503330110920949e-5,0.0006155738767269774,0.08822519153552409,0.0019413516828465272,0.08925678421031434,8.219497243817406e-6,1.2613600413227986e-6,6.956057628980704e-23,1.7176728780909823e-21,8.059146281536773e-21,7.114300352835948e-22,1.0534912299424674e-19,3.623205753446002e-20,0.0014872109014827562,0.07401945958331371,3.070111318754887e-10,5.200780282126623e-13,4.3150601768350654e-18,1.002666129082094e-19,1.0488439471141495e-19,6.803076742681385e-30,5.5067337935260515e-27,2.367451945178686e-31,1.6894559977293129e-31,1.6699393467600988e-35,8.917628829322983e-37,1.0525637767532041e-23,9.544650238507336e-23,2.2270936596449503e-27,0.7442570878283735,0.0
5.945199637425808e-5,1.0864899024641031e-5,0.0005422291912243335,0.09353037076568962,0.0017110589961649991,0.08696959127895548,8.272281476778761e-6,1.2786980561004537e-6,2.1472234703268145e-23,6.793178203123338e-22,3.805903416917198e-21,3.361933345028117e-22,5.770616764098923e-20,1.8165234877439426e-20,0.001224951281256868,0.07089727154511198,2.1981932118075567e-10,3.517767821341681e-13,2.502404682655768e-18,6.296558791923713e-20,6.46476721148923e-20,1.8657607634880864e-30,1.9286430802561816e-27,7.524452693407455e-32,6.183932433584601e-32,6.152691797549377e-36,3.4929799990204476e-37,4.318276852700191e-24,4.587609615218984e-23,9.230221912447806e-28,0.744924881288566,0.0
4.957901102100154e-5,8.605786035237816e-6,0.0004705543115006503,0.09880171281335227,0.0014900420339377556,0.08465302677576737,8.270270885147067e-6,1.2901516540554253e-6,6.179529029139104e-24,2.546398809778399e-22,1.7485795226129556e-21,1.5461459612310997e-22,3.131910658702078e-20,1.0081132134032947e-20,0.0010080722525242958,0.06779502137350087,1.552771975960766e-10,2.3550536450977986e-13,1.4157791532360393e-18,3.895493656243814e-20,3.94714208419333e-20,4.875445190412731e-31,6.57103300024954e-28,2.2905735535758345e-32,2.218538866279471e-32,2.221918658282675e-36,1.361538140522454e-37,1.7244013320519222e-24,2.1750446019129968e-23,3.7446189403267554e-28,0.7455771177879653,0.0
4.1197677875343774e-5,6.69404019797472e-6,0.00040167294345140104,0.10402616271452642,0.001280659287701048,0.08231150941229273,8.2063768015454e-6,1.293985265745584e-6,1.651092964705109e-24,9.005051018721101e-23,7.7835419270555505e-22,6.890300152452559e-23,1.6771420750747322e-20,5.922638899296357e-21,0.0008299709693288128,0.06472389207582577,1.0804389562009582e-10,1.5607867663686689e-13,7.794646144464579e-19,2.3697408700838312e-20,2.3854812005626595e-20,1.2104536398480123e-31,2.17399491378341e-28,6.642467087731377e-33,7.771509497536447e-33,7.820447395023511e-37,5.250120045739285e-38,6.691775563318849e-25,1.0155419850643547e-23,1.4836841476114487e-28,0.7462149021068804,0.0
3.4134448619978306e-5,5.098437473544305e-6,0.0003365965878071535,0.10919184823539056,0.0010849081694466881,0.07994949811063252,8.07247001093798e-6,1.2881401847118108e-6,4.0766564642191655e-25,2.9887026830950374e-23,3.344774479788669e-22,2.9645347129045734e-23,8.837969350754449e-21,3.599784173515115e-21,0.000684686030557892,0.06169388389148777,7.390451930811288e-11,1.0241314238872422e-13,4.163233212436744e-19,1.413976379217189e-20,1.4257385075644793e-20,2.847890205925612e-32,6.975388817550143e-29,1.8249687173875605e-33,2.650653394810658e-33,2.6686635995725834e-37,1.9950635797838273e-38,2.520169711884544e-25,4.666300943284926e-24,5.732672829849047e-29,0.7468392771349047,0.0
2.8227654906030766e-5,3.7889463850224013e-6,0.0002762375319600163,0.11428800126046416,0.0009044542938975159,0.07757145086350921,7.860132899733577e-6,1.2703718077952738e-6,9.253622530195635e-26,9.254212883049586e-24,1.382286188211689e-22,1.2267498280340924e-23,4.571542367088207e-21,2.2275605561443805e-21,0.000566901493513836,0.058713811465002444,4.9571577545415265e-11,6.653636192650382e-14,2.1494349519714102e-19,8.249720011452329e-21,8.416251460996293e-21,6.330025616194834e-33,2.1673952872890074e-29,4.721386408076008e-34,8.77598706837557e-34,8.775385670575464e-38,7.444054392849895e-39,9.194247144305445e-26,2.108924070297523e-24,2.1568013882740588e-29,0.7474512448017759,0.0
1.9335764826303117e-5,1.920390411911463e-6,0.00017340397033845152,0.12435857413800916,0.0005951832065902389,0.07272393264323682,7.192680677011375e-6,1.1934575975883077e-6,3.6373184278044455e-27,7.08053469731251e-25,2.1034979767769756e-23,1.874844903308788e-24,1.1670812090434574e-21,9.776388078040965e-22,0.0003970938691658959,0.05285836553693142,2.091659855215946e-11,2.7410874112689497e-14,5.133707768216635e-20,2.612557625700231e-21,2.829923150750025e-21,2.6494569591808663e-34,1.9248074601291936e-30,2.6271710783450516e-35,8.87704090033561e-35,8.466212359734435e-39,1.0013560443759826e-39,1.1220778291604048e-26,4.1732163739328725e-25,2.8548981484875675e-30,0.7486560442615751,0.0
1.3467254876066785e-5,8.471809724038036e-7,9.72480902868842e-5,0.1340580448435178,0.00035948744416451265,0.06786429221419936,6.205498590372467e-6,1.0541589069382504e-6,9.641184196690197e-29,3.866010247177005e-26,2.726896187447403e-24,2.4458525227437284e-25,2.7871099388061804e-22,4.626602241062165e-22,0.00028813930448139076,0.04727913138080816,7.90886617320673e-12,1.0925846378632363e-14,1.0341904154988736e-20,7.340517580656923e-22,8.9949306986944e-22,8.851974699793083e-36,1.5423176164060704e-31,1.1202667302271908e-36,7.963545461095885e-36,6.724877199264272e-40,1.2970921759193198e-40,1.215512993241338e-27,8.005598967394893e-26,3.470132380090592e-31,0.7498206123413679,0.0
9.757324722335421e-6,3.213278380419959e-7,4.816604935704866e-5,0.14334269993634335,0.00019659946209147705,0.06302676674070945,5.039337145649652e-6,8.6409133648025e-7,1.6769177264388947e-30,1.4950011673212061e-27,3.0241809273971724e-25,2.7381607554095626e-26,6.20033781574154e-23,1.820876358161425e-22,0.00021840004794531744,0.042009540618400835,2.6474857267858838e-12,4.28359478301275e-15,1.7663113567425434e-21,1.8423830216764026e-22,2.7357236230205956e-22,2.379398652517206e-37,1.1413623159286127e-32,3.6935827716177423e-38,6.272063707959251e-37,4.2236817159503967e-41,1.6538418402407865e-41,1.1737590722049286e-28,1.52118866009731e-26,3.9139785210791037e-32,0.7509490039428935,0.0
7.5059188527371175e-6,-3.2086000971728174e-12,-7.255960609410715e-10,0.15218210304274316,-9.555543288958887e-9,0.058243383656407514,7.901932222086725e-8,3.4965437443534167e-10,-5.7403581998538695e-37,8.670130257917045e-34,7.629474923445289e-31,7.186205823921434e-32,1.0180580479651436e-27,0.0,0.00017296299855817514,0.037071001305564,9.879729231966672e-17,2.0990993500134336e-16,7.589575958207072e-26,-1.0138461362496246e-28,6.923612107636185e-24,-7.02509064532536e-46,1.426895385327071e-36,-7.507532795067744e-48,1.6304864203585708e-41,1.0406334883596194e-50,8.092109898812463e-47,-9.699109930755156e-35,2.8841308575034293e-28,-4.40329845484556e-36,0.7520441703348326,0.0
6.17687282667811e-6,-6.691795778574821e-13,-1.95997525916162e-10,0.16055625540602542,-2.0420525768647645e-9,0.05354325742718861,3.011159523785622e-8,1.4304763160865518e-10,-2.798365532010754e-39,1.3529493593221837e-35,1.3897049589677192e-32,1.3236945576225625e-33,2.3138615658490662e-29,0.0,0.00014208983387165017,0.03247573398477095,1.1638202154214085e-17,2.565594158178434e-17,1.9349997506698635e-27,-6.389971263810844e-30,-3.475497299045788e-27,-4.615420247917189e-49,9.462759994333284e-39,-2.2495738233447324e-50,1.765250091937606e-44,3.180267587068168e-54,1.0347394971177835e-49,-3.953064537659246e-37,6.121589246879592e-30,-7.967228645675963e-39,0.75310810075372,0.0
5.389458226697399e-6,5.327717428550421e-9,2.0070029936469385e-6,0.16845254262226775,1.0989759816949548e-5,0.04895221950754072,2.2088791868547268e-6,2.010852593283354e-7,3.5876936633872666e-37,1.0282355704807127e-32,5.753708469814915e-29,5.411299267477388e-30,2.375539172177222e-25,-9.807255524492676e-30,0.00011975423768091272,0.028229356183004244,3.3407737868763096e-14,3.145881646303509e-16,3.668001900983263e-24,1.543424897290615e-24,8.12116303267618e-24,4.002093606129035e-43,1.5226162235111633e-36,1.1565799468577016e-43,7.019592474607821e-41,6.335019026304396e-46,1.4174918868516074e-44,1.7470212486638464e-32,5.196794793931201e-29,1.655118647104065e-35,0.7541420583176337,0.0
4.897458136821756e-6,1.2354319455279445e-10,6.924883803164185e-8,0.1758628779620098,3.635270757208287e-7,0.044492899067688496,1.5261988509756532e-6,1.5190971679524397e-7,8.324405777241038e-41,1.4268844694735532e-35,1.3125053407485078e-32,1.2499305754532033e-33,1.3776182373715779e-27,-2.427667734606545e-29,0.00010242572502754567,0.024332915956076322,7.690779276469819e-16,1.5071742842554203e-16,1.768496205185445e-25,3.6992908150183264e-26,2.9891339912297837e-24,1.3414002408340888e-47,2.7991115892281243e-39,5.414135679425172e-48,1.129653957203307e-43,3.8388039594702087e-50,2.1175106357769704e-47,3.735382658041596e-36,3.642935214747678e-31,2.1306725772962145e-38,0.7551468313956504,0.0
4.71126181910842e-6,1.8760019697086373e-11,1.234749469525617e-8,0.17932510337753438,6.008317736973894e-8,0.04235570482287621,1.1008951110789793e-6,1.825314184143215e-7,1.0192916350887538e-42,5.997203207719136e-37,3.5024902551015776e-34,3.37426218360459e-35,6.048778959242296e-29,0.0,9.504252424272194e-5,0.02254603590858889,1.2610101708635352e-16,1.075046249082592e-16,5.320510708441481e-26,6.0174989679307494e-27,2.139624033281362e-24,8.69477195380363e-50,1.5085312095900775e-40,4.643896329297178e-50,2.6200753554006028e-45,1.779372902034488e-52,2.9894526899452836e-49,9.30905533624642e-38,5.698450019519029e-32,2.5404348111117546e-40,0.7556300597788072,0.0
4.551276096480085e-6,4.581390513247536e-12,3.5240565664943086e-9,0.18266439611943722,1.6213395586617278e-8,0.04025798778205516,7.556516612138101e-7,1.9184101377248587e-7,1.7664206142059843e-44,-2.2783926022007743e-38,4.250459975306125e-35,4.1057688355792713e-36,5.198131499846575e-30,0.0,8.827187550896252e-5,0.02084564216288121,3.166498521791059e-17,6.648995849234703e-17,1.4385048544940686e-26,1.3769428266168069e-27,6.652194065523016e-25,2.974009971221412e-52,2.667910709674666e-42,2.38786170288912e-52,3.2660451666798685e-47,7.437065714376234e-55,4.3086348529990354e-51,3.8248961129570564e-39,9.215372007099542e-33,2.6427199015336244e-42,0.7561061768537776,0.0
4.409425373299492e-6,2.5235420280404937e-14,2.596114951055646e-11,0.18588006276816404,9.787681977550975e-11,0.03820197871951379,3.9086188811654105e-8,1.1860849166589949e-9,-1.3872020014520844e-47,-5.033582477605427e-38,8.434354143024157e-39,8.073263515400594e-40,4.0397503403387504e-33,0.0,8.200314447252642e-5,0.01923110832358215,3.15149234263095e-19,5.781243076431053e-20,3.2716928784391186e-31,7.812738868601538e-33,1.9398467463887102e-30,2.0752453476941684e-59,-3.974183861245149e-47,4.17371209727259e-59,2.876843686361329e-52,6.795085894327323e-62,7.115219782414323e-56,-1.3460278382733116e-40,1.2792441110438198e-36,5.546181659462689e-49,0.7565752247754773,0.0
4.280023657561904e-6,6.459034847193733e-16,1.1514936680141906e-12,0.18897139417250552,2.8231578210670177e-12,0.036189856797721326,2.922925861099599e-9,3.460191731950108e-11,1.2364303557363948e-50,1.0634060335701209e-41,2.0580338171228286e-41,1.9807869337704032e-42,1.4823978935435622e-37,0.0,7.615738272054695e-5,0.0177016865796974,9.307425223630783e-21,5.929647860480525e-22,1.9327251402089458e-34,4.145454481083396e-36,1.0854916485673535e-33,2.3375663811950296e-62,-1.0084715378043021e-50,7.36492705468464e-64,1.2464847944710187e-55,4.2114400127738193e-66,1.4406935070249528e-57,-3.268529425452476e-45,4.356907296657175e-39,6.549838362674202e-53,0.7570372237280089,0.0
4.159115607805742e-6,9.093862027019449e-17,3.191630091904291e-13,0.19193767512062063,4.648351784762745e-13,0.03422377994438705,6.1125033179899e-10,4.703718139041096e-12,4.501281684375179e-53,-1.2483449765073738e-41,3.3382394202451144e-43,3.2689032995574524e-44,3.5532860479052517e-37,0.0,7.067849184312373e-5,0.01625650905339989,9.564545981147913e-22,4.408728604518623e-23,1.9177908807074155e-36,6.78425732604033e-38,1.4431091763617337e-35,1.1234273303634e-65,-2.2093163301189173e-53,-6.295940788070289e-65,7.9230685808814e-58,6.383469850002105e-68,1.136429410167894e-59,-5.3233011613945956e-45,9.047030098276457e-41,-1.6282984269096795e-54,0.7574921617161025,0.0
4.043974948247761e-6,1.776919160371224e-17,1.2028106798498325e-13,0.19477820957686032,1.0804162866342498e-13,0.032305911119565156,1.484501779457437e-10,6.155100000253566e-13,1.900206618267821e-54,-1.715743255781052e-43,7.170953712574398e-45,6.939837226686924e-46,-2.1418903701683145e-39,0.0,6.552664394370674e-5,0.01489458489816511,1.2841770499715187e-22,4.5096472412662074e-24,2.755783464671447e-38,1.967545826016584e-39,2.9668294592023127e-37,3.434003029486985e-67,4.7807369834641055e-55,5.2607866937220175e-67,1.0918423214898463e-59,1.3962612979631762e-70,2.903351486803702e-62,6.899200701590681e-47,1.893767980009064e-42,6.628850012948489e-57,0.7579399816098591,0.0
3.932736438301537e-6,3.791636726918513e-18,4.82278345544725e-14,0.19749235417889507,2.7815665984507248e-14,0.03043843858076732,3.687617519305628e-11,6.940646786143211e-14,9.656211003343097e-56,-6.129225584598555e-45,1.4999949150294617e-46,1.4542096671451006e-47,4.0576297464968524e-41,0.0,6.067347368263097e-5,0.013614794008000633,2.0084213979253882e-23,4.916431452322448e-25,4.414706258824406e-40,6.870767236668251e-41,6.870560270869886e-39,-8.073992403284794e-70,-2.4740617445263424e-57,-3.0379933172506674e-69,-3.9935630531458584e-61,1.3951916064632896e-71,1.4893397801379156e-62,-2.1375557031029192e-47,4.2530072279234813e-44,-2.25651571644321e-59,0.7583805671454908,0.0
3.82413343173614e-6,8.130050310435768e-19,1.9183864971021676e-14,0.2000795555838023,7.279145686094898e-15,0.028623588771963773,8.977287873687759e-12,7.126588788788566e-15,3.865306183305956e-57,6.461305685258523e-43,-1.8861554698781318e-45,-4.965715876902466e-49,3.9470037428233647e-38,0.0,5.609861606892044e-5,0.01241587807172381,3.46361748906728e-24,5.1613414757062565e-26,6.514808558736248e-42,1.3865311021344027e-42,1.5233656398117466e-40,6.120738139502269e-69,4.303823566484366e-56,1.0212506987216069e-71,1.1816780894131807e-62,5.181344359727613e-73,4.0357939056694395e-62,-2.885952451661249e-45,7.894543780818233e-44,-2.6168991810001176e-60,0.7588137293705559,0.0
3.6083342642320777e-6,3.286051900137141e-20,2.6236275615115313e-15,0.20496240996168835,4.474883501781277e-16,0.025095962824556742,4.636643576456791e-13,6.19064567878828e-17,1.1303136519724511e-57,-5.161506366386151e-43,6.378452946209673e-46,3.7223506001965673e-50,1.2603732406071628e-37,0.0,4.7578237832746706e-5,0.010213292752521762,1.0861077949425098e-25,4.434714410996284e-28,9.188193161995179e-46,2.684092343427958e-44,-2.073909832879313e-42,7.689510013525307e-71,1.4969313623427722e-56,9.217645959374831e-75,-1.5106579394668539e-64,6.26373993509019e-73,3.792192088161975e-64,1.8017057957809254e-45,-1.3347431619163538e-43,-5.862925091162831e-63,0.7596723910500673,0.0
3.3962814953757365e-6,1.092561210659539e-21,2.8610537107630597e-16,0.2093331006599724,2.294241524954788e-17,0.021810523641796493,1.8598578988531156e-14,4.0943141254090923e-19,-9.559432146182713e-62,-2.4847385478005867e-44,-3.6943628967397246e-48,2.695911964356857e-52,1.0575831417908292e-39,0.0,4.003661500923644e-5,0.008313549368747617,3.0513263571023747e-27,2.584075770744805e-30,6.118177993946408e-50,5.493098745021522e-47,-1.854659229851051e-45,-1.6557581823207894e-74,1.0429146939879728e-60,-2.7201397608806966e-78,-9.934814602657225e-69,1.128780060104724e-75,8.485174913744845e-67,-8.591917103560556e-47,-5.555029406466485e-46,1.8515734664779948e-68,0.7604962193860028,0.0
3.1867407567494793e-6,2.9099420874049236e-23,2.376378758032333e-17,0.21319555018410263,9.517713124003397e-19,0.01878488430003027,5.52545842567868e-16,1.9623775805897826e-21,1.272477051071702e-66,3.872757312148327e-46,1.0193410818667344e-49,9.325381937789423e-54,-3.84917458378126e-42,0.0,3.342270335905056e-5,0.006700551304863286,6.918846804494203e-29,1.0279808375089987e-32,2.0670398741685748e-54,3.5492979534691426e-48,1.1583747661706826e-46,-7.545543461550927e-79,3.6877216794969477e-63,1.2993089931418533e-84,-1.8861942909385996e-74,1.0579284871490756e-82,1.90441341630441e-73,-7.90355128315626e-49,1.9973016270035146e-47,5.0382299764245086e-73,0.7612802402301477,0.0
2.762606120762585e-6,8.111613783243431e-27,5.42299899120039e-20,0.21967053980375736,6.942934380442688e-22,0.01339254170532706,1.9467711688804982e-19,1.6709844974803025e-26,3.9448921840216264e-73,-2.2843126071148024e-50,-4.8556139661403157e-54,-1.2982819918485439e-58,-2.7840925595729368e-45,0.0,2.2422286311567306e-5,0.004159074962038632,1.3248292339553873e-32,5.896307865185632e-38,-9.466895973561514e-62,2.621698093228955e-53,8.035466647660431e-52,-5.841371878939388e-89,-2.316980425060697e-70,-7.763765800287576e-91,-9.155587783821305e-83,5.465371140953304e-88,1.5310106141625424e-78,-9.51065173690121e-53,7.288695690942463e-52,8.80257929279986e-82,0.7627515552485297,0.0
2.3586433329861973e-6,9.648556579737472e-31,4.373093154893049e-23,0.22434989199328173,2.3419280353463496e-25,0.009177668636886566,3.308593364367194e-23,6.809312826065789e-32,1.2618015615078156e-81,9.150010089718119e-56,2.4579063287749417e-59,1.8668647243541065e-64,-5.8866236154935924e-49,0.0,1.4515365979191045e-5,0.0024716994129023212,1.0154512256163626e-36,1.6483676839522791e-43,2.5109006452981304e-68,-5.034795433272406e-59,1.3750199926955353e-57,2.251173168746586e-99,-2.1599040918964227e-80,-9.95734600825079e-100,1.5324565323712356e-93,7.318960360640902e-97,7.337021936731212e-87,1.3129859577950755e-58,-4.0817939935849323e-57,-7.138846252742289e-93,0.7639832750947269,0.0
1.9857142314302038e-6,1.5738363697030496e-34,3.8936558012602615e-26,0.22751029742152734,1.0260959706592893e-28,0.006101752007161871,7.727841708729305e-27,5.0024269294702704e-37,1.018947385242088e-89,6.122809148863404e-60,4.018385374820174e-64,7.19666781205098e-70,1.107634896642334e-62,0.0,9.184908203791298e-6,0.0014343460140243298,1.0177884613275992e-40,8.53179976287799e-49,1.101398692897517e-73,1.6358396353068001e-74,5.853202569163546e-63,1.82119846886089e-107,7.0639225696197054e-90,5.142402524932976e-118,2.2350404521332404e-112,3.998240050032139e-125,1.2698902285799606e-114,1.000556026921623e-61,6.626542777053099e-62,1.0362461338057677e-103,0.7649421065414252,0.0
1.3433764091405727e-6,1.8987077943700427e-40,6.169870690836393e-31,0.23090486482069775,6.154689131513112e-34,0.002473182843117063,1.5752645098065094e-32,5.191841890480694e-45,1.9976567119414856e-102,-1.5231248807291075e-65,-2.55289473524511e-70,-1.501079698097949e-77,-6.443025573967907e-72,0.0,3.445230870092053e-6,0.00045580165489656345,4.230800295719166e-47,5.094416713133279e-57,1.2361517941452977e-81,1.1251120024332703e-83,-1.3704446998348104e-71,4.99027702457529e-122,3.95582864475966e-102,9.651056627272636e-134,5.58632595156271e-130,1.9426229361273632e-143,3.416086637220099e-132,-2.4481743981914616e-68,8.412236061996742e-70,1.2051309040261014e-119,0.7661612485900264,0.0
8.821623174453698e-7,5.351692720833617e-44,8.657248321197954e-34,0.23221318137772265,5.273276242589265e-37,0.0009300316954773182,6.1661533987136e-36,9.688056908787708e-50,-3.5993599479005165e-109,-2.8015638843161126e-70,4.312187923820473e-75,1.3883734410511812e-81,-4.935802764565663e-75,0.0,1.2122418215025457e-6,0.0001337543523202955,3.942336278236063e-51,7.522975707162013e-62,1.1502871594385774e-86,8.047022037703719e-89,-1.649211782962678e-75,1.051358244727237e-129,-4.55015311431525e-109,1.4079986265979184e-140,4.181507685036043e-138,5.7592952593934967e-151,2.3261719208701104e-139,4.7020192262314667e-73,-2.093525575039346e-74,-1.7666079999350183e-129,0.7667208987803752,0.0
5.726281810351224e-7,7.534791047721996e-46,3.104612167628067e-35,0.23265931834325132,1.3889319303001994e-38,0.0003548845036797679,1.1836457140156803e-37,4.261845757077669e-52,4.83217585156732e-114,-5.923928520725936e-72,-5.697822826041298e-77,-1.747265255858523e-84,-4.097469009455139e-79,0.0,4.380219808792622e-7,4.0805559193771684e-5,1.9483465799637166e-53,3.1466278474272285e-64,-3.972769557931187e-90,-3.8871932730536085e-92,6.430117472365188e-79,-3.0771549761960646e-135,7.484277843143189e-113,-3.650041772789577e-148,1.0324722205549161e-144,5.039508724565255e-160,2.9412807236423106e-148,-1.6674831936838346e-75,4.9155469699415336e-77,1.1347139736696505e-134,0.7669439666022868,0.0
2.3621140537512705e-7,1.6757917346581843e-47,1.4429533689948109e-36,0.2328665031062779,3.2949113293774613e-40,6.105107980750381e-5,5.359649431857345e-39,4.9667192291286707e-54,-2.095404788666889e-118,-7.410406332379927e-76,1.109939788407082e-81,4.952333012475746e-89,-4.554926823638463e-84,0.0,7.004438916373648e-8,5.1691832715706355e-6,6.818524272789483e-56,2.399008727832371e-66,-2.3342751245580694e-95,3.0198441577451346e-97,-2.384116560439017e-83,-1.9344370726420638e-140,-5.527113511566073e-118,8.357848129058179e-155,-9.342876420837744e-151,3.352484909656187e-168,2.497175373461082e-156,-7.426058060294997e-80,-1.941439785109738e-81,-2.7141511910296953e-141,0.7670669679620244,0.0
9.35015356480857e-8,3.011128019167286e-48,1.6984963865481636e-37,0.23289925245686022,1.695617289587683e-41,9.64832556380219e-6,1.3897926776885822e-39,4.754099818983171e-55,4.710657450299535e-121,-2.7334116024948176e-78,-3.849134357577086e-84,-1.0657718492550002e-91,-6.540971085246363e-87,0.0,1.027512420683227e-8,5.946131435229875e-7,1.7920463821270355e-57,9.521580655493582e-68,-2.5133418122305154e-99,-1.1834915526724929e-101,2.438451116731862e-86,-1.9169674859053435e-143,-4.005074022708969e-121,-1.7431306905323555e-160,-3.797348461767298e-154,9.984566412230943e-176,3.213004629856635e-163,-1.0555904416716481e-83,-3.505871213505818e-85,-9.877296604090611e-146,0.7670904004455,0.0
3.780193937508368e-8,1.066605384787218e-48,2.656160467677178e-38,0.23290383766187117,1.1145556198923413e-42,1.6735497104278794e-6,5.272991525751461e-40,7.212146569913857e-56,3.2951978677579684e-123,6.041588584025723e-82,-4.127831318704781e-88,-1.6715206584352445e-95,4.8913690262173594e-89,0.0,1.6625949413312587e-9,7.648370392519214e-8,1.0266610137674406e-58,5.869380032755703e-69,-3.8770683945646923e-103,-1.9164564728551458e-105,-6.694086481157166e-89,6.461914781132666e-149,-5.406496413051944e-124,2.088113534855972e-164,-2.315156509762151e-157,3.3060085535907445e-180,1.3347351465303268e-167,-1.833304808178229e-87,-5.216965555133251e-88,-7.076938403164767e-149,0.7670943727721943,0.0
7.119522551150666e-9,1.9600798499175608e-49,1.545113435940514e-39,0.23290464603253244,1.247599131038173e-44,1.0621684651158736e-7,9.812797471032576e-41,2.5220308184036993e-57,1.4255496997412722e-126,-4.8309391923130084e-86,-9.141579699115319e-93,-3.3767301974356806e-100,-1.1165870244647091e-92,0.0,9.736028759095873e-11,3.451937524774263e-9,1.1047246722867353e-60,6.3959452934801226e-71,-1.768953524651749e-109,-1.4924122833644686e-109,3.650847118552354e-93,-2.6864621351896683e-153,9.520306020219429e-128,-1.2136840196843087e-170,7.658727705581835e-162,2.050509750387077e-187,6.042802005136773e-175,-1.634904770667414e-93,3.942145552862048e-91,1.0349615951962736e-152,0.7670952370771962,0.0
1.2142657385388051e-9,3.3381007145097003e-50,8.018739284140903e-41,0.23290469241626643,1.1089501889948443e-46,5.981713677471516e-9,1.6723808139088857e-41,7.329769576805137e-59,-9.631716789162786e-131,-8.058168582778238e-90,-9.959041009298054e-98,-5.2964430566825995e-105,-1.3021093248457978e-95,0.0,5.054865404241704e-12,1.3782632893155514e-10,9.76798559719252e-63,5.658871788206539e-73,-1.7223216818748348e-115,-1.648167292986585e-112,-3.164843277460706e-96,-2.852972060250016e-158,-4.484478571722982e-132,5.245066960217402e-177,-6.1711890838972035e-167,2.792595419355442e-193,8.270464169112549e-181,-2.4986806229479574e-98,-3.177927087052724e-95,-1.4375464679574622e-157,0.7670953002445845,0.0
1.9224441026832796e-10,5.2845176191709494e-51,3.809619194985188e-42,0.23290469481545706,8.356743476225193e-49,3.0842287675995175e-10,2.647631624621753e-42,1.8371680962354956e-60,-1.9688825029344637e-131,2.8436899524124416e-92,1.489622428653934e-100,3.186557540565335e-108,-1.371434548636186e-100,0.0,2.401568590262726e-13,5.028376096816366e-12,7.346765553132198e-65,4.2562662164062124e-75,2.6210739866377008e-120,-1.5868048777248657e-117,-9.29049012613573e-101,3.5106689276197966e-162,-4.5297075079572025e-136,7.465010526800921e-182,-9.811768231214488e-172,3.088561239593484e-203,1.470112445601519e-190,8.247426822098943e-102,-2.8629596053057e-99,-2.0412311192873243e-162,0.7670953046785899,0.0
2.8836689436285417e-11,7.926753598570235e-52,1.6979392663372254e-43,0.23290469493699018,5.728617142599738e-51,1.4923846162081684e-11,3.971443190607384e-43,4.13362584539484e-62,-2.6784590882286245e-134,1.7603138118099088e-95,-1.2634430465143942e-103,-3.7983775097621864e-111,-1.0845017011671574e-103,0.0,1.0703752017203282e-14,1.7192928134560113e-13,4.9116478902838024e-67,2.8455040128760335e-77,-3.714665796541942e-124,-1.3771605348126221e-120,-5.762449183852149e-105,2.248453599629057e-166,-2.694663315070162e-140,5.362790546403399e-187,-8.7651155246871e-177,1.9368535509935048e-209,5.669511478751617e-197,1.6666582364370713e-105,-1.901879632114198e-103,-2.0266857581967497e-167,0.7670953050190658,0.0
4.171249081962847e-12,1.1466107399383332e-52,7.248489884365281e-45,0.23290469494401134,5.569319094682084e-53,6.918413088352831e-13,5.744722261013361e-44,8.649132654964036e-64,1.3620773775711884e-137,2.964747700365293e-97,2.4516646159058757e-107,-9.489630474799366e-115,3.264957094098674e-107,0.0,4.569423780257036e-16,5.6268427301185256e-15,3.033006005901946e-69,1.7571347629026622e-79,6.180938617279376e-129,4.153451909992649e-124,4.02000731168888e-109,1.0689657001051882e-168,1.3845507095617467e-144,5.678806490295255e-193,6.50634114882446e-182,1.7560423197209417e-216,5.181715779362437e-204,1.0238295941415519e-108,9.96113381113288e-108,1.5238013560304348e-172,0.7670953050511196,0.0
5.911720208318042e-13,1.6250388543465977e-53,3.0187571322774272e-46,0.23290469494456661,3.205332346191185e-54,3.12936627649169e-14,8.141731617559308e-45,1.7372729188785443e-65,-7.348884498058795e-141,1.0225877966804082e-98,4.341466637685952e-110,1.641406838548592e-117,-2.599517075992449e-111,0.0,1.9030143851143977e-17,1.7957552432592971e-16,1.7902003919978271e-71,1.0371305314217824e-81,2.1109749238771822e-133,-3.306087404410778e-128,-3.368354511291208e-114,3.2880650888786595e-172,-6.854443162536214e-150,1.718065758780386e-199,-4.576816893884349e-188,1.112919185765695e-224,3.3073985183101086e-212,3.9543902465200296e-113,-3.012487155967202e-113,-7.02498301251702e-179,0.7670953050548108,0.0
8.324751057379855e-14,2.288343060859275e-54,1.24718814558118e-47,0.23290469494462707,4.2359264700862595e-55,1.4042852653931346e-15,1.146500282341149e-45,3.4449491604070444e-67,-1.449690458003546e-143,8.727532821006146e-101,8.003583594742999e-113,1.4317509959019273e-120,-2.0925800732849844e-115,0.0,7.862232115914965e-19,5.6843649927030325e-18,1.0415085071926814e-73,6.033851102721822e-84,3.3104635549395883e-137,-2.6500619193079225e-132,5.318641915138309e-119,-2.743258667515358e-176,-1.1119187559233428e-153,1.8921940561035309e-205,-1.045480027744589e-192,7.212293606827407e-233,2.173006172709942e-220,1.0268215697010498e-116,-3.687239337227748e-117,-1.1304407944102225e-183,0.7670953050552883,0.0
