grid_m,normalized_grid,T_K,X_NH2,baseline,baseline_plus_OH
0.0,0.0,293.5,7.696886447951336e-15,2.8123410446605785e-36,2.7756167404024106e-13
0.00025,0.025,293.50000795073015,3.241056142000582e-14,2.812358180730181e-36,1.6200242693462654e-12
0.0005,0.05,293.50004246308134,9.93286894692691e-14,2.812416782808185e-36,3.502489242481056e-14
0.00075,0.075,293.50019053343016,3.7882443244442046e-13,2.8126252742845364e-36,2.308775320232634e-14
0.001,0.1,293.50081337139716,1.521163387905066e-12,2.81338790069891e-36,2.375190210256221e-14
0.00125,0.125,293.50336006568136,6.0545790263514205e-12,2.816210995647544e-36,2.5322920178849053e-14
0.001375,0.13749999999999998,293.507438991738,1.3120341148030214e-11,2.8204591679646987e-36,2.702665732548237e-14
0.0015,0.15,293.5173301125755,2.9844700084954663e-11,2.830394866125856e-36,3.56407968594645e-14
0.001625,0.1625,293.54083995645834,6.866301779196021e-11,2.853479519330414e-36,8.423646065597059e-14
0.00175,0.175,293.59549329797926,1.5684220148399475e-10,2.9067265601082925e-36,3.9626932133391e-13
0.0018125,0.18125,293.64881211927053,2.4122359139405176e-10,2.9589056822397413e-36,1.031933883964282e-12
0.001875,0.1875,293.7351505462496,3.757313373376558e-10,3.044636449666345e-36,2.8944207880457887e-12
0.0019375,0.19375,293.873627030688,5.881426163682817e-10,3.18626609409972e-36,8.33506178440348e-12
0.002,0.2,294.09351087134195,9.203112560886219e-10,3.423136690310433e-36,2.3748301474129025e-11
0.0020625,0.20625,294.43899533644117,1.4344950729772504e-09,3.82850453403675e-36,6.54454757333845e-11
0.002125,0.2125,294.9758024619145,2.222114429730433e-09,4.549962697391721e-36,1.743457432749702e-10
0.00215625,0.215625,295.3520389634212,2.768709803802417e-09,5.1313806255841744e-36,2.8730252297729107e-10
0.0021875,0.21875000000000006,295.82722903715785,3.4539236690942786e-09,5.968462843378985e-36,4.777902502927367e-10
0.00221875,0.221875,296.4250407623185,4.310197936714161e-09,7.210145167795889e-36,7.976926267247742e-10
0.0022500000000000003,0.22500000000000006,297.17403250094736,5.377018934249549e-09,9.121756243569737e-36,1.325453706522696e-09
0.0022812500000000003,0.228125,298.1084032992108,6.702478873249168e-09,1.2202626024607374e-35,2.1685465550776594e-09
0.0023125000000000003,0.23125000000000004,299.2687642016893,8.345313529328673e-09,1.7452524927574592e-35,3.457277793826231e-09
0.0023437500000000003,0.23437500000000006,300.70288982774133,1.0377640587285855e-08,2.7018440313937355e-35,5.334241451236023e-09
0.0023750000000000004,0.23750000000000004,302.46639266459636,1.2888734225654676e-08,4.589026430202268e-35,7.962906300322511e-09
0.0024062500000000004,0.24062500000000006,304.6232440604772,1.5990321125489926e-08,8.674292039481672e-35,1.1569273251288467e-08
0.0024375000000000004,0.24375000000000005,307.24604816972067,1.9824071998097246e-08,1.8512807917343917e-34,1.64844017559136e-08
0.0024687500000000005,0.24687500000000004,310.415961864136,2.4572183859899552e-08,4.5229258798458906e-34,2.3159935847070094e-08
0.0025,0.25,314.2221500246046,3.0472184930374996e-08,1.2802938096279165e-33,3.218114745261174e-08
0.00253125,0.25312499999999993,318.76067757580364,3.7837322248993084e-08,4.237504459810497e-33,4.4299329445832854e-08
0.0025625,0.25625,324.1327723869165,4.708409002027098e-08,1.648356302342539e-32,6.047249774628088e-08
0.00259375,0.259375,330.44244916755014,5.876862191636809e-08,7.539849946514118e-32,8.19028335540187e-08
0.002625,0.2625,337.7935609194023,7.363384469628062e-08,4.040078715472415e-31,1.1006429986247413e-07
0.00265625,0.26562499999999994,346.28643164526113,9.26695892667046e-08,2.5180698795902794e-30,1.467066204796338e-07
0.0026875,0.26875,356.01430569567964,1.1718850699852268e-07,1.8084176178897108e-29,1.9381131356791337e-07
0.00271875,0.271875,367.0599060368407,1.4892203950467483e-07,1.4775139525148032e-28,2.53462403401771e-07
0.00275,0.275,379.4924091126189,1.9014347871622244e-07,1.3481593352078578e-27,3.2757966224302266e-07
0.00278125,0.278125,393.3651097938246,2.4383029301393675e-07,1.340270387103324e-26,4.174450276327953e-07
0.0028125,0.28125,408.7139705055588,3.138864108063353e-07,1.4108358790937969e-25,5.229277278324315e-07
0.002828125,0.2828125,416.95764771745985,3.5750394768693635e-07,4.639710706799249e-25,5.831603161007527e-07
0.00284375,0.284375,425.5879631270671,4.075815307555424e-07,1.5331408032208168e-24,6.469259228289175e-07
0.002859375,0.2859375,434.60447953910455,4.651017778581192e-07,5.071512937320506e-24,7.133390595484872e-07
0.002875,0.2875,444.00566305976173,5.312111252192104e-07,1.673452802127609e-23,7.811390974363742e-07
0.002890625,0.2890625,453.7889462695372,6.072541622778859e-07,5.48973721523772e-23,8.487442704430931e-07
0.00290625,0.290625,463.9508002186685,6.948171388117484e-07,1.784816402809545e-22,9.143745292665077e-07
0.002921875,0.2921875,474.4868130159964,7.957838529185195e-07,5.734464045100247e-22,9.763192585457751e-07
0.0029375,0.29375,485.3917728018355,9.124081609660549e-07,1.816032214048033e-21,1.0334319284099708e-06
0.002953125,0.2953125,496.6597529730194,1.0474085266638019e-06,5.6557160806407464e-21,1.0858978748138493e-06
0.00296875,0.296875,508.2841976522219,1.2040909727992011e-06,1.728702340221127e-20,1.136068501221806e-06
0.002984375,0.2984375,520.2580055518343,1.386507208783193e-06,5.177198036520271e-20,1.1888667747559792e-06
0.003,0.3,532.5736105634393,1.5996544014200305e-06,1.5171472837896782e-19,1.2514743483659565e-06
0.003015625,0.3015625,545.223057596183,1.849722001539938e-06,4.345950692569189e-19,1.3324894632956195e-06
0.00303125,0.303125,558.1980723819,2.144389257211321e-06,1.2161554945205751e-18,1.4410741395501006e-06
0.003046875,0.3046875,571.4901241560627,2.4931745040236174e-06,3.323784405309089e-18,1.5866968999522781e-06
0.0030625,0.30625,585.0904803103938,2.9078339079395664e-06,8.873452610263479e-18,1.779650621705923e-06
0.003078125,0.3078125,598.9902522990468,3.4028029257443444e-06,2.3155234542287598e-17,2.0320107309313745e-06
0.00309375,0.309375,613.180432273949,3.995668386225068e-06,5.913032146077911e-17,2.358620119524385e-06
0.003109375,0.31093750000000003,627.6519201379966,4.707653187797067e-06,1.4802466268913008e-16,2.777853130334647e-06
0.003125,0.3125,642.3955409514915,5.564090078114092e-06,3.6412269106545743e-16,3.311969059468176e-06
0.003140625,0.3140625,657.4020529213279,6.5948573205185615e-06,8.827810769952142e-16,3.986776701949776e-06
0.0031484375,0.31484375000000003,665.0012195381248,7.192487742800311e-06,1.3685327738825052e-15,4.39152683453937e-06
0.00315625,0.315625,672.6632325772433,7.848090541267419e-06,2.11686972214132e-15,4.842917038963112e-06
0.0031640625,0.31640625,680.3868956605073,8.566974925945622e-06,3.26884914037335e-15,5.344722220801888e-06
0.003171875,0.3171875,688.1710065002627,9.354796072417661e-06,5.0418501550937045e-15,5.900698400898263e-06
0.0031796875,0.31796875,696.0143562123798,1.0217559196747127e-05,7.771696160855064e-15,6.514600467538324e-06
0.0031875,0.31875000000000003,703.9157285850991,1.1161621796382988e-05,1.1978826323378896e-14,7.190243432407007e-06
0.0031953125,0.31953125000000004,711.8738993199026,1.2193694408823144e-05,1.847290408626816e-14,7.931594796474339e-06
0.003203125,0.3203125,719.8876352627533,1.3320840259358768e-05,2.8516634294322516e-14,8.742877645189405e-06
0.0032109375,0.32109375,727.9556936458183,1.455047419488148e-05,4.4091436676984334e-14,9.628659681943672e-06
0.0032187500000000003,0.321875,736.076821360395,1.5890361310983636e-05,6.83200340295255e-14,1.0593908894972876e-05
0.0032265625000000003,0.32265625000000003,744.2497542819627,1.734861566104374e-05,1.0615696892714229e-13,1.1644011784411465e-05
0.0032343750000000003,0.32343750000000004,752.4732166673805,1.8933699379446937e-05,1.6551692692451771e-13,1.2784767652067438e-05
0.0032421875000000003,0.32421875,760.7459206429068,2.06544224510328e-05,2.5916844950315224e-13,1.4022380927852591e-05
0.0032500000000000003,0.325,769.0665657993327,2.2519943213669765e-05,4.079600856689506e-13,1.5363469190429918e-05
0.0032578125000000003,0.32578125,777.4338389077734,2.4539769493564845e-05,6.463676921544738e-13,1.6815093509539404e-05
0.0032656250000000003,0.32656250000000003,785.8464137660501,2.672376005121348e-05,1.032672355410175e-12,1.8384809014940657e-05
0.0032734375000000003,0.32734375000000004,794.3029511818116,2.9082125772517876e-05,1.6675606746781603e-12,2.008073082324037e-05
0.0032812500000000003,0.328125,802.8020990942263,3.162542979121995e-05,2.7304588492983455e-12,2.191161132986272e-05
0.0032890625000000003,0.32890625,811.3424928318758,3.436458549542765e-05,4.553361748139833e-12,2.3886925446417983e-05
0.0032968750000000003,0.3296875,819.9227555001593,3.731085117385434e-05,7.778953750878008e-12,2.6016959537235708e-05
0.0033046875000000003,0.33046875000000003,828.5414984876683,4.047581991722207e-05,1.3721632322228814e-11,2.8312899287381506e-05
0.0033125000000000003,0.33125000000000004,837.197322077384,4.3871403324868655e-05,2.524899636920199e-11,3.078691215380415e-05
0.0033203125000000003,0.3320312500000001,845.8888161457558,4.7509807588967856e-05,4.911331023843626e-11,3.3452220142536874e-05
0.0033281250000000004,0.3328125,854.6145609303903,5.140350064515517e-05,1.0270554223930132e-10,3.6323157977715535e-05
0.0033359375000000004,0.33359375,863.3731278457617,5.556516928740912e-05,2.3578787169396223e-10,3.9415211255166295e-05
0.0033437500000000004,0.33437500000000003,872.1630803255828,6.00076654374827e-05,6.090594053234813e-10,4.274502948544955e-05
0.0033515625000000004,0.33515625000000004,880.9829746706874,6.47439411185391e-05,1.8136769216855087e-09,4.63304097583195e-05
0.0033593750000000004,0.3359375000000001,889.8313608819765,6.978697208674927e-05,6.2658653756973134e-09,5.0190247704373186e-05
0.0033671875000000004,0.33671875,898.7067834594608,7.514967049765915e-05,2.3682877051857294e-08,5.43444534925087e-05
0.0033750000000000004,0.3375,907.6077821502364,8.084478739901353e-05,8.707164418160947e-08,5.8813831979258986e-05
0.0033828125000000004,0.33828125000000003,916.5328926305408,8.688480622159226e-05,3.227700162144162e-07,6.361992797215569e-05
0.0033906250000000004,0.33906250000000004,925.4806471094153,9.328182875751208e-05,1.2566914535611585e-06,6.878484027955771e-05
0.0033984375000000004,0.3398437500000001,934.4495748440896,0.00010004745533823668,2.464794282151602e-06,7.433101313602195e-05
0.0034062500000000004,0.340625,943.4382025594658,0.0001071926609908488,3.3566844163140737e-06,8.028102490463979e-05
0.0034140625000000004,0.34140625,952.4450547657314,0.00011472766910557692,4.488804848546446e-06,8.665742457268107e-05
0.0034218750000000004,0.34218750000000003,961.4686539675768,0.0001226618231475986,6.146085469050808e-06,9.348275480683778e-05
0.0034375000000000005,0.3437500000000001,979.5614224880852,0.00013966773575934261,1.24619964329299e-05,0.00010850066782165869
0.0034453125000000005,0.34453125,988.6261123162503,0.00014884016006190288,1.7890484583005907e-05,0.00011678965173105749
0.0034531250000000005,0.3453125,997.7016406339087,0.00015843714729336524,2.4957292415577065e-05,0.00012560126937629675
0.0034609375000000005,0.34609375000000003,1006.7865200916252,0.0001684618493304921,3.34330849634562e-05,0.00013495027319259786
0.0034687500000000005,0.34687500000000004,1015.8792906789804,0.00017891590897974006,4.308594415010554e-05,0.00014484956567099218
0.0034765625000000005,0.3476562500000001,1024.9785050088342,0.00018979935841151205,5.376578380594918e-05,0.0001553081021962949
0.0034843750000000005,0.3484375000000001,1034.0827189531344,0.00020111056533774318,6.538787152015584e-05,0.00016633205642288036
0.0034921875000000005,0.34921875,1043.1904914885629,0.0002128461813328324,7.790482030991851e-05,0.00017792433326580486
0.0035,0.35,1052.3003845221583,0.0002250011034419254,9.128793944915993e-05,0.000190084472982792
0.0035078125,0.35078124999999993,1061.4109627116918,0.0002375684491405605,0.00010551660041003638,0.000202808615919434
0.003515625,0.35156249999999994,1070.5207932962483,0.0002505395446494015,0.0001205723557272301,0.00021608951514842927
0.0035234375,0.35234375,1079.6284459527167,0.0002639039264851154,0.00013643580075417607,0.00022991658193809804
0.00353125,0.353125,1088.7324926937745,0.00027764935598951487,0.00015308503976517305,0.0002442759558722147
0.0035390625,0.35390625,1097.83150782255,0.00029176184644079297,0.00017049503732296286,0.0002591505993827974
0.003546875,0.35468749999999993,1106.9240679584689,0.0003062257022193554,0.00018863739096454027,0.00027452042034174497
0.0035546875,0.35546874999999994,1116.0087521479022,0.0003210235693807713,0.00020748027706556487,0.00029036242472010014
0.0035625,0.35625,1125.084142072096,0.00033613649688173027,0.00022698848240135518,0.00030665089689714184
0.0035703125,0.35703125,1134.1488223635695,0.0003515440076148132,0.00024712350944447003,0.0003233576022983384
0.003578125,0.3578125,1143.201381040705,0.0003672241783360093,0.0002678437527322355,0.00034045200536181514
0.0035859375,0.35859375,1152.2404100686904,0.0003831537275174088,0.0002891047314350333,0.00035790149644493235
0.00359375,0.35937499999999994,1161.2645060532984,0.00039930811012770087,0.00031085935722790977,0.0003756716223274221
0.0036015625,0.36015625,1170.2722710722862,0.0004156616183357622,0.00033305821990832127,0.0003937263160087912
0.003609375,0.3609375,1179.262313647418,0.00043218748714815537,0.00035564987853510353,0.0004120281224416289
0.0036171875,0.36171875,1188.2332498583455,0.00044885800402883104,0.0003785811501549293,0.0004305384177617853
0.003625,0.3625,1197.1837045977502,0.00046564462160791795,0.0004017973907279697,0.0004492176203482908
0.0036328125,0.36328125,1206.1123129653108,0.000482518072663371,0.0004252427646223978,0.0004680253926824958
0.003640625,0.3640625,1215.0177217961302,0.0004994484866521992,0.00044886050027237803,0.0004869208338883373
0.0036484375,0.36484375,1223.898591317269,0.0005164055071725036,0.0004725931309109245,0.0005058626631264509
0.00365625,0.365625,1232.753596923895,0.0005333584098497141,0.0004963827203087551,0.0005248093946496926
0.0036640625,0.36640625,1241.5814310642968,0.0005502762202547211,0.0005201710744957131,0.000543719505598529
0.003671875,0.3671875,1250.3808052205761,0.0005671278315725081,0.0005438999413131985,0.0005625515978314498
0.0036796875,0.36796875,1259.1504519692635,0.000583882121841784,0.0005675112004268694,0.0005812645551866528
0.0036875,0.36875,1267.88912710342,0.0006005080706727158,0.0005909470469566692,0.0005998176975566961
0.0036953125,0.36953125,1276.5956117950916,0.0006169748754160847,0.0006141501722414876,0.0006181709330524452
0.003703125,0.3703125,1285.268714774404,0.0006332520667975741,0.0006370639453397201,0.0006362849093616731
0.0037109375,0.37109375,1293.9072744992518,0.0006493096240424415,0.000659632598690253,0.0006541211651281267
0.00371875,0.371875,1302.5101612877072,0.0006651180894951334,0.0006818014209138931,0.0006716422818980362
0.0037265625,0.37265625,1311.0762793840581,0.0006806486826853645,0.000703516959042032,0.000688812036786941
0.003734375,0.3734375,1319.6045689290768,0.0006958734137077615,0.0007247272315548613,0.0007055955556220041
0.0037421875,0.37421875,1328.0940078057838,0.0007107651956696108,0.0007453819525492625,0.0007219594658611678
0.00375,0.375,1336.5436133337496,0.0007252979558256305,0.0007654327662026636,0.0007378720481322665
0.0037578125,0.37578125,1344.9524437878395,0.0007394467448676555,0.0007848334895253126,0.0007533033847672933
0.003765625,0.3765625,1353.3195997211901,0.0007531878436788501,0.0008035403602734187,0.0007682255032894003
0.0037734375,0.37734375,1361.6442250769,0.000766498866706857,0.000821512285896031,0.0007826125124502228
0.00378125,0.378125,1369.9255080781786,0.0007793588609687375,0.0008387110885678912,0.000796440728162461
0.0037890625,0.37890625,1378.1626818921775,0.0007917483995828402,0.0008551017407636469,0.00080968878655103
0.003796875,0.3796875,1386.3550250681292,0.0008036496686395328,0.0008706525854861787,0.0008223377413784624
0.0038046875,0.38046875,1394.5018617553794,0.0008150465461821135,0.0008853355351891519,0.0008343711433038849
0.0038125,0.38125,1402.6025617111727,0.0008259246720790261,0.0008991262436328387,0.0008457750988149196
0.0038203125,0.38203125,1410.656540111425,0.0008362715076326457,0.0009120042453712052,0.000856538307243408
0.003828125,0.3828125,1418.663257180095,0.0008460763838907308,0.0009239530582650477,0.000866652075073964
0.0038359375,0.38359375,1426.6222176541007,0.000855330537800759,0.0009349602453172724,0.0008761103078920924
0.00384375,0.384375,1434.5329701010662,0.0008640271355655723,0.0009450174331922688,0.0008849094820839267
0.0038515625,0.38515625,1442.3951061065345,0.000872161282798259,0.0009541202859636377,0.0008930486014933418
0.003859375,0.3859375,1450.2082593456867,0.0008797300212864109,0.0009622684338817306,0.0009005291502909653
0.0038671875,0.38671875,1457.9721045518515,0.0008867323122529867,0.0009694653582089013,0.0009073550660019672
0.003875,0.3875,1465.6863563895668,0.0008931690057061988,0.00097571823438028,0.0009135327842755931
0.0038828125,0.38828125,1473.350768232377,0.0008990427942708023,0.0009810377368571683,0.0009190714680913727
0.003890625,0.3890625,1480.9651308321056,0.0009043581465886293,0.000985437809996832,0.0009239836698791855
0.00390625,0.390625,1496.0437591702055,0.0009133109570515684,0.0009916564041839973,0.0009319569100977633
0.003921875,0.3921875,1510.920915220813,0.0009201249099059828,0.0009944398961557466,0.0009375790152906648
0.0039375,0.39375,1525.5961559434686,0.0009248833539354061,0.0009939879514695505,0.0009409735154954053
0.003953125,0.3953125,1540.0695018916479,0.0009276886859095223,0.0009905243807687867,0.0009422855003312149
0.00396875,0.396875,1554.3413889910962,0.000928658495979832,0.0009842876770445822,0.0009416721887994851
0.003984375,0.3984375,1568.4126175486654,0.0009279217614708137,0.0009755224971208382,0.0009392977183734164
0.004,0.4,1582.284298827937,0.0009256152687845652,0.0009644724541844074,0.0009353292477428293
0.004015625,0.4015625,1595.9577994487295,0.0009218803561343897,0.0009513743971308078,0.0009299337942368172
0.00403125,0.403125,1609.4346839392724,0.0009168600219714336,0.0009364541873491166,0.0009232756564125867
0.004046875,0.4046875,1622.7166558568485,0.0009106964077508488,0.000919923860757482,0.0009155143402314283
0.0040625,0.40625,1635.8054979513238,0.0009035286364054935,0.0009019799868419312,0.0009068029127624142
0.004078125,0.4078125,1648.7030118601378,0.0008954909695371324,0.0008828030024286989,0.0008972867103676855
0.00409375,0.409375,1661.4109577893869,0.0008867112356584299,0.0008625572961813492,0.000887102347114925
0.004109375,0.4109375,1673.9309945493906,0.0008773094757666313,0.0008413918392506848,0.0008763770354836523
0.004125,0.4125,1686.2646201409652,0.0008673967444067425,0.0008194411881483499,0.0008652284577127855
0.004140625,0.4140625,1698.413112673195,0.0008570739751873483,0.0007968267201182487,0.0008537662155298516
0.00415625,0.415625,1710.3774701137534,0.0008464307050763166,0.0007736579938709885,0.0008420986542402398
0.0041875,0.41875,1733.7579034962039,0.0008244907658114187,0.0007264021119719235,0.0008183392142263026
0.00421875,0.421875,1756.406909708806,0.0008020592167395664,0.0006780041571442006,0.0007945269574002426
0.00425,0.425,1778.3173640019534,0.0007793874667081358,0.0006290554113626615,0.0007709045358123318
0.00428125,0.428125,1799.4725706897495,0.0007564874081879503,0.000580083125462991,0.0007474927581837773
0.0043125,0.43125,1819.8446048554829,0.0007331277204909747,0.0005315822212086497,0.0007240156088762719
0.004328125,0.4328125,1829.7208566439836,0.0007210771643825787,0.0005075380855987531,0.0007122294417594857
0.00434375,0.434375,1839.3842568785587,0.0007086939771968957,0.0004837992320879865,0.0007001811492372293
0.004359375,0.4359375,1848.8273302213306,0.0006958632780409558,0.00046042929871178165,0.0006877851601494125
0.004375,0.4375000000000001,1858.0416185606878,0.0006824608280362434,0.0004374936295024584,0.0006749223323907282
0.004390625,0.4390625,1867.0176460220919,0.0006683532137092566,0.00041505945202965363,0.0006614540322837577
0.00440625,0.440625,1875.74398098994,0.0006534000318526098,0.0003931951423908293,0.000647228309069707
0.0044218750000000005,0.4421875,1884.2090840361905,0.0006374576531392612,0.0003719710148284573,0.0006320836827890091
0.0044375000000000005,0.44375,1892.4004057461484,0.0006203841837314321,0.0003514583721865185,0.0006158553677397278
0.0044531250000000005,0.4453125000000001,1900.3044404546947,0.0006020456707467468,0.00033172856290881195,0.0005983813825025625
0.0044687500000000005,0.446875,1907.9068159966644,0.0005823234156446178,0.00031285160231280066,0.0005795096508249205
0.0044843750000000005,0.4484375,1915.1924287886466,0.0005611223448562028,0.00029489429536563963,0.0005591053848959358
0.0044921875000000005,0.4492187500000001,1918.7106000333044,0.0005499322916920987,0.00028626944617623845,0.0005483132856499976
0.0045000000000000005,0.4500000000000001,1922.143726042992,0.000538351293443966,0.00027789774442000295,0.0005370986049126949
0.0045078125000000005,0.45078125,1925.4897899629086,0.0005263769572003154,0.0002697855042398036,0.0005254575565843651
0.0045156250000000005,0.4515625,1928.7467728626675,0.0005140101316940953,0.00026193828950632817,0.0005133884753190446
0.0045234375000000005,0.45234375,1931.9126629479529,0.0005012550529625631,0.0002543607978535265,0.0005008925901763706
0.0045312500000000006,0.4531250000000001,1934.9854659372888,0.00048811949572625195,0.000247056740162044,0.00048797454907157354
0.0045390625000000006,0.4539062500000001,1937.9632164000159,0.00047461491235333583,0.00024002871673798077,0.0004746427933713253
0.004546875000000001,0.4546875,1940.8439899036994,0.00046075654635126484,0.00023327809110174479,0.00046090983163068436
0.004554687500000001,0.45546875,1943.6259158386115,0.00044656351032546936,0.00022680486159175385,0.0004467924354663496
0.004562500000000001,0.45625,1946.307190788261,0.00043205882027904784,0.00022060752975240709,0.000432311767304795
0.004570312500000001,0.4570312500000001,1948.8860923061316,0.00041726937955855874,0.00021468296254318483,0.0004174934431849879
0.004578125000000001,0.4578125000000001,1951.3609929447384,0.000402225906990932,0.00020902624258094824,0.0004023675307562541
0.004585937500000001,0.4585937500000001,1953.7303743666928,0.00038696280497584295,0.00020363049668752919,0.0003869684813909185
0.004593750000000001,0.459375,1955.9928413505613,0.0003715179645876497,0.0001984866877081331,0.00037133499500351536
0.004601562500000001,0.46015625,1958.1471354884384,0.00035593250614344686,0.00019358334761548836,0.000355509816223917
0.004609375000000001,0.4609375000000001,1960.192148358257,0.00034025045522080203,0.00018890622104511423,0.00033953946074525995
0.004617187500000001,0.4617187500000001,1962.126933942984,0.0003245183557499764,0.00018443777743862194,0.0003234738708482973
0.004625000000000001,0.4625000000000001,1963.9507200616897,0.0003087848235352998,0.0001801565370747531,0.0003073659993006812
0.004632812500000001,0.46328125,1965.6629185748197,0.0002931000453395536,0.0001760361425768655,0.00029127132114560583
0.004640625000000001,0.4640625,1967.2631341283509,0.0002775152304444845,0.0001720440964671951,0.0002752472735046804
0.004648437500000001,0.4648437500000001,1968.751171209542,0.0002620820233216282,0.00016814008562893954,0.00025935262464409314
0.004656250000000001,0.4656250000000001,1970.1270393009313,0.0002468518876459523,0.0001642738443695807,0.0002436467754107392
0.004664062500000001,0.4664062500000001,1971.3909559395272,0.00023187547329232865,0.0001603826081141369,0.00022818899890157982
0.004671875000000001,0.4671875,1972.5433475148086,0.00021720197910176376,0.0001563884499019174,0.0002130376279365103
0.004679687500000001,0.46796875,1973.5848476721922,0.0002028785250240933,0.00015219627620948018,0.0001982492044447319
0.004687500000000001,0.4687500000000001,1974.5162932277701,0.00018894954767587882,0.00014769407987614148,0.0001838776099232359
0.004695312500000001,0.4695312500000001,1975.3387175448913,0.0001754562333465208,0.0001427581050895413,0.00016997320115492374
0.004703125000000001,0.4703125000000001,1976.0533413727294,0.00016243600200723795,0.0001372661802887532,0.000156581979694734
0.004710937500000001,0.4710937500000001,1976.661561200428,0.00014992205490997764,0.00013112098478150009,0.00014374482649278183
0.004718750000000001,0.471875,1977.164935236256,0.00013794299691298603,0.00012427970623736723,0.0001314968337395836
0.004726562500000001,0.4726562500000001,1977.5651671779533,0.00012652254276703748,0.00011677883073459004,0.00011986676411773342
0.004734375000000001,0.4734375000000001,1977.8640879961654,0.00011567931429788015,0.00010873974292311633,0.00010887666298744728
0.004742187500000001,0.4742187500000001,1978.0636360055246,0.00010542673280720412,0.000100349101808839,9.854164187748574e-05
0.004750000000000001,0.4750000000000001,1978.1658355454085,9.577300818954311e-05,9.182269805615981e-05,8.88698426356659e-05
0.004757812500000001,0.47578125,1978.172774632558,8.672122334602257e-05,8.33691718612022e-05,7.986258163617099e-05
0.004765625000000001,0.4765625000000001,1978.086581978536,7.826950959817694e-05,7.516540359806074e-05,7.151466359300809e-05
0.004773437500000001,0.4773437500000001,1977.909403784861,7.041130609889885e-05,6.734601138312181e-05,6.381484578933882e-05
0.004781250000000001,0.4781250000000001,1977.6433807361896,6.313569382919829e-05,6.00033080257538e-05,5.6746426693517455e-05
0.004789062500000001,0.4789062500000001,1977.290625606444,5.64277927697895e-05,5.3192803655283585e-05,5.0287928478549824e-05
0.004796875000000001,0.4796875,1976.8532018742644,5.0269209333594285e-05,4.6940584950069205e-05,4.441384103576272e-05
0.004804687500000001,0.4804687500000001,1976.3331037130206,4.463852019783954e-05,4.125053740958788e-05,3.9095395510970096e-05
0.004812500000000001,0.4812500000000001,1975.7322376782674,3.951177830832212e-05,3.6110553669321306e-05,3.4301337798848385e-05
0.004820312500000001,0.4820312500000001,1975.0524063636346,3.486302703545028e-05,3.1497520621356817e-05,2.9998676284164875e-05
0.004828125000000001,0.4828125000000001,1974.2952942371578,3.066480920113608e-05,2.7381170582891848e-05,2.6153382857962813e-05
0.004835937500000001,0.4835937500000001,1973.462455806573,2.6888658898784408e-05,2.3726980922823186e-05,2.2731031343793825e-05
0.004843750000000001,0.4843750000000001,1972.5553061969747,2.3505565604838826e-05,2.049831674069492e-05,1.96973625137541e-05
0.004851562500000001,0.4851562500000001,1971.5751141603296,2.0486401924882008e-05,1.7657987448850525e-05,1.7018769537183378e-05
0.004859375000000001,0.4859375000000001,1970.5229974762199,1.7802308319463127e-05,1.5169355952458521e-05,1.4662701779026858e-05
0.004867187500000001,0.4867187500000001,1969.3999206492801,1.5425030206198093e-05,1.2997108847726887e-05,1.259798824107018e-05
0.004875000000000001,0.4875000000000001,1968.206694762881,1.3327204836151385e-05,1.1107770900607441e-05,1.0795084587183597e-05
0.004882812500000001,0.4882812500000001,1966.9439793122,1.1482597210105189e-05,9.47002731669441e-06,9.226249639436446e-06
0.004890625000000001,0.4890625000000001,1965.6122858137094,9.866285969350668e-06,8.054902220485561e-06,7.86565853827236e-06
0.004898437500000001,0.4898437500000001,1964.2119829729002,8.454801623034183e-06,6.835830354048752e-06,6.689460509129983e-06
0.004906250000000001,0.4906250000000001,1962.743303187702,7.2262206392904725e-06,5.788650401762052e-06,5.6757894569470775e-06
0.004914062500000001,0.4914062500000001,1961.2063501715206,6.16021983185041e-06,4.891541792358978e-06,4.804735507187026e-06
0.004921875000000001,0.4921875000000001,1959.6011074967075,5.238096139385125e-06,4.124921831398043e-06,4.058285209057917e-06
0.004929687500000001,0.4929687500000001,1957.9274478862808,4.442757359441567e-06,3.471316096945843e-06,3.4202374757359844e-06
0.004937500000000001,0.4937500000000001,1956.185143118136,3.758689700575844e-06,2.9152119505729593e-06,2.876101547165729e-06
0.004953125000000001,0.4953125000000001,1952.4934570389637,2.6819043408494163e-06,2.0546853846750704e-06,2.031704611903144e-06
0.004968750000000001,0.4968750000000001,1948.5223212601452,1.898909470445837e-06,1.4401351147276889e-06,1.426645134609806e-06
0.004984375000000001,0.4984375000000001,1944.2669222574127,1.3350344697489687e-06,1.004394650713723e-06,9.965023057767736e-07
0.005,0.5,1939.7216603203628,9.325812432992337e-07,6.973806378047558e-07,6.928014205646004e-07
0.005015624999999999,0.5015624999999999,1934.8803745745583,6.476908230107334e-07,4.822664801091665e-07,4.796462195168447e-07
0.005031249999999999,0.5031249999999999,1929.7365418488214,4.4752448011553537e-07,3.3229133270866184e-07,3.308188710824065e-07
0.005046874999999999,0.5046875,1924.2834465116107,3.0783259224102386e-07,2.2820117981105023e-07,2.2739006486713986e-07
0.005062499999999999,0.5062499999999999,1918.514321716913,2.1093189920462805e-07,1.5625644525793796e-07,1.558181013326328e-07
0.005078124999999999,0.5078124999999999,1912.4224642851832,1.4407322174761053e-07,1.0671949617677824e-07,1.0648615456117065e-07
0.005093749999999999,0.5093749999999999,1906.0013262539087,9.81582876166212e-08,7.27302370243341e-08,7.26068596694965e-08
0.005109374999999999,0.5109374999999999,1899.2445863496396,6.675347547292294e-08,4.948260090024778e-08,4.941689053477191e-08
0.005124999999999999,0.5125,1892.1462045168566,4.534642263007407e-08,3.362722396467589e-08,3.359124820495385e-08
0.005140624999999999,0.5140625,1884.7004623562646,3.0795125151373446e-08,2.284118694899061e-08,2.2820434750606023e-08
0.005156249999999999,0.5156249999999999,1876.9019919790658,2.0925691520106435e-08,1.552024812364222e-08,1.5507343979608368e-08
0.005171874999999999,0.5171874999999999,1868.7457954334866,1.4242418494745982e-08,1.0560531339456522e-08,1.0551775986736292e-08
0.005187499999999999,0.5187499999999999,1860.227256535224,9.721180481211775e-09,7.205027643736972e-09,7.198575612077553e-09
0.005203124999999999,0.5203125,1851.3421466469574,6.663644147181993e-09,4.93639931693643e-09,4.9313312794350055e-09
0.005218749999999999,0.521875,1842.0866257058442,4.59528862043201e-09,3.4023868725989835e-09,3.3982450783352634e-09
0.005234375,0.5234374999999999,1832.457239589472,3.1946045304759004e-09,2.363999232303377e-09,2.3605547746872736e-09
0.00525,0.5249999999999999,1822.4509147354465,2.244259797829945e-09,1.6596195209252059e-09,1.6567550265381199e-09
0.005265625,0.5265624999999999,1812.064950782732,1.5976060831921956e-09,1.1802442317563996e-09,1.1778949311733865e-09
0.00528125,0.528125,1801.2970118797284,1.155817284500351e-09,8.524973608940881e-10,8.50622080253e-10
0.005296875,0.5296875,1790.1451172008926,8.523486014623435e-10,6.27045348290181e-10,6.256128661579701e-10
0.0053125,0.5312499999999999,1778.6076311276652,6.424078937615963e-10,4.70736788837606e-10,4.697199076731896e-10
0.005328125,0.5328124999999999,1766.6832534778955,4.958425685475482e-10,3.6129206159377053e-10,3.606654364209905e-10
0.00534375,0.5343749999999999,1754.3710101090585,3.92344601222027e-10,2.837275365850903e-10,2.8346716700788937e-10
0.005359375,0.5359375,1741.6702441725745,3.1822366234833596e-10,2.2795346775875092e-10,2.2803686026741384e-10
0.005375,0.5375,1728.580608258194,2.6423813302505937e-10,1.8716295214852072e-10,1.8756945124952446e-10
0.005390625,0.5390625,1715.1020576375156,2.2413828257308225e-10,1.567524496613885e-10,1.574635504036369e-10
0.00540625,0.5406249999999999,1701.234844793215,1.9368809792175865e-10,1.335987590164203e-10,1.3459832952341308e-10
0.005421875,0.5421874999999999,1686.9795154045873,1.70008457287162e-10,1.1557470378696581e-10,1.1684910395040578e-10
0.0054375,0.54375,1672.336905949673,1.5113589196662237e-10,1.0122453562225638e-10,1.0276265849053012e-10
0.005453125,0.5453125,1657.3081430787238,1.357259456081173e-10,8.954618955007364e-11,9.133943805466414e-11
0.00546875,0.546875,1641.8946449122961,1.2285352712106126e-10,7.984502359412439e-11,8.18872451089243e-11
0.005484375,0.5484374999999999,1626.0981244190266,1.1187835513850295e-10,7.163540940372392e-11,7.392280338277801e-11
0.0055,0.5499999999999999,1609.9205950322837,1.023541188666906e-10,6.457438625400336e-11,6.710539266077659e-11
0.005515625,0.5515625,1593.3643786706605,9.396703094236169e-11,5.841682425253845e-11,6.119199547542847e-11
0.00553125,0.553125,1576.4321163337347,8.649416798208715e-11,5.298504334441735e-11,5.6006896499406864e-11
0.005546875,0.5546875,1559.1267814509208,7.977515397083873e-11,4.814816819619846e-11,5.142100853424725e-11
0.0055625,0.5562499999999999,1541.4516961668296,7.369285705360153e-11,4.3808058919949156e-11,4.733775958615489e-11
0.005578125,0.5578124999999999,1523.4105507506754,6.816018746741011e-11,3.988969847308868e-11,4.368341666799282e-11
0.00559375,0.559375,1505.0074263194456,6.311103442005589e-11,3.6334613133582534e-11,4.0400419018508115e-11
0.005609375,0.5609375,1486.2468210643262,5.849401703283711e-11,3.3096367171559085e-11,3.7442759210446275e-11
0.005625,0.5625,1467.133680166724,5.4268152099945606e-11,3.0137479949388054e-11,3.477276392198063e-11
0.005640625,0.5640625,1447.6734295831686,5.039982836826429e-11,2.7427318902574702e-11,3.2358835748734905e-11
0.00565625,0.5656249999999999,1427.8720138657716,4.6860669722500756e-11,2.4940652839174833e-11,3.017385911933153e-11
0.005671875,0.5671875,1407.7359381639994,4.362599955218153e-11,2.2656634358682827e-11,2.8194068717283762e-11
0.0056875,0.56875,1387.2723145214347,4.06737072084176e-11,2.0558031729454146e-11,2.6398243149953173e-11
0.005703125,0.5703125,1366.4889125376212,3.798337957028462e-11,1.863056487184044e-11,2.476712936771873e-11
0.00571875,0.571875,1345.394214418614,3.5535606246754786e-11,1.686222738311169e-11,2.3283030986999297e-11
0.005734375,0.5734374999999999,1323.9974744137446,3.331140216182148e-11,1.5242508285821395e-11,2.1929510221597712e-11
0.00575,0.575,1302.308782661296,3.1291719794515004e-11,1.3761468986929887e-11,2.0691161486358732e-11
0.005765625,0.5765625,1280.3391335398442,2.945704672676096e-11,1.2408680089568102e-11,1.9553417897033865e-11
0.00578125,0.578125,1258.1004986353125,2.7787102561675164e-11,1.1172063985053054e-11,1.850235369130164e-11
0.005796875,0.5796875,1235.6059041313554,2.626066212296845e-11,1.0036693443929957e-11,1.7524451426302226e-11
0.0058125,0.5812499999999999,1212.869511531042,2.4855538431236868e-11,8.983409198228928e-12,1.660631898053243e-11
0.005828125,0.5828125,1189.9066991133807,2.354875937887771e-11,7.981774439191586e-12,1.573437288992827e-11
0.00584375,0.584375,1166.7341399257518,2.2316969075017774e-11,6.9397759209803875e-12,1.4894552426440415e-11
0.0058515625,0.5851562499999999,1155.0760450971534,2.172340820089748e-11,6.343088157583648e-12,1.448528165312142e-11
0.005859375,0.5859375,1143.3721566328388,2.114001965393897e-11,5.669766899109502e-12,1.407851518943918e-11
0.0058671875,0.58671875,1131.6249327488706,2.0564083120194942e-11,4.929817581216148e-12,1.3672359695124685e-11
0.005875,0.5875,1119.8369223970315,1.999301650874793e-11,4.1601853430237716e-12,1.3264800813934464e-11
0.0058828125,0.58828125,1108.0107662960643,1.9424413331611477e-11,3.4086717574445218e-12,1.285335104831697e-11
0.005890625,0.5890625,1096.1491976910108,1.885608059242709e-11,2.712173061043376e-12,1.2434127470050873e-11
0.0058984375,0.58984375,1084.2550428428494,1.8286076206461905e-11,2.080870230861795e-12,1.2000329571385766e-11
0.00590625,0.590625,1072.3312212397934,1.7712744815311317e-11,1.4938207660816097e-12,1.1540945789376939e-11
0.0059140625,0.59140625,1060.3807455113997,1.7134750727297893e-11,9.201363384819168e-13,1.1041337002471264e-11
0.005921875,0.5921875,1048.4067210173803,1.6551106625163225e-11,4.466194039323043e-13,1.0486857771670127e-11
0.0059296875,0.59296875,1036.4123450760226,1.5961196648441294e-11,2.203542733353248e-13,9.868659649225908e-12
0.0059375,0.59375,1024.4009057928188,1.536479248995939e-11,1.2707756027287177e-13,9.188855966143333e-12
0.0059453125,0.59453125,1012.3757804495204,1.476206125390733e-11,8.109423132956102e-14,8.462223312040946e-12
0.005953125,0.5953125,1000.3404334168996,1.415356401417067e-11,5.492654827409193e-14,7.713545225648791e-12
0.0059609375,0.59609375,988.2984135617039,1.3540244289257455e-11,3.8059119099804856e-14,6.971992100047675e-12
0.00596875,0.596875,976.2533581370261,1.2923405899384953e-11,5.4026861018097865e-16,6.2649803092711425e-12
0.0059765625,0.59765625,964.2089695080382,1.2304680692455403e-11,1.1888850168384115e-17,5.613634873977297e-12
0.005984375,0.5984375,952.1690107358496,1.168598591936108e-11,3.065151408688212e-18,5.0306536067515405e-12
0.0059921875,0.59921875,940.13730113213,1.1069472777102222e-11,1.3314960993257969e-18,4.520449051800821e-12
0.006,0.6,928.1177114217356,1.0457467539317005e-11,7.094231025562048e-19,4.0807402870084164e-12
0.0060078125,0.60078125,916.1141585706388,9.852407282348583e-12,4.184557968720892e-19,3.7047452693008145e-12
0.006015625,0.6015625,904.1306003501019,9.256772592260538e-12,2.6121977014339657e-19,3.3833112880546957e-12
0.0060234375,0.60234375,892.1710297206558,8.673019888346133e-12,1.6858403671912194e-19,3.1066285217895824e-12
0.00603125,0.603125,880.2394691286428,8.103516090376575e-12,1.108225939928383e-19,2.865403620938865e-12
0.0060390625,0.60390625,868.3399648154281,7.550478271407545e-12,7.356281028540532e-20,2.6515353647603857e-12
0.006046875,0.6046875,856.476581242227,7.015920673716242e-12,4.9037069386859685e-20,2.458398210244921e-12
0.0060546875,0.60546875,844.6533957339954,6.501611038497376e-12,3.268218834718269e-20,2.280858019895375e-12
0.0060625,0.60625,832.8744934411889,6.009037644241671e-12,2.1714297328419505e-20,2.115131939999773e-12
0.0060703125,0.60703125,821.1439627112924,5.539387811503661e-12,1.434966237702661e-20,1.9585700948654265e-12
0.006078125,0.6078125,809.4658909499166,5.09353796901923e-12,9.416233343831281e-21,1.8094214632897697e-12
0.0060859375,0.60859375,797.8443610376851,4.672054744465814e-12,6.127101924562215e-21,1.6666096777910392e-12
0.00609375,0.609375,786.2834483509317,4.275205994124149e-12,3.948749362510031e-21,1.5295418839948214e-12
0.0061015625,0.61015625,774.7872184160449,3.902980258430991e-12,2.5178961396609863e-21,1.3979531632748412e-12
0.006109375,0.6109375,763.3597252054906,3.5551128493113663e-12,1.5869703897018587e-21,1.2717867447717701e-12
0.0061171875,0.61171875,752.0050100636937,3.231116646735967e-12,9.87752084058041e-22,1.1511059826706292e-12
0.006125,0.6125,740.7271012285756,2.9303156977490868e-12,6.065572002111021e-22,1.036032482195756e-12
0.0061328125,0.61328125,729.530013896097,2.6518798489156625e-12,3.671349441503817e-22,9.267047603912803e-13
0.006140625,0.6140625000000001,718.4177507549762,2.3948588731698265e-12,2.188100265806288e-22,8.232522682739327e-13
0.0061484375,0.61484375,707.3943029041707,2.158214839865964e-12,1.2826512998035592e-22,7.257804136863242e-13
0.00615625,0.615625,696.4636510496539,1.9408517900984267e-12,7.385627006379431e-23,6.343631424904381e-13
0.0061640625,0.61640625,685.6297668677806,1.7416420883332647e-12,4.1707988980889796e-23,5.490402157835789e-13
0.006171875,0.6171875,674.8966144114703,1.5594491044921453e-12,2.3053491698319553e-23,4.698174594835982e-13
0.0061796875,0.6179687500000001,664.2681514321025,1.393146121602184e-12,1.2438999529645697e-23,3.9666835579193907e-13
0.0061875,0.61875,653.7483304840757,1.2416315558162069e-12,6.527954731347355e-24,3.295360942086626e-13
0.0061953125,0.61953125,643.3410996816185,1.103840714517884e-12,3.314796088577515e-24,2.6833549751321773e-13
0.006203125,0.6203125,633.0504029766641,9.787544074916875e-13,1.6175434139430013e-24,2.1295445152743213e-13
0.0062109375,0.62109375,622.8801798356271,8.65404768593106e-13,7.498542860370002e-25,1.632547155391525e-13
0.00621875,0.6218750000000001,612.8343641982889,7.628786466235131e-13,3.249642851060621e-25,1.190721364975866e-13
0.006234375,0.6234375,593.1281446722674,5.862804385340187e-13,4.173318721019738e-26,4.6026697758299514e-14
0.0062421875,0.62421875,583.4761294708464,5.112380110140186e-13,8.627592625131265e-27,1.7185482900955086e-14
0.00625,0.625,573.9641452125652,4.4393378512097077e-13,1.192267577549173e-41,2.5481630596803384e-16
0.0062578125,0.6257812500000001,564.596049558388,3.837293707682441e-13,2.1769983364118754e-42,1.870349411824933e-16
0.006265625,0.6265625,555.3756666680118,3.300345073561693e-13,3.804948198114877e-43,1.3636630905593602e-16
0.0062734375,0.62734375,546.3067783043733,2.823036045408835e-13,6.3890659664330245e-44,9.875044379691664e-17
0.00628125,0.628125,537.3931136199061,2.400321310134229e-13,1.0309741053626342e-44,7.102266858530788e-17
0.0062890625,0.62890625,528.6383376319768,2.027529701520563e-13,1.6024575255285776e-45,5.073187925210738e-17
0.006296875,0.6296875000000001,520.046038410394,1.7003283810153962e-13,2.4010031469507828e-46,3.5992719580920205e-17
0.0063046875,0.63046875,511.61971302968584,1.4146883404452717e-13,3.477468997142859e-47,2.5365703781655725e-17
0.0063125,0.63125,503.3627523560633,1.1668386188782488e-13,4.8796089828636817e-48,1.7760388954035242e-17
0.0063203125,0.63203125,495.27842477097914,9.532605526662364e-14,6.649627421927925e-49,1.2357550058660282e-17
0.006328125,0.6328125,487.36985895172944,7.706501277178324e-14,8.82242275385442e-50,8.547000220157012e-18
0.0063359375,0.6335937500000001,479.6400258627435,6.158946750636284e-14,1.1425920268610669e-50,5.878260632082969e-18
0.00634375,0.634375,472.0917201301597,4.8605360618237066e-14,1.4483995128156916e-51,4.021741842845919e-18
0.0063515625,0.63515625,464.7275410050075,3.7834351022533617e-14,1.8022185302248675e-52,2.7384751545093684e-18
0.006359375,0.6359375,457.5498731380964,2.9012788433636256e-14,2.207617257905905e-53,1.856746533295807e-18
0.0063671875000000005,0.63671875,450.56086741961127,2.1891158471889798e-14,2.6702986441676277e-54,1.2542516902740944e-18
0.0063750000000000005,0.6375000000000001,443.7624221512268,1.6233972164761213e-14,3.1995151145009617e-55,8.664093413428001e-19
0.0063906250000000005,0.6390625000000001,430.7377147400305,8.56905949017882e-15,4.511988945255296e-57,3.799212764738362e-19
0.0064062500000000005,0.640625,418.47488356691855,4.315084481548203e-15,6.339260419350619e-59,1.6985513892186447e-19
0.0064218750000000005,0.6421875,406.978375034585,2.2186389822671684e-15,9.117606639228457e-61,7.588087243658883e-20
0.0064375000000000005,0.64375,396.2474856960244,1.3369818085359536e-15,1.3801875471709977e-62,3.3976942093129363e-20
0.0064531250000000005,0.6453125000000001,386.27614796084885,1.0340185210107807e-15,2.26060414711304e-64,1.5445892887544194e-20
0.0064687500000000005,0.6468750000000001,377.052872834653,9.335315611400895e-16,4.115248585946329e-66,7.114494578651066e-21
0.0064843750000000006,0.6484375,368.5608627539323,8.365220050424438e-16,8.538979693949777e-68,0.0
0.006500000000000001,0.65,360.77829562387365,6.191654395250927e-16,2.0662025977444902e-69,4.557808562773792e-21
0.006515625000000001,0.6515625,353.67876857239463,1.1756839726117948e-16,5.94688020869021e-71,8.002484943963817e-22
0.006531250000000001,0.6531250000000001,347.23187831189284,0.0,2.069150570591159e-72,4.0973913181984005e-22
0.006546875000000001,0.6546875000000001,341.40390582005267,0.0,8.810774524311018e-74,2.1718885216516747e-22
0.006562500000000001,0.65625,336.1585673578528,0.0,4.629349364993946e-75,1.1919633575925172e-22
0.006593750000000001,0.659375,327.22802631738296,0.0,2.3776744579508715e-77,4.014299870909149e-23
0.006625000000000001,0.6625000000000001,320.0733772618429,0.0,2.6750342313288748e-79,1.9843042168453476e-23
0.006656250000000001,0.665625,314.41901902362133,2.0724188561305267e-14,6.311286179822589e-81,6.281307876579282e-24
0.006687500000000001,0.6687500000000001,310.00602589796864,1.347957426652536e-13,2.9050064069911257e-82,3.228773529052614e-25
0.006718750000000001,0.6718750000000001,306.60121224367316,4.987992972381734e-13,2.3908102314697935e-83,0.0
0.006750000000000001,0.675,304.0017529998156,1.611750854592757e-12,3.213135313143116e-84,0.0
0.006812500000000001,0.68125,300.50027343375683,9.897490115651848e-12,1.705437016419873e-85,2.4168863046858368e-20
0.006875000000000001,0.6875000000000001,298.4268075187686,4.415753837103416e-11,2.2920582675202566e-86,8.555320597993499e-21
0.006937500000000001,0.6937500000000001,297.2286317334911,7.609677649179137e-11,5.58097524910813e-87,0.0
0.006999999999999999,0.7,296.55128612439444,4.0454745252958655e-11,1.981302112816632e-87,0.0
0.0071249999999999985,0.7124999999999999,295.93766192381105,0.0,2.970871302224398e-44,5.3544642928839415e-14
0.007249999999999999,0.725,295.7139082404073,0.0,1.3140280453263396e-45,4.159957558546622e-15
0.007375,0.7374999999999999,295.6358985179936,0.0,2.0623559066101984e-45,7.422796297835801e-15
0.0075,0.75,295.60978269016863,0.0,7.341852781254799e-47,1.189954540284152e-16
0.0075625,0.75625,295.60471139855184,0.0,2.9750018121589605e-47,2.6108149614413548e-17
0.007625,0.7625,295.60226979965853,0.0,2.6319731984562835e-90,4.843823240451677e-30
0.0076875,0.7687499999999999,295.6011090317012,0.0,1.466711921409181e-90,9.959944224537531e-31
0.00775,0.775,295.6005638490288,4.970687823313979e-13,8.839078850890231e-91,2.1848674663276697e-31
0.007875,0.7875,295.6001645665702,1.0249831088370716e-11,3.8710610444432654e-91,1.2880191933089243e-32
0.008,0.8,295.6000472829132,1.3071948586837275e-11,1.8997382366646953e-91,7.3572807507215116e-34
0.008125,0.8125,295.60001376568925,7.2219777364197435e-12,1.0196107822306566e-91,4.334807970902959e-35
0.00825,0.8250000000000001,295.60000441817465,2.414060729046488e-12,5.8623242912614085e-92,3.089431786549638e-36
0.0085,0.8500000000000001,295.6000006651643,5.310597852800642e-13,2.1590063165618543e-92,3.2082701033979603e-38
0.00875,0.8750000000000001,295.60000009672854,1.1724031250071204e-13,7.917725709579081e-93,3.044235430676107e-40
0.009000000000000001,0.9000000000000001,295.6000000136842,2.5311716142436212e-14,2.8727752074120524e-93,2.690076366076969e-42
0.00925,0.9250000000000002,295.6000000018929,5.361027076668818e-15,1.031351702888902e-93,2.2535365345662947e-44
0.0095,0.9500000000000002,295.6000000002546,1.1197447340375923e-15,3.6735397315141646e-94,1.8201382314916593e-46
0.009750000000000002,0.9750000000000002,295.60000000003043,2.3139392512228634e-16,1.302675765391614e-94,1.4401785217758923e-48
0.01,1.0,295.6,4.6992078240773216e-17,4.613449893607796e-95,1.132261144183573e-50
