Y_NO,Y_NH3,Y_H2,Y_O2,Y_H,Y_O,Y_OH,Y_HO2,Y_N2,Y_H2O,Y_H2O2,Y_NH2,Y_NH,Y_N,Y_NNH,Y_NH2OH,Y_H2NO,Y_HNOH,Y_HNO,Y_HON,Y_NO2,Y_HONO,Y_HNO2,Y_NO3,Y_HONO2,Y_N2O,Y_N2H4,Y_N2H3,Y_N2H2,Y_H2NN,Y_AR,MF,CEM,HRR,T
0.00019641112774762784,0.1412895739823829,0.0206505701773541,0.122730617830048,2.9255156143907006e-06,4.513064489901502e-08,9.51108244451843e-05,1.4108923473710656e-06,0.669886986283332,0.0453471409024383,2.359725206053385e-05,0.00015604891400752466,3.9199224641261436e-07,8.135707296107859e-09,2.1828558707867787e-09,6.181245712260588e-05,1.4125537434330316e-05,1.979055514870671e-06,3.807438572434369e-05,7.602848779444681e-06,7.2892384399363e-05,1.3056869696342683e-05,1.553791190102379e-09,3.9165157519246e-07,0.004232598940974958,0.6838349920924814,0.0001731063633397052,3.1278065497259323e-05,4.2515486020420966e-07,0.00019567529887154034,0.0,0.0,-5.623501776094614,273612686.6747843,643.093592872109
0.0001709594028984253,0.144471094490346,0.0212486198861064,0.125445664361419,9.899098509611912e-07,2.9744452378889057e-08,9.00461983821247e-05,8.511819110755644e-07,0.6671382555146861,0.0416063195490606,1.9721296195001983e-05,0.00010749904352636954,2.2335174958391597e-07,2.6055359256719585e-09,1.692576731969922e-09,6.09354154699672e-05,1.2945967626921303e-05,2.241967690707548e-06,3.614527498209255e-05,4.28948939566375e-06,7.671492479970994e-05,1.7379110818124172e-05,1.180465606271948e-09,4.885314467262908e-07,0.005908781197466067,0.7344231202928516,0.00013716250609432706,2.3534827429109918e-05,2.847200119264102e-07,0.00018098305905217028,0.0,0.0,-5.509519826590669,150350680.32438156,610.374844241899
0.00015969477403625205,0.147288165619071,0.0218124964038864,0.12961593615862,4.801219423815381e-07,2.366288594382335e-08,8.376768021369829e-05,6.263395522621188e-07,0.6628774760795121,0.0383221580586965,1.834216915484858e-05,9.175091412209208e-05,1.6772333513864685e-07,1.364619419791175e-09,1.5011729918566615e-09,6.20067497471922e-05,1.2766243717008181e-05,2.4436185591822644e-06,3.606176574355083e-05,2.89253196273157e-06,7.795082715064096e-05,1.9744220088788282e-05,7.904059334733035e-10,5.226176954485402e-07,0.006659063783506293,0.7404801259245035,0.00012698464319221177,2.120295870304173e-05,2.3412884675745552e-07,0.0001847015251261532,0.0,0.0,-5.46003714452724,123986727.67752057,584.239136616736
0.0005648341120145784,0.149858627457966,0.022154438813703,0.132322405156947,8.742782187622858e-07,8.23450202692403e-08,8.40794602671872e-05,4.26505982800748e-06,0.661107511766735,0.0344729373443815,0.0001326785858618338,0.000334269810314107,5.838744754263579e-07,3.5774797792879884e-09,2.1177514980771287e-08,0.0002634832767189008,4.433999390599915e-05,1.1314775518876395e-05,0.00012738945175771855,7.418190322526705e-08,0.00024418888568266035,8.249979526234354e-05,3.118218495290262e-09,4.345697348471301e-07,0.005170760254736213,0.013131033004476794,0.0004921124107528688,8.192340906499686e-05,8.979355526060971e-07,0.0008133385844891858,0.0,0.2486626621135572,-5.605059799440404,3233867908.6175394,557.4269197558
0.0004167670241481431,0.15300266203338,0.0224708843503633,0.135685122825469,5.210651962729286e-07,7.179892673098973e-08,8.159275223804029e-05,2.363117900988935e-06,0.6589371032882629,0.0298226347502874,8.76330166324837e-05,0.00034282718209470084,5.827896513635419e-07,3.0988689610983122e-09,1.2506114477985799e-08,0.0002184558862022201,3.4141544904527855e-05,9.24157259287322e-06,9.842252797614711e-05,5.83886611572708e-08,0.00017047100871519515,4.198129910051816e-05,8.542743833888128e-10,4.063272363118501e-07,0.0038491500264387587,0.01563654608211511,0.00046042050496010657,7.310297340317837e-05,7.241411306980799e-07,0.0008700739991899551,0.0,0.2508944505731623,-5.5930038640643005,3548041770.1001105,525.131361907532
0.00015199766646530863,0.155029475428482,0.0227783308817334,0.138385612234517,8.675626021893328e-08,2.5248549625178827e-08,8.1176609677868e-05,4.416612136204813e-07,0.65695540443096,0.0267700004146292,2.3764948107564797e-05,0.00011788400727375266,1.8886925616175526e-07,8.743917124210488e-10,1.9287383559429134e-09,8.642116737058585e-05,1.2135678589690373e-05,4.23346220779789e-06,3.4956592337320126e-05,1.2934737256406445e-06,6.643094217526531e-05,1.852249304427423e-05,1.1709127212975594e-10,5.177768044720455e-07,0.0048386886262685915,0.6189775320033465,0.00016249196656209,2.7083093096867714e-05,2.9187185961559443e-07,0.0003608785486010019,0.0,0.00026145912332345856,-5.481116763023082,284767405.00775975,499.2116888847409
0.00013298447233675147,0.157283292114028,0.0231298502485533,0.1403384185414549,2.2768168762286063e-08,1.726283503424006e-08,8.11581515531288e-05,4.2053942282641437e-07,0.655149274890023,0.0240180060543868,2.6759140324326346e-05,6.970250871201498e-05,1.004695103687246e-07,4.294721826637476e-10,1.6731821245758446e-09,7.689087764897546e-05,1.0244639982090194e-05,4.823968929535294e-06,2.949475247324095e-05,1.4143149203913367e-06,6.547791289444048e-05,3.0678755904607476e-05,1.1634635483540705e-10,6.047443515103737e-07,0.006862060230443751,0.7170936939318308,0.00010956477409667842,2.0640794285572375e-05,3.2519985609660314e-07,0.00028467732133792393,0.0,0.0,-5.425878669037812,116897329.29294744,481.319580455761
0.0004130218616669856,0.159513252540051,0.0233835840581981,0.141847620592776,3.600483944474734e-08,5.5845214443009465e-08,7.938464997291071e-05,3.840467170590483e-06,0.65345606066273,0.021720097496272,0.00013396867130043716,0.00023733730626701802,3.421210679501212e-07,1.4481592749609909e-09,2.0716713413098452e-08,0.00029397220102294475,2.7717919267845848e-05,2.0087692273765713e-05,8.123343994283363e-05,3.8938729325969976e-09,0.00014478756555389886,0.0001115718074423949,1.5485399812376205e-10,4.7981897924660806e-08,0.0004926918029688611,0.0007452367720722757,0.00040175725446257187,7.748562744732673e-05,1.825514980856911e-06,0.0011165102463275842,0.0,0.2720641212684591,-5.554491820160217,2573145490.1322002,462.881996656252
0.000140583717825449,0.161164510942932,0.0237068390059822,0.142947965535148,1.0777309895825265e-08,2.3375198527544848e-08,7.72142974829573e-05,5.686645007316967e-07,0.652480018473157,0.0196234517452982,4.0135251903852826e-05,0.00010495659989806733,1.496765200548521e-07,6.20968008546036e-10,2.3561764459013438e-09,9.909740594737507e-05,9.899609612828077e-06,6.9750590009398295e-06,2.882157348696827e-05,1.2679835443726606e-06,5.204653950811763e-05,2.514755048223321e-05,4.4136429147759915e-11,5.011697205534635e-07,0.004315098906572569,0.5606878302488574,0.00015412277137286313,2.913711605289867e-05,6.337321826866443e-07,0.0004743232996335672,0.0,0.016538568626761712,-5.46694932923677,315280979.1959809,441.170689579843
0.00012259213190785986,0.16259163375782,0.0241246375158349,0.1447432248757559,2.322504003835887e-09,1.7402363157875208e-08,8.068571932020159e-05,5.430001814970189e-07,0.65106358434452,0.0173962337867492,4.360759711555506e-05,5.949438694691809e-05,7.724364190290096e-08,3.277903254771621e-10,1.898221355402435e-09,8.039318478916914e-05,8.53365273518414e-06,7.899518894473533e-06,2.4820456765791778e-05,1.318390720295271e-06,5.510190894571976e-05,4.13134943304847e-05,4.305212605221654e-11,5.944527115032337e-07,0.006192303262776157,0.6851576439952477,9.270073635937482e-05,2.075205030147648e-05,9.688298984544827e-07,0.00034898310067618655,0.0,0.0,-5.425605536952767,125394257.62110825,422.350891153149
0.0003551749389697235,0.164185040829991,0.0245176525117809,0.14666988236644,3.2581361075265942e-09,5.692481618447429e-08,8.28291217829221e-05,4.460881239702825e-06,0.649427661725896,0.0151169334441094,0.00025531675809761843,0.00018447385007619156,2.4502061523900603e-07,1.0807195832786043e-09,1.9107469394549483e-08,0.00027189895260558607,2.0176783890369907e-05,3.0413872611380514e-05,6.036574459585832e-05,1.234291373678154e-08,0.0001042180358521915,0.0001395814594667954,1.1624612274743299e-10,2.0934770910192073e-07,0.001973282706249589,0.002322040067135991,0.000297153679571669,6.963241489959348e-05,5.96040424359451e-06,0.00117734141618884,0.0,0.2742579837800409,-5.544608142489568,2262856693.815402,407.555783811464
0.000266146953842537,0.165484541714724,0.0247098426892666,0.14953235827402,2.4389760213679547e-09,5.6804107377407674e-08,8.14224177254379e-05,2.6893501402947726e-06,0.647524508205232,0.0126673266990324,0.00014649948394320275,0.00019608135926780994,2.7047600295899035e-07,1.1964178292156005e-09,1.1455179476500429e-08,0.00021614364915554778,1.3267665986005546e-05,2.44641882465153e-05,4.0251189895112626e-05,2.372267384628406e-09,5.78870218990496e-05,6.767198677159153e-05,1.2947126209932416e-11,3.865784648013072e-08,0.00028817455896555297,0.00046787623036826325,0.0002811458126134572,6.367207112182932e-05,4.989857392497788e-06,0.0011599876270899814,0.0,0.27887550780140835,-5.533578922021902,2448855742.703016,392.174171457477
0.0002588305110361566,0.167268830728067,0.0248585722058932,0.151217765049108,9.184007950036207e-10,5.728616000999685e-08,8.009608434289741e-05,2.8968397913516584e-06,0.6461864605938851,0.0103882753387037,0.0002047672455247305,0.0001741156404822151,2.2724872339807086e-07,1.0123984324298062e-09,1.0397132322605855e-08,0.00019714238254105778,1.3058092231343418e-05,2.7366231005096073e-05,3.971198547101935e-05,1.8952498775720575e-08,5.822044849048245e-05,7.343422987242357e-05,2.6662233030391486e-11,2.84209630196158e-07,0.0021865099979699563,0.003977393854548573,0.00024395473472465492,5.932643489513644e-05,8.22682500302396e-06,0.0011125076474688652,0.0,0.274169294258594,-5.540705326957637,2228226090.600649,374.5526413999031
0.0002482260364643911,0.168732159364259,0.0250412909567806,0.15221611718383,3.8467018070073536e-10,6.361946195670427e-08,8.34057364298706e-05,2.9752915314182983e-06,0.644934785545489,0.0089922412132108,0.00019766356765011265,0.0001632111631811799,2.1301720916780172e-07,9.904675748705415e-10,1.0529926234029986e-08,0.0001880632261800138,1.088830172986537e-05,3.239813989454564e-05,3.388046695355923e-05,2.3373478929323874e-09,4.729810356601018e-05,7.8487401968119e-05,5.89779933770708e-12,4.760106739552432e-08,0.0003490887220726376,0.00045223592298056936,0.0002190494081813255,5.760757233593356e-05,1.4473308124609274e-05,0.0011126234973304857,0.0,0.2811674080156394,-5.484730904435298,2215816103.9355917,359.4667908238349
0.0001654218734206802,0.170079828126245,0.025224220817942,0.15329630812008,1.8643697615090203e-10,6.756763581155733e-08,8.40246844508924e-05,2.383650373370188e-06,0.6440600784529251,0.0072555397983569,6.32650992138028e-05,0.00016176208189000457,2.3651843025454693e-07,1.1954153603272908e-09,9.845502825602553e-09,0.00018984931690642525,6.572576298905046e-06,3.6151959267007665e-05,2.098070201022648e-05,2.399027110389209e-10,2.2198657597226323e-05,3.716563239985291e-05,1.5927855617944577e-13,2.9262995185309426e-09,1.485593492013863e-05,2.030599674673871e-05,0.00023166647965190554,6.27194863831626e-05,2.697995128531907e-05,0.0010650698674218083,0.0,0.2835142131335138,-5.454145919493227,2068174418.3629234,348.881807871981
0.00024426092811030074,0.1709373444890289,0.0254096040763963,0.153265384496899,1.0225343893950513e-10,7.397985311958267e-08,8.617888008585241e-05,3.3015562952851734e-06,0.644164828479605,0.0061366595779847,0.0002689821619483336,0.0001434049619284982,1.8004177351803237e-07,8.712123371895451e-10,9.653942090167307e-09,0.00016319040163167718,1.0560818627653301e-05,3.9145761758528915e-05,3.3238119924157596e-05,5.045277689434217e-09,4.852892026712297e-05,8.703212186361851e-05,6.7226352578128895e-12,1.2795948817260052e-07,0.0009491136238849179,0.0011062860164527115,0.00017726169995118586,5.216165741917569e-05,3.228061017905452e-05,0.0010335891246560647,0.0,0.2822829561683284,-5.535082738892289,2112521033.7933447,338.65079872436
0.00023390003707683712,0.171793041941276,0.0255916811041073,0.154939667559465,5.003206851655426e-11,7.597359257983313e-08,8.4836759663347e-05,3.2867161890863092e-06,0.6429188756493289,0.0046718969861601,0.00026794810169119843,0.00013268163071354777,1.6245588919330475e-07,7.964255504069526e-10,9.030813973623596e-09,0.00014893947306341538,9.914236389808122e-06,4.183774119632589e-05,3.149627107149458e-05,2.612750275111571e-09,4.55579390844818e-05,8.690740812056377e-05,3.3122736550148633e-12,7.690574620569862e-08,0.0005720041961856734,0.0005926626853318864,0.00015984261060649876,4.9250142220743284e-05,4.9675856018459575e-05,0.0009893244305083468,0.0,0.2838157519984139,-5.527709531979705,1990326499.9864318,328.669503074444
0.0002484353474731949,0.172314253427432,0.0258050600392629,0.1555874756554389,2.655283345400326e-11,8.734861500173282e-08,8.80422383788896e-05,3.523676683620807e-06,0.6421001915129371,0.0041049771265504,0.00031262416197908044,0.00012283120645350344,1.4569441477839085e-07,7.28165392792426e-10,8.485955340407026e-09,0.00013498744317445692,1.1819879371204282e-05,4.6153910164785475e-05,3.696261454317348e-05,1.192210747316751e-08,6.216629562802426e-05,9.844319071481335e-05,6.900101608627428e-12,3.5422853873293857e-07,0.0027890209020252905,0.0033753025114260375,0.00013688949318928472,4.519979868034956e-05,7.253439131651837e-05,0.0009144959142938049,0.0,0.2789082341532947,-5.54003674651143,1978841874.3457468,319.91866724130404
0.0002408934426654303,0.172417537608474,0.0258696244840629,0.155963824500346,1.771953329802362e-11,9.76383537249494e-08,9.22687366523322e-05,3.6885779518233244e-06,0.641961965376959,0.0036947792935046,0.0003266400754014184,0.00012170173967086859,1.4863394235317905e-07,7.726283062605711e-10,8.820618802592211e-09,0.00013193172393498974,1.0174176017924292e-05,5.096035505387476e-05,3.266957258982492e-05,2.70914446139879e-09,5.193640482341106e-05,9.890435991639718e-05,2.6949039493659394e-12,1.1008571160209773e-07,0.0008152694821848677,0.0007145052950262711,0.0001303260580542956,4.466743347194219e-05,9.28182294126331e-05,0.0009130452518416732,0.0,0.2843384591487553,-5.5458623216336465,2036974326.5021589,314.313400062274
0.00023875899134910024,0.172924511233582,0.025921361347025,0.157474543214998,1.3464658322120736e-11,9.612935411103247e-08,8.995967283398599e-05,3.6984606785993204e-06,0.6406640257852391,0.0029255987463216,0.0003398739014475849,0.00011681056714889862,1.3891030941358964e-07,7.168322732489534e-10,8.274271504280459e-09,0.00012464404869521234,1.0605184493944669e-05,5.07618603597736e-05,3.381375772189854e-05,4.522579402100097e-09,5.4890412506863416e-05,9.779081155388788e-05,3.584875507519045e-12,1.8020201525568652e-07,0.0013735123814146372,0.0012671982053042274,0.00012417485580566378,4.3121856138249e-05,0.00011213823690436734,0.0008818097990955108,0.0,0.28276867141374606,-5.541108169008747,1957485021.0713015,311.019909033219
0.000247024546376114,0.173221454478,0.0260540105603341,0.158695012958812,8.258137450087894e-12,1.1171984558965946e-07,9.48338322721529e-05,3.957199343244063e-06,0.639817242655278,0.0021174455153037,0.00037384182035209965,0.00011200137007572763,1.3304703709787435e-07,7.08013103899885e-10,8.181564670030578e-09,0.00011662173628274902,1.1209581104035546e-05,5.613639033302951e-05,3.5764446985286734e-05,5.085626099726322e-09,6.246973329103244e-05,0.00010627267984564206,3.5539524634066243e-12,2.3757937984685982e-07,0.0018219325880445764,0.0015758950391026128,0.00011067520242057925,4.060864785566231e-05,0.00014973896177907376,0.0008379149997347488,0.0,0.28186943404596054,-5.554713697988659,2011679373.4963078,304.692376297404
0.00024265562644952129,0.173842968210891,0.0261152119841888,0.1594473812773469,5.857478164293598e-12,1.1972034001623794e-07,9.67214822673631e-05,4.052070491876807e-06,0.639366178914474,0.0011315381308333,0.00038567881156467324,0.00010961229348931756,1.312909467371119e-07,7.128341890980586e-10,8.136515300753528e-09,0.00011192722327908347,1.0643885367245031e-05,5.927062922289899e-05,3.435741194447599e-05,2.935257434419184e-09,5.9223846143521553e-05,0.00010597362694047214,2.2344967129017747e-12,1.587307201019769e-07,0.0011910046344585123,0.0009143166309213284,0.00010511516273108253,3.9418431053046346e-05,0.0001472105185565877,0.0008203593245780391,0.0,0.2837310105373893,-5.556908975314548,2018143857.1274202,300.458881721251
0.0002402770375665064,0.174172786775283,0.0261765008845188,0.159365666033014,4.416388401907815e-12,1.2399866590581145e-07,9.6916864807913e-05,4.0846099068752425e-06,0.6393629456120551,0.0008251838303209,0.0003947782926982086,0.00010649037654642031,1.2687646513735152e-07,6.947029326207988e-10,7.907835506627738e-09,0.00010677813244993513,1.060415800272085e-05,6.085536753452355e-05,3.430944698832756e-05,2.6907579367519197e-09,5.963458916098072e-05,0.00010564964757895562,1.940747386922608e-12,1.5604461620539586e-07,0.0011727602136143394,0.00086848201524618,9.988170296481781e-05,3.811678478931282e-05,0.00015254477768134189,0.0007974245528688607,0.0,0.284341389037581,-5.556381991268843,1991825976.070772,297.15737210468603
0.00022946369750161163,0.174390512242124,0.0261511164957613,0.158569216467536,3.89516159354652e-12,1.1491821252453358e-07,9.24055187147895e-05,3.881350443101444e-06,0.639658855027286,0.0011378942485793,0.0003738273512939127,0.00010402421875622728,1.2203228061822767e-07,6.594186729047784e-10,7.548813909178529e-09,0.00010362355929367755,1.0127090279107716e-05,5.866241433421778e-05,3.282617919222203e-05,2.135215861403199e-09,5.4770920595282296e-05,9.856177510524544e-05,1.4949635368731449e-12,1.2138894211470457e-07,0.0009173322391111781,0.0006804908552404924,0.00010014604696359516,3.77782202954015e-05,0.00013937857812179748,0.0007911169805546537,0.0,0.28542956360202776,-5.542910835818393,1879192244.6693466,296.043176487541
0.00023473244533966508,0.174480460367408,0.0261947044507695,0.158404729138484,3.41788663425505e-12,1.2321668383736565e-07,9.51161450843792e-05,4.032065732167248e-06,0.639609307859079,0.0012156820391743,0.0003958506808199674,0.0001031253474110798,1.2142778804590942e-07,6.648531570894717e-10,7.590372436481519e-09,0.00010174335291530321,1.0467956777433776e-05,6.1031263518930126e-05,3.390769391267372e-05,2.478834004473472e-09,5.856438112058405e-05,0.00010274574497187316,1.6794969035009994e-12,1.493916867769953e-07,0.0011305985555752787,0.0008222033811169142,9.613173923295868e-05,3.700876478288638e-05,0.00015451206866044185,0.0007770239971784039,0.0,0.2852801781035758,-5.550774108491058,1924952474.2671943,294.370379296853
0.00023591980346749074,0.174850110734876,0.0261681393659543,0.159215903685126,3.419443393345784e-12,1.1532969931182243e-07,9.180600166864108e-05,3.962848966565261e-06,0.63906023538303,0.0006138048293446,0.00039327502256070597,0.00010117568814828561,1.1562872002298804e-07,6.205363136439399e-10,7.280606491915895e-09,9.998095262190234e-05,1.1158762062330832e-05,5.874952691005213e-05,3.5671842301398366e-05,4.317748028084067e-09,6.278254853892775e-05,0.00010211967082510165,2.4960967485333058e-12,2.3455244721212778e-07,0.001846656656014105,0.0014856838322340564,9.586450637746314e-05,3.674893123177646e-05,0.0001999893327935104,0.0007674758201522961,0.0,0.283323317715217,-5.546113528557686,1859811244.054542,294.671403959683
0.0002273680748826474,0.174816739458403,0.0261281744164015,0.15813761824489,3.2026244008384587e-12,1.1411101644971271e-07,9.099557173944028e-05,3.887045687185155e-06,0.6397587462440639,0.0010677260645022,0.00038229486170695225,0.00010129049173648538,1.1713373776715371e-07,6.314230731076203e-10,7.312166735798426e-09,9.982352265689206e-05,1.026517060411478e-05,5.878568275029012e-05,3.319509626461728e-05,2.4077778162577687e-09,5.5667973577037966e-05,9.757566826141658e-05,1.5708137301531183e-12,1.3898657901556847e-07,0.001065773042167269,0.0007924763629270235,9.70242444007863e-05,3.691281314265974e-05,0.0001540934304320821,0.0007738055048856945,0.0,0.285551575312117,-5.540130632947125,1831457372.855188,293.97496913895304
0.00021532676790402293,0.174460915680215,0.026124091776844,0.15743275977561,4.1384980244136625e-12,1.0573080012102238e-07,8.94092164836299e-05,3.1955479391607254e-06,0.640384874521136,0.001507949029711,0.0002400623987030809,0.00010465076299283685,1.2424041450028632e-07,6.682083183800419e-10,7.623504383954877e-09,0.00010460552859742307,8.791785925574093e-06,5.6682414452110716e-05,2.8880584855224385e-05,5.799789428834448e-10,4.5688630345179326e-05,8.970855909198555e-05,3.5265539302214225e-13,2.8543248645106205e-08,0.0002083490420274592,0.00015258701731854475,0.0001044041914599921,3.83939735042978e-05,6.67706608887722e-05,0.0008254897667372925,0.0,0.2876917689247614,-5.5285712827948466,1810409056.8172235,296.720028052314
0.00022863426415432775,0.174219035611362,0.0261707152391642,0.15769837182048,3.774831735111976e-12,1.125125986895746e-07,9.11286731326904e-05,3.861892633463304e-06,0.6400996447362199,0.0017211039196409,0.00037861187870308837,0.00010287457613854454,1.1949274902455227e-07,6.420153324586021e-10,7.382562667991582e-09,0.00010217108090431575,1.0282513306798936e-05,5.78604881330399e-05,3.3201255282735336e-05,2.619163799650703e-09,5.5640277428143795e-05,9.766131204777195e-05,1.7435027317082271e-12,1.4550618488019443e-07,0.0011127943457782193,0.0008486615951574859,9.935670016406265e-05,3.7487466716169234e-05,0.00015549133321065693,0.0007835711391529098,0.0,0.2853997989187016,-5.5398722179231354,1847665667.6136332,295.775356409341
0.00023156901653308593,0.174157848607671,0.0261702803404987,0.159083041291375,4.3364697686799345e-12,1.1461182553234346e-07,9.28417629255043e-05,3.903100288703435e-06,0.63917912519301,0.0013168628045203,0.00037507757127691046,0.00010519678736516387,1.2375687562309386e-07,6.677822204477042e-10,7.633149419518661e-09,0.00010545154542549474,1.0221012391782668e-05,5.83428941825016e-05,3.308109986261714e-05,2.3321917859238912e-09,5.539184035002809e-05,9.950913981089265e-05,1.6623050792158926e-12,1.2950017718712405e-07,0.0009784943594852368,0.0007365744881560063,0.00010162195191417927,3.818350108939575e-05,0.00014248789119604305,0.0007978152177729716,0.0,0.28490995110317924,-5.544276073947942,1899158726.796754,297.237935875943
0.00022337165562276621,0.1741046021124929,0.0261603249575017,0.1589798792840369,5.057771007078132e-12,1.0777349734345189e-07,9.08462434747388e-05,3.5724294391382384e-06,0.639177655930202,0.0014866914722915,0.00031223657780726874,0.00010703877719564557,1.271122257202505e-07,6.809666031808849e-10,7.710247629040034e-09,0.00010832691225824627,9.42935294048287e-06,5.6395579329385555e-05,3.075192919128893e-05,1.1753307323228022e-09,4.914350833514988e-05,9.404142929327816e-05,8.773857477682601e-13,6.202788257740804e-08,0.00045828304401664556,0.0003418457428479857,0.00010684267919004621,3.915563429021112e-05,9.69913504358524e-05,0.0008219293994081678,0.0,0.2861118991579307,-5.5353415740401015,1866353771.7543504,299.093064554815
0.0002462231837183176,0.1737966439393209,0.0261390065473065,0.1593234249350709,6.7422432157934685e-12,1.1256356378411519e-07,9.41299717211838e-05,3.9520277027190805e-06,0.639324786701981,0.0013220079045999,0.0003776980700604433,0.00010913561151865158,1.2788281518111007e-07,6.803441076976515e-10,7.902708190337835e-09,0.00011212416789053328,1.144984522243161e-05,5.659122428018102e-05,3.6427242445012785e-05,5.71677638505193e-09,6.456157732315075e-05,0.00010604413126832912,3.57849654610848e-12,2.7026144491745874e-07,0.0021022172319361634,0.00184566652269126,0.0001065392129861891,3.956370209086041e-05,0.00016730972102222238,0.0008181989614169396,0.0,0.28165456076493683,-5.553217193002195,1977951960.3455145,302.301739092435
0.00025556229226428957,0.173573706515854,0.0259842523833106,0.15886495588957,1.0110686420191595e-11,1.0770673121248581e-07,9.363898970453442e-05,3.87865941264587e-06,0.639829646444871,0.0016537997766898,0.0003613402987553007,0.00011258396664830752,1.315034160040654e-07,6.870808620083267e-10,8.112462183859402e-09,0.00011854933511359584,1.238894941038697e-05,5.417577266953254e-05,3.892167930561542e-05,9.727759630666984e-09,7.110940198367046e-05,0.00010931868594299403,5.238969150802988e-12,3.89198741044784e-07,0.003101408554848807,0.0031836695791943657,0.0001126760544688208,4.084721031441328e-05,0.00013753634347700547,0.0008393081033130785,0.0,0.2784229631406754,-5.556540001041893,2008318008.0314686,307.276512113368
0.00024390064921436935,0.172755117264448,0.0257512206773277,0.157400959495479,2.47449572436432e-11,9.185899933512632e-08,9.07958187762704e-05,3.6666560750640005e-06,0.640936630273897,0.0030652764700713,0.00032275673928813456,0.00012547859788670056,1.5282464489900636e-07,7.797436322829722e-10,8.949558057124668e-09,0.00013781348619984338,1.0539185209701835e-05,4.8401869170878045e-05,3.357739941659607e-05,4.19035418760835e-09,5.298845743833178e-05,9.771775581948457e-05,4.071832766289763e-12,1.4985699517256944e-07,0.0011236577615021167,0.001075329566046728,0.00013865066628601397,4.6193558961538435e-05,8.011416145221657e-05,0.000936612969012228,0.0,0.282536619595196,-5.545293297889507,2051145917.1011562,318.748861271272
0.00024453413167558843,0.1714432837862309,0.0254971899655287,0.154906343850324,6.23655054138974e-11,7.729102090580489e-08,8.61289555562739e-05,3.3779253666641706e-06,0.642571198702601,0.0054958547397584,0.000284717395509825,0.00013525732511208028,1.6571862142720666e-07,8.0854096278476e-10,9.153501675180104e-09,0.00015245293342851688,1.0987105269195575e-05,4.13066467901849e-05,3.44811227749332e-05,8.435127553877316e-09,5.284593602986335e-05,9.050155866543133e-05,7.59130574149375e-12,2.20929599279423e-07,0.0016788150280316143,0.002014157629189356,0.00016216253151131202,4.962432010731799e-05,4.313180382379977e-05,0.0009904866492367371,0.0,0.28023054360420374,-5.535511461226417,2043272463.4476738,331.631689404697
0.00024415058326691187,0.169542040124098,0.025201024573756,0.153175229708753,2.8180550794795395e-10,6.563814313464859e-08,8.44692368315052e-05,2.8176597338155594e-06,0.6441619325909029,0.0078353037656583,0.00015453844105777696,0.0001590906052688751,2.071785368999204e-07,9.7666159513414e-10,1.0449248185026631e-08,0.00018277581977971052,1.0248383121241765e-05,3.407915391870833e-05,3.2098696415059914e-05,1.1139301038457239e-09,4.5078208673718975e-05,7.900417067313962e-05,2.3517820114079316e-12,2.1995077408839547e-08,0.00015906237666195506,0.0001974837850014455,0.00020937271167784636,5.6586927109548234e-05,1.7583473325438537e-05,0.001113011084398366,0.0,0.2824893256107938,-5.499536667438056,2206487135.831682,354.144748808166
0.0002504837542133924,0.167251629583346,0.0247172483137182,0.149991676604841,1.2111589328791437e-09,5.465109758259617e-08,7.87946696959303e-05,2.642250444279682e-06,0.6466869287095172,0.0112737221188816,0.00014733828542066915,0.0001809337859695841,2.40349691872207e-07,1.0632934835936938e-09,1.0665805590581153e-08,0.00020279071297124314,1.20199075912504e-05,2.6000758020231157e-05,3.6738990851445394e-05,1.931733943953269e-09,5.087143642221932e-05,6.769938493654065e-05,7.710326041333116e-12,3.238980298003631e-08,0.00024130963451670214,0.0003708693784399061,0.00025975339172654215,6.11080408897897e-05,7.13608233111636e-06,0.001143992026761698,0.0,0.280160823237893,-5.5265891491295065,2270327201.098681,379.451412544133
0.00013758504782642044,0.16393717679739,0.0241305676321796,0.144452896809812,4.017485532760535e-09,2.4096459318226612e-08,7.693344385957621e-05,6.650641146318764e-07,0.651188503760784,0.016213921555975,5.122516551280155e-05,9.986354871591837e-05,1.3698619310188448e-07,5.731605283783068e-10,2.573468570750879e-09,0.00010206504561038058,8.920325289654112e-06,8.78771277027967e-06,2.617433852978513e-05,1.2956272481905626e-06,4.6131371322928774e-05,2.8877292945400757e-05,2.8144798210324028e-11,4.796659821809744e-07,0.003980765088785056,0.5324273189968296,0.00014677511702625596,2.9921266727126304e-05,1.0797025444711412e-06,0.0005212688696127955,0.0,0.025154905335786487,-5.465131972763536,336194540.03922576,417.545899198011
0.0001291702327937995,0.16001720077459,0.0235644783423269,0.14046279335416,1.0153116733243457e-08,1.597277830329525e-08,7.438839975881909e-05,4.621552123834936e-07,0.6541784652116279,0.0217026739175364,3.23784871188e-05,6.905309291600078e-05,9.259468670266407e-08,3.7598096926231057e-10,1.8064552030810186e-09,8.138088252715515e-05,9.951681462247195e-06,5.655113863279215e-06,2.871388844090836e-05,1.3490348681698547e-06,6.0096956970924056e-05,3.261339588759564e-05,7.892590101176154e-11,5.720741887912261e-07,0.006358633028607939,0.6832746528138043,0.00011317906373941527,2.185088610348502e-05,4.6931199010246026e-07,0.0003276635836141692,0.0,0.0,-5.416756995875268,130608775.40789242,457.344040507484
0.00013916343810701622,0.1547929340799599,0.0227900250363426,0.1360020260592,6.430634726316474e-08,1.6629850753682213e-08,7.57553502156583e-05,3.9886606873171243e-07,0.6577814802818941,0.0285577791923866,2.1083603163863556e-05,7.358525473443718e-05,1.0822724448303682e-07,4.87698010245324e-10,1.5035880487262167e-09,7.112672042416615e-05,1.157364542262008e-05,3.5887112496018433e-06,3.3132836846745065e-05,1.5110957708221786e-06,7.138193961327625e-05,2.618628114722037e-05,2.103425766207873e-10,5.711859353642238e-07,0.0071566691773616515,0.725246613381024,0.0001172028542109508,2.019964879198435e-05,2.3620057503954596e-07,0.00024186134146950486,0.0,0.0,-5.414565152010549,109847142.50526235,514.243033257805
0.0001494933308008044,0.151675799448786,0.0223430433666392,0.132677442742584,2.026688378341726e-07,1.856357668146406e-08,7.584400050071701e-05,4.6820393935349254e-07,0.6602739330163571,0.0329539374251332,1.8184876586374814e-05,8.134879180381466e-05,1.2961017108367623e-07,7.432893049248887e-10,1.4207359026143644e-09,6.507039165531162e-05,1.2705459929580648e-05,2.7410730581943667e-06,3.613851864400792e-05,1.972179978305909e-06,7.66527440676789e-05,2.215514910967046e-05,4.474351586093762e-10,5.359188111278023e-07,0.007105477919535727,0.7339717289468479,0.0001238088355945013,2.0253905344231137e-05,2.1243287657288592e-07,0.00020255711330981123,0.0,0.0,-5.424494199065117,111609979.41796783,553.471357929633
0.00016174971769866725,0.148564468911021,0.0219689678832222,0.129825482721052,5.304300725253897e-07,2.1846290827905536e-08,7.63559913656777e-05,6.700256217879966e-07,0.6625544380397349,0.0370102864536033,1.871273091416539e-05,9.248522012595783e-05,1.625327949251683e-07,1.35753504130434e-09,1.4508023365666347e-09,6.08202772343357e-05,1.3604384970731825e-05,2.2410451918574823e-06,3.824902296010119e-05,3.0610789950959764e-06,7.871343914116491e-05,1.915717519238025e-05,9.278662552795021e-10,4.888151079648429e-07,0.006644382649495277,0.7311973306036706,0.0001325953856943248,2.1404151238308546e-05,2.3317916127580828e-07,0.00017799330822665428,0.0,0.0,-5.451053769910977,124058397.0247052,588.7000563676
0.00017781724443228,0.145097749095085,0.0214608180900042,0.126969546884401,1.2996578255148218e-06,2.8619325346939763e-08,8.1434532025495e-05,1.068090008564674e-06,0.6650135114230171,0.0413769399754665,2.1872526968427025e-05,0.00010990559796108792,2.2521860085042458e-07,3.050079300862775e-09,1.6659542228863163e-09,5.8642733239938566e-05,1.4023260859252592e-05,1.976186100756003e-06,3.8587612660715815e-05,5.528659660624088e-06,7.698399478314023e-05,1.6924555014914882e-05,1.5908609040154322e-09,4.3949580560363635e-07,0.005812491023179331,0.7238663982998722,0.00014406797241252347,2.4185183307211383e-05,2.9447116817720937e-07,0.00016562592242195512,0.0,0.0,-5.51109457379674,151552190.89274123,623.6508520686799
0.00019777033929818495,0.142170227882307,0.0208487952445601,0.123671383892875,2.697755072404661e-06,3.7344381863236654e-08,8.390588179948249e-05,1.6689988923499195e-06,0.668232122951056,0.044993564147402,2.6938121731090867e-05,0.00013253865107901278,3.14273986083878e-07,6.582804265150462e-09,2.0469470059892894e-09,5.8242185150289756e-05,1.4775124265449574e-05,1.8021136717088895e-06,3.9262789291805435e-05,9.90082183802403e-06,7.303120594411853e-05,1.5442993564427372e-05,2.1062567820981125e-09,3.754183119534301e-07,0.004887001008532886,0.7041461098762742,0.00016199036239459885,2.8609676809176445e-05,3.887549327093701e-07,0.00016179907210873246,0.0,0.0,-5.5877298641034745,195106108.96806642,654.197655378919
0.0002322588594871843,0.138876731023958,0.0202605956682723,0.119952009969388,5.962737867006792e-06,5.7730285693933836e-08,9.00539940170662e-05,2.8011818114853013e-06,0.671341135659776,0.0494794736845879,3.497348524542653e-05,0.00017224589838335774,5.037527166208149e-07,1.7013470491797767e-08,2.950564145181574e-09,6.073369535087094e-05,1.604558264732421e-05,1.7604262665550225e-06,4.0219250908567424e-05,1.9889137889169594e-05,6.696526539889228e-05,1.4649821354213142e-05,2.5618743176222947e-09,2.9906154010398235e-07,0.0037252579467288577,0.6661820008997417,0.00019060608684572935,3.71530093868572e-05,5.683637886512007e-07,0.00016805910832356878,0.0,0.0,-5.724304741587781,295472865.4328531,687.332463837686
0.00032805929097310527,0.13557581464913,0.0196764073836919,0.11609172586205,1.759810578826882e-05,1.3274481446102818e-07,9.942727190160192e-05,6.194544413656897e-06,0.674021891718376,0.0545347331148518,5.3655081273851365e-05,0.0002748518291394295,1.1077853316883649e-06,6.72603808382063e-08,6.253972904780474e-09,7.166588017042407e-05,2.1633735159713126e-05,1.927731926702857e-06,4.806226566973991e-05,5.672266387490932e-05,6.105721798592632e-05,1.5537624462252758e-05,3.5827511648576405e-09,1.873658786048366e-07,0.002248230240640625,0.5539427187841849,0.0002628040647252777,6.044758265853656e-05,1.0510491502321418e-06,0.00019705584743073275,0.0,0.015720958425374083,-5.871375649155515,699450713.9721282,730.626352096167
0.000505690775954016,0.132010706079228,0.0191360299098796,0.1104878975343469,5.3823196791743955e-05,3.94687255878794e-07,0.000110234391506,1.430923705928444e-05,0.6782387903931519,0.0600163416918873,8.084585814974751e-05,0.0004844471060119396,2.8372701555154807e-06,2.9872803894317363e-07,1.5660373908391993e-08,8.921290054244824e-05,3.501129409007376e-05,2.2296706335002772e-06,6.523641343055094e-05,0.00016867132389107142,5.420041077410355e-05,1.6897473867547003e-05,5.0434604025723344e-09,8.437835724171214e-08,0.0009908248247733763,0.3371522656056384,0.0003850606579152968,0.00010817214576248947,2.093796328133693e-06,0.00024770420295431526,0.0,0.08249731029589485,-6.008613144667191,2262089180.14517,773.0250392874451
0.0006004148254529963,0.1275347835682,0.0186522646368306,0.10531214363099,0.00012566944244700717,1.0118839221901738e-06,0.0001232457215074,2.2165093883546447e-05,0.682829771446657,0.0655477909958151,7.741953311366782e-05,0.0007040393163166515,6.101689158975868e-06,1.0599256097062305e-06,2.4745016728525444e-08,8.685365457866149e-05,4.301612897925463e-05,2.0162287284227803e-06,6.630225180166836e-05,0.0003030343307313495,3.6986206310629836e-05,1.3104047108823317e-05,4.779631270211418e-09,2.3646476623869083e-08,0.0002661157440734279,0.18534853126776557,0.0004421705787988355,0.0001561317955565941,3.3276431799800207e-06,0.0002531780461932531,0.0,0.1440184382070522,-6.2570028815713465,4922648025.079968,810.11693496821
0.0006574466466257577,0.122740636787271,0.0182820765702643,0.102605293884279,0.00025626420889689314,2.4823432475492062e-06,0.0001459862507314,2.8813784351679638e-05,0.68500788811549,0.0712181183919648,5.861657420184099e-05,0.0009241341825935802,1.1922947906145494e-05,3.283737671926828e-06,3.39644313732984e-08,7.575410761284006e-05,4.425466615499651e-05,1.6871473637311193e-06,5.9090218713592855e-05,0.0004495184265121787,2.2518391670230547e-05,9.475702461905998e-06,4.247162342203606e-09,5.150729314071171e-09,5.6090002168981744e-05,0.10823833619965803,0.0004386129368188966,0.00020379693560023765,4.893248430879118e-06,0.00023142453770053976,0.0,0.18002022979216328,-6.496787666617124,8375946786.981804,849.735831047133
0.0007411510800283758,0.117663594874779,0.0178377240374728,0.0974261781414832,0.0005006113725566439,6.1544497967189545e-06,0.0001766901252649,3.388908007113806e-05,0.6898513023805289,0.0770445104404707,3.83256629424865e-05,0.001171334607860834,2.257014681238424e-05,9.650674860790239e-06,4.748740525867992e-08,6.066119858551732e-05,4.001996729607421e-05,1.321558040898685e-06,5.1990235086392487e-05,0.0006233697396457797,1.2812142815061249e-05,6.929257262316014e-06,3.987046087821905e-09,9.190918994605691e-10,9.014325294161156e-06,0.06328934718750333,0.0004003316782970069,0.0002591422627418095,7.541991687090744e-06,0.000201298225228525,0.0,0.20261964242673627,-6.737813502105452,12836914489.521526,899.590212079049
0.0009033778588108223,0.112556504210234,0.0171510988248453,0.0942037198401444,0.0008294192219653018,1.3023166618650333e-05,0.0002094211442303,3.562410356278802e-05,0.693194420058427,0.0826848359221193,2.501225776566689e-05,0.0014214284853321085,3.7123712804536137e-05,2.1429867110267978e-05,6.339241377027778e-08,4.634615625240232e-05,3.386927435011204e-05,1.022895374833226e-06,5.1773966908007566e-05,0.0007603508206234733,8.412099162694076e-06,5.593927397612425e-06,4.0871492925563324e-09,2.721451082399966e-10,1.7488329522235568e-06,0.04298270856013742,0.00035044207083092247,0.0003081396765278071,1.184022509658741e-05,0.00017852624557284036,0.0,0.2100197094460603,-6.931920464761521,17406646994.806984,951.145903455352
0.0011245339434197983,0.107843254736225,0.0162876016293108,0.0885193460280595,0.0011998275982287308,2.223526576951126e-05,0.0002556355699712,3.415704950099579e-05,0.6984855158009661,0.0886086462354675,1.7467496943150727e-05,0.0016989732114254068,5.517641509536748e-05,3.8110747813420236e-05,8.642801570566879e-08,3.763527163062075e-05,2.7734325218324444e-05,8.89766693337632e-07,5.650008542623255e-05,0.0008538087245856573,6.373238848943e-06,5.049614619660591e-06,4.5016989132827095e-09,1.494119701508949e-10,5.039151763984312e-07,0.03381798089633223,0.0003116256627240651,0.00035965454883079575,1.8909691507687827e-05,0.0001737007349807021,0.0,0.21163729830003275,-7.081226226504242,22823706423.11245,998.516919760184
0.00145780749663449,0.1024023121803,0.0154416650428538,0.0822664824512429,0.0016744462203713418,3.637894528343162e-05,0.0003225035963447,3.1811562274412385e-05,0.703483236431538,0.0960838002977201,1.2396771791084651e-05,0.0020198827479956005,8.009171808501847e-05,6.35934050954069e-05,1.2002317266573857e-07,3.0464403882747577e-05,2.2179760872562562e-05,8.038851856809086e-07,6.584097336932609e-05,0.0009378824876609352,5.0204249457805625e-06,4.8323417555572006e-06,5.246993037605498e-09,1.0184759985337413e-10,1.5622812050458854e-07,0.027967583141214624,0.0002691423033435743,0.0004147456880836928,3.131405438212888e-05,0.0001718191861866449,0.0,0.2109991546113074,-7.150955191964454,30237386748.008385,1050.39711737628
0.001954150768768555,0.096574448540493,0.0145945039421955,0.0774837907338954,0.0022334700855875748,5.8601897643721856e-05,0.0004075195345334,2.8561505452406377e-05,0.7078462273792142,0.103093509869668,8.838868944081776e-06,0.0023982453565999646,0.00011550957373905114,9.976022204780062e-05,1.6724716877627442e-07,2.3393175204772244e-05,1.7497133583943436e-05,7.143219674256484e-07,8.199371342818106e-05,0.0009934061001791563,4.251918298526732e-06,4.627853339427606e-06,6.230313737188993e-09,8.01670041523344e-11,4.630386176376185e-08,0.023560576955293087,0.0002232735402425126,0.00046591024083646274,5.657256032031178e-05,0.00017137580345591216,0.0,0.2083398307212582,-7.237095470150929,39936220174.200836,1113.70406829768
0.0024578312783927743,0.0900201226891435,0.0136895499032559,0.0672608866571221,0.0028688055570244464,8.46694942629185e-05,0.0005219000518306,2.3568548901831975e-05,0.7167087304062181,0.11179881029243,6.092233571018446e-06,0.00279917520491726,0.00016305402146989041,0.00015156270961423488,2.328892567440749e-07,1.794164638123604e-05,1.2792584067819556e-05,6.467960340354616e-07,9.783862513845465e-05,0.0009516575578727794,3.408802715052557e-06,4.233586954785842e-06,6.974067989118566e-09,5.945018537339289e-11,1.404000952631049e-08,0.019389290811046525,0.00017894120752605746,0.0005119423401835343,0.0001023378200097543,0.0001714881497441635,0.0,0.20755574383829248,-7.436789730280709,52533533365.2025,1180.8706409924198
0.00311242138632822,0.0830141726818442,0.0128621208388782,0.0645511232363049,0.0034656120601785543,0.00011957885668619904,0.0006543235576885,2.1584079652367657e-05,0.7196936875640109,0.119224572121272,4.692360825496593e-06,0.003134125678850634,0.00021089334195738727,0.00020282280109190187,2.9969357112669134e-07,1.452047570328332e-05,1.04895211681578e-05,6.10294654821329e-07,0.00011917635635541375,0.0009690259603355902,2.9792501341190464e-06,4.2013812309523065e-06,8.079679221587628e-09,5.126348061827316e-11,5.98071546489681e-09,0.017557662411287204,0.0001438557797567168,0.0005175828240705896,0.0001573294049426662,0.00016149827859361692,0.0,0.2013192778116155,-7.5190636927912955,65613247872.94231,1238.4191572860302
0.003840810376198153,0.0758752987482761,0.0122117089589214,0.0617962291227021,0.004149803735870554,0.00016484269151473074,0.0008072953307239,2.0204602335692803e-05,0.72289779329493,0.126411674544446,3.6097888086770057e-06,0.0033722085368202903,0.0002585169126579913,0.00026294642430428443,3.640129922186087e-07,1.1914738825840803e-05,8.571762666539753e-06,5.725946166462476e-07,0.00013939456777140708,0.0009735075617858561,2.432007219420084e-06,4.213408620996166e-06,9.182690615281827e-09,4.205768842603723e-11,2.8045071799915538e-09,0.015951186500592827,0.00011290873445115796,0.0004901068911995399,0.0002081919446487381,0.00013954431407190427,0.0,0.19548516514928962,-7.596852937993626,79278208053.10092,1289.3921150735198
0.004695709957678139,0.0683077731112133,0.0113977010094903,0.0580706975520322,0.004924288132510325,0.00022477925955661772,0.001006553149493,1.835627317244072e-05,0.7269416893519459,0.134275585825825,2.7064643098738062e-06,0.0036106545107048005,0.0003173776261777149,0.0003383190966426942,4.4330444930468463e-07,9.548489333534156e-06,6.789284422388233e-06,5.299629103973716e-07,0.00016203676711890264,0.0009412001592037528,1.918266313132498e-06,4.1056949797875425e-06,1.018940592189503e-08,3.266588838402889e-11,1.242784818805864e-09,0.014270726664347795,8.515755989805148e-05,0.0004326272965975715,0.00026938134771272056,0.00011344051956904297,0.0,0.1891156921435462,-7.648507398695858,95248307686.07341,1347.13969890414
0.00545079022614526,0.0618596386811798,0.0106034755411041,0.0518640630577183,0.005669488788082331,0.000286126142569069,0.0012371515425847,1.557217613250255e-05,0.7317688027549308,0.142666868422482,1.985557928870965e-06,0.003875013708572322,0.0003942094074661234,0.0004324135974745384,5.50889330016713e-07,7.430987342351808e-06,5.183018178844011e-06,4.795555460401043e-07,0.00018263197132644063,0.0008529802991909686,1.449287297533198e-06,3.6591831389568424e-06,1.0430983706737498e-08,2.2810416469425548e-11,4.934173839962787e-10,0.012291803831934296,6.327779572361644e-05,0.00035454399392876565,0.00034786381700276954,8.823762276987682e-05,0.0,0.18512872653812323,-7.625663603832713,112621053455.79465,1414.9216821317002
0.006257859520608779,0.0546799174634764,0.0097759054508857,0.0470320766476547,0.006384362486221639,0.00035631709138675573,0.001492246114645,1.3664302114882075e-05,0.7374165947128409,0.1496032596104969,1.6055468243121479e-06,0.003969869076630135,0.00045388429287578715,0.000516261719598894,6.188515324647208e-07,6.006507017124681e-06,4.036775527123885e-06,4.369268203007421e-07,0.00019864061245876243,0.0007611527787203914,1.1154940285557755e-06,3.4443215070042495e-06,1.0875320002245804e-08,1.6559666316028043e-11,2.4434887732763154e-10,0.01091300549883694,4.6213475372169694e-05,0.0002710279622094272,0.00037645359430871987,6.368652713794e-05,0.0,0.1792953687205883,-7.679887792810831,126885259319.48703,1469.6360936580304
0.00694339461143516,0.050144871412229,0.0093237717932385,0.0448400575065335,0.00689158178219265,0.0004161880774535734,0.001705308140138,1.2708545066675733e-05,0.738987669830432,0.154998321317428,1.4382341494450654e-06,0.004024139692951906,0.0004990618848298117,0.0005756365533707623,6.703893949227955e-07,5.144061216593599e-06,3.464891174189231e-06,4.103145994221885e-07,0.0002116029707033015,0.0007173032243843852,9.631391581269665e-07,3.303247455225562e-06,1.1216767625686248e-08,1.3624708127749393e-11,1.5461383138738116e-10,0.010091046238632087,3.6578126206399025e-05,0.0002143432590194394,0.0003865326583481358,4.8785096014395444e-05,0.0,0.175309565673749,-7.7119855769684404,138380572437.60532,1511.30416607372
0.008071871135809245,0.0441574022194333,0.0083436080738026,0.0460740805578156,0.007121243855375168,0.0004971122858563988,0.0019795875692164,1.261505479399931e-05,0.7399488369231271,0.159496484656606,1.4058139065189784e-06,0.004046085282563106,0.000532258700690127,0.0005854931359934189,6.997344433989592e-07,4.528745614976341e-06,3.222805004578294e-06,4.0542383909857197e-07,0.00023635762906604714,0.0007081743018383511,9.734908755411242e-07,3.4376527806324756e-06,1.2479962694248748e-08,1.3436065274588425e-11,1.2016718628330497e-10,0.010050725245129085,2.841573862337302e-05,0.00016036027160106332,0.00038783043094915985,3.70171448794953e-05,0.0,0.16559420100037994,-7.745834524957285,146397146529.7655,1551.7961155794
0.008972284994458013,0.038379061867999,0.0072193225554948,0.0446943539230578,0.007136632474904871,0.0005563397753416003,0.0022364709959066,1.2053959717508567e-05,0.745557264889859,0.161913525767682,1.4627420942041396e-06,0.003972556597542805,0.0005415957492935935,0.0005693167909507988,6.939340232844016e-07,4.200143001917822e-06,2.935154560437591e-06,4.0488353003164134e-07,0.00025181609183408496,0.0006614552978099212,1.0035661240879666e-06,3.651731515489051e-06,1.3835843823845512e-08,1.3622139889032073e-11,1.0854077845218883e-10,0.010061255593402353,2.2839758721498493e-05,0.00012560203779230192,0.00037323495960486205,2.9883993352573976e-05,0.0,0.15688090902711432,-7.777009806286817,146995083678.21683,1578.878626825
0.009934189274609852,0.0326619951359716,0.0061616919076777,0.0422068669599372,0.007127252937165707,0.0006200589602605201,0.0025298616728282,1.1268038863161232e-05,0.752006206611611,0.164433377711975,1.5570741982389998e-06,0.0038213096044214883,0.0005392084456789012,0.0005441498316049779,6.661475089824352e-07,3.857872687077532e-06,2.586539173958898e-06,3.972626539348843e-07,0.00026260454380358294,0.0005940265005750894,1.041537664009099e-06,3.884164899245345e-06,1.531095541659089e-08,1.3907392383945653e-11,1.0100726905094164e-10,0.009931247430891967,1.773858197809808e-05,9.531613190198573e-05,0.00034380365607324017,2.336340194014528e-05,0.0,0.14908463873145406,-7.806744457921287,144978612308.82407,1604.86731555495
0.011477431933320324,0.0280539215637739,0.0053083305079991,0.0464011074167784,0.006871013362673129,0.0007129620924934237,0.0028035904680702,1.2125076406870587e-05,0.751587910680562,0.165845139362816,1.6454619452107745e-06,0.003675963366306248,0.0005254236345123328,0.00047934421626872145,6.346999832347937e-07,3.528698169562139e-06,2.6236280214048907e-06,4.049252543438479e-07,0.0002873731642534375,0.0006144730683326817,1.2575137661317894e-06,4.263490091917306e-06,1.748754006796745e-08,1.6991640927602395e-11,1.0686514462700927e-10,0.01035704367036838,1.3965260168751303e-05,7.014700741381472e-05,0.000316314292611197,1.8135860165796577e-05,0.0,0.13894112030279282,-7.820125531085068,140995059199.21606,1631.84748442345
0.012858749781297507,0.0229229570399357,0.0044432545144503,0.0472042748627362,0.006619540172626429,0.0008011455331985708,0.0030416622141572,1.2269593272106117e-05,0.7557032765365559,0.166684574832164,1.792314538987597e-06,0.0033166219992775484,0.0004741668054247638,0.00040572982775469976,5.407088432300292e-07,3.1885595232730513e-06,2.3879844806930287e-06,3.8759031014090886e-07,0.00029049980117539897,0.0005605446398090813,1.452802443669277e-06,4.711453180983205e-06,1.9702402173190867e-08,2.0517933016691564e-11,1.2022180502069707e-10,0.010284775643466219,1.0354875513081015e-05,5.048516156458584e-05,0.00025715487816629093,1.3353963067691368e-05,0.0,0.13039401282475663,-7.834725774151108,128091570193.06682,1645.32430604884
0.014581133552956947,0.018480642697019,0.0038044867237579,0.0516041648638813,0.006375245510780518,0.0009180695587975427,0.0031564109213337,1.346359862250944e-05,0.7571820829239159,0.1657722118700919,1.965032427268681e-06,0.0028284683571869794,0.0003924381190384325,0.00031656636913277166,4.2117754758156293e-07,2.8463762207851124e-06,2.2096926700065417e-06,3.5814445994174264e-07,0.00028319213432172565,0.0005254685622595413,1.7724563270558094e-06,5.437518568690331e-06,2.2681627605115286e-08,2.8268398034219307e-11,1.5639866273351434e-10,0.010093916285713826,7.520534264147926e-06,3.579231842210483e-05,0.00018429642783600873,9.277871481799857e-06,0.0,0.12131537678180901,-7.8428200610243035,110253303540.38443,1643.5643224362302
0.017443194363726808,0.0148725054324428,0.0033759290600465,0.0594076466645421,0.006401941173350526,0.001117769804844937,0.0032906942948671,1.5519000091375517e-05,0.755413394599259,0.163639829948842,2.195485074376957e-06,0.0023221032730304926,0.0003070435243818656,0.0002341897218744894,3.217398320164049e-07,2.4654307729498513e-06,1.992805455489702e-06,3.166801211039978e-07,0.0002714609069308176,0.0004985332832581203,2.2926198797992633e-06,6.716799830213371e-06,2.7686470918147416e-08,4.3387464562010504e-11,2.2897779128847657e-10,0.009734619394514308,5.139575654947889e-06,2.3568124417165178e-05,0.00011579032955213232,5.722179395309052e-06,0.0,0.11163333198790705,-7.860835978606294,96002896526.45929,1635.27646764156
0.02083699879338257,0.0115533761023773,0.0029010251574597,0.0646008169047724,0.006374143816970993,0.0013374987131666554,0.0034199042369332,1.666704475372281e-05,0.757155841819224,0.160369035779233,2.423676197700749e-06,0.001828554809983767,0.0002284598798674157,0.00016193276220084199,2.414565342914265e-07,2.036691581570682e-06,1.6345042009641083e-06,2.6329977419450265e-07,0.000248248726407783,0.0004215594247591754,2.932175587730727e-06,8.255696610822799e-06,3.365118372512013e-08,6.403059014759018e-11,3.283338613813597e-10,0.008971347245785471,3.221796881653591e-06,1.3987754756812467e-05,6.66101195706683e-05,3.1998594226144644e-06,0.0,0.10335995723506386,-7.878359156612366,80148993652.54976,1627.56425567007
0.02408168913085863,0.0092989128564244,0.0024110655405413,0.0716870559213283,0.00584507145755321,0.0014670141064902467,0.0033639539609719,1.82829658680311e-05,0.7573082861789119,0.155930725541822,2.6749754665971556e-06,0.0014635133790803579,0.0001643883105610262,0.00010080343643822119,1.891159837885206e-07,1.8129920504803179e-06,1.4763770892232764e-06,2.3344965472832933e-07,0.0002297445417364719,0.00037033768459540385,3.979762609517843e-06,1.0435653648896497e-05,4.133137232813603e-08,9.876119874968565e-11,5.27709715218628e-10,0.008822313977016298,2.2977710718665393e-06,9.194062387051063e-06,4.1000338668727076e-05,2.0809569830085758e-06,0.0,0.09478436601702171,-7.865785010164188,63500542699.16607,1608.0574118496302
0.027633366346617894,0.0075723592425767,0.0018837292812404,0.0774771469223764,0.005195224789693049,0.0015444479778665633,0.0033214213720142,1.9703843961220375e-05,0.758904466479685,0.150840876702107,3.2450323897540003e-06,0.0011745992559856536,0.00011338983052368717,5.8107674759376125e-05,1.5470036051974213e-07,1.7585641780404478e-06,1.3443355710409087e-06,2.1916473609640422e-07,0.00021147723752001164,0.00032115447547116286,5.743759526295345e-06,1.4542375049248684e-05,5.459764322517461e-08,1.6260941068796604e-10,1.055789145273528e-09,0.009128797388967361,1.7536886771548615e-06,6.455573963245768e-06,2.5044353537046968e-05,1.4997030884939712e-06,0.0,0.08699009390995147,-7.844473232494607,50058245897.76761,1573.0377573880496
0.03118710702983754,0.0061900387165187,0.0014556349750539,0.0842259816820951,0.004477262111188202,0.0015763397292744034,0.0031989451903522,2.1257789265892002e-05,0.7591404742477099,0.145788925188269,3.87580842882164e-06,0.000927032641922693,7.501793696343427e-05,3.13416650220716e-05,1.2788798277804966e-07,1.7009274621180914e-06,1.2348327935918747e-06,2.0649548955001804e-07,0.00019128480296142652,0.00027471999221297463,8.374379738847e-06,2.0274018974562907e-05,7.161974861665893e-08,2.630293574362616e-10,2.1818972658583684e-09,0.009371347156759208,1.3387291828267842e-06,4.409713690730018e-06,1.4671739213311354e-05,1.0633184243845872e-06,0.0,0.07948688619637262,-7.80894890899274,38557422661.457085,1535.02222216323
0.03681083154179399,0.004959134074522,0.0011591599088985,0.0924957184272266,0.003984748524875404,0.0016878465891084038,0.0031055960979967,2.2547854925936413e-05,0.758315651871081,0.139964739620275,4.4438205059465965e-06,0.0006917273280002426,4.639680618469272e-05,1.56094780975428e-05,1.070711943481953e-07,1.4932283206932505e-06,1.0331436119192751e-06,1.7764573188487595e-07,0.00016721455463036947,0.00021830924155964376,1.2271732402667783e-05,2.8562507346142012e-05,9.556506556785132e-08,4.1570168947164805e-10,4.371832830898842e-09,0.008930722168682402,8.827426824813652e-07,2.478842809731073e-06,7.236213092628874e-06,6.002873683282255e-07,0.0,0.07150606427426581,-7.781690888418413,29957795277.979145,1502.6832068062197
0.04232365813485007,0.0036642662339001,0.0008816357683776,0.0988879787893171,0.0033804504790400846,0.0017511184173003157,0.0029247236507848,2.2853151840298313e-05,0.759465405948427,0.134175989609193,4.976583620117901e-06,0.00046708501191477077,2.5325519187687016e-05,6.661908402375642e-06,8.145991323450126e-08,1.197518676412375e-06,7.777562202229389e-07,1.3960809168346623e-07,0.0001346408189905948,0.00014984672449598176,1.7834259673110487e-05,3.9476679985495665e-05,1.2437194512637624e-07,6.356886430291246e-10,8.736173100810454e-09,0.007789665977941864,4.939591476752503e-07,1.144707126547331e-06,2.9390116545500986e-06,2.8076327190640015e-07,0.0,0.06483571934595155,-7.736318719207605,21289026945.55046,1468.46864584289
0.04448364487330183,0.0031480525380945,0.0007215734484895,0.107247956418168,0.0029935287095078766,0.0017293552429364653,0.0027582758912837,2.4781965012180637e-05,0.758604775093418,0.127519366610547,5.917631750156013e-06,0.00036433815036832984,1.654456611502433e-05,3.768206599865386e-06,6.775168797010931e-08,1.1870620554851444e-06,7.120257094886122e-07,1.3470378009353397e-07,0.00011731670259959702,0.00012725864785692825,2.4053996432077483e-05,5.37987115389381e-05,1.5477672074618483e-07,9.233861736065426e-10,1.962985469609206e-08,0.0077398809829939946,3.8553833213620113e-07,7.919997208402957e-07,1.5611737323883515e-06,1.9843113685958148e-07,0.0,0.0589863788692749,-7.700951197681349,17679808157.764065,1419.76000816115
0.04329763716227051,0.0028277866548001,0.0006317370025372,0.115120565495003,0.00272572521086464,0.0016376296778413662,0.0025504363788957,2.8049453977750193e-05,0.758160268899335,0.120709205569428,7.0705740944853e-06,0.0002950206885415022,1.162811943591751e-05,2.5061695396851196e-06,5.514939911371104e-08,1.2746950100858222e-06,7.076309572295859e-07,1.402174315244719e-07,0.00010176007410120324,0.00011709270052271484,2.969532731128599e-05,6.970094417933799e-05,1.786064445000328e-07,1.255005117304916e-09,4.6226611522872644e-08,0.007957000514625138,3.3909327995840093e-07,6.379038429585825e-07,8.638720241514562e-07,1.6157986975337505e-07,0.0,0.05470369913619303,-7.740128108368925,15305694689.550102,1362.3302492425998
0.03988697872488045,0.002414340995902,0.0005457408647603,0.122431149682735,0.0023814186247654587,0.0014842513264100759,0.002324746363087,3.1525408423168035e-05,0.758529088122847,0.113754933970667,8.3776682184588e-06,0.00023207934388015655,8.065113351956683e-06,1.6578750716784521e-06,4.149658340452316e-08,1.3393079581831034e-06,6.968398521702808e-07,1.4569653394801403e-07,8.477886549956616e-05,0.0001037474075289255,3.53240186926468e-05,8.413954703865907e-05,1.908600205501432e-07,1.6393403641456036e-09,1.0745002477483314e-07,0.00806480055148438,2.840421794708237e-07,4.840843321375649e-07,4.5485122871405913e-07,1.275769804256163e-07,0.0,0.051246516208364366,-7.755788876256357,12716341884.326612,1306.83438738702
0.030098777323277412,0.0019109108909119,0.0004045183403347,0.13370475095178,0.0016765084606044235,0.0011062844137930724,0.0019762036150667,3.660562477878525e-05,0.7577348938231351,0.104268722378772,1.0856703114286055e-05,0.00018110539806293844,5.466695663690096e-06,1.0356597254051037e-06,2.5803109488673462e-08,1.60626980048442e-06,7.940432931919622e-07,1.858463796544848e-07,6.633221233427831e-05,9.39384824003738e-05,4.271557540780818e-05,9.177492657813966e-05,1.7386692354440037e-07,2.2459218875504688e-09,3.4093869154693155e-07,0.009424295288313084,2.7186805583071655e-07,4.156402125665023e-07,2.520241475322881e-07,1.3110823833970661e-07,0.0,0.046784256630632765,-7.631650991194541,9105427888.936432,1232.9022236447802
0.009219932632670215,0.0007792877558885,0.0001451156227217,0.155322737921123,0.0004015272845879373,0.0003361079669466927,0.0012418363614997,4.2839900341906844e-05,0.759637754363731,0.082873267975036,2.4151095318024093e-05,8.809440087155459e-05,2.1082323275259563e-06,2.842130160560702e-07,4.569355198131051e-09,2.589734399891375e-06,9.30700532433123e-07,5.059733701410445e-07,2.5089077148187662e-05,5.295096596560322e-05,6.635722322267209e-05,7.323828344837676e-05,7.52135569570683e-08,6.389619270789253e-09,1.4136612669943827e-05,0.022021783237294836,2.3083076773939416e-07,2.7940248856628986e-07,6.21678350036067e-08,1.980165687128807e-07,0.0,0.03640936358159195,-7.053913405773124,2767986214.042577,1036.32837416568
0.003971520441482893,0.0007892634492154,0.0001210026239381,0.1684716366289829,0.00014683378453846948,0.00013517393558645148,0.0008829855896575,3.864648603832339e-05,0.7585850171635409,0.0711500945446648,3.307629337477605e-05,8.839334624526155e-05,1.937964005265515e-06,2.0156640723913097e-07,2.285689731840822e-09,5.130506442136618e-06,1.3836594595644418e-06,1.418158059881319e-06,1.9389440514089412e-05,4.8522224620436164e-05,7.702113496005343e-05,5.4882285879949075e-05,3.525344863366531e-08,3.451025902790312e-08,0.00016456454508691624,0.072942567884661,5.459001753590062e-07,5.674747782695788e-07,6.938614333703395e-08,6.670809512907991e-07,0.0,0.022377927283561496,-6.7523176997540455,1399021425.5562584,926.442608027724
0.001664317197702515,0.0007766512667206,0.000124145302391,0.180935484717964,4.165046432446434e-05,5.0088237883425495e-05,0.0005830588405716,2.4508012815275835e-05,0.757425251665917,0.0601554082064362,3.433040266786748e-05,6.177424739899733e-05,1.1542473521285607e-06,8.096209817013962e-08,8.200964900510918e-10,6.804871997285369e-06,1.273253666817326e-06,2.4561962607798466e-06,1.1913465121369399e-05,2.313522108752562e-05,9.116486031414723e-05,4.032817770894425e-05,1.4774291500887792e-08,2.946003637221028e-07,0.0013031620783686857,0.21970905128726648,7.323726841270721e-07,6.270206733510427e-07,4.390517792851248e-08,1.1554598426111368e-06,0.0,0.0,-6.336397652244262,484888213.9260834,825.4214107775571
0.0007107331944892542,0.0007977450098407,0.0001359883811155,0.192734854486587,5.7968531141083214e-06,1.5801869360774562e-05,0.0003675505354639,9.949705438638727e-06,0.756127090244722,0.0498367713422703,3.2946973936794426e-05,3.138134596183879e-05,4.2383475808336245e-07,1.4747180988216904e-08,2.409182919624285e-10,6.988673021897091e-06,1.1669703468717786e-06,3.3924789584445477e-06,6.690920521425288e-06,6.039281449937014e-06,0.00023600497328746576,3.415363975173871e-05,7.102782966582665e-09,2.0994642873418923e-06,0.008573677846146377,0.40103240472715,6.149064203126246e-07,4.05082867603248e-07,1.9318717774115502e-08,1.3654399741128397e-06,0.0,0.0,-5.951088693591373,138315925.20373294,721.260323673841
3.55846756180029e-06,0.000670070096821,0.0001225324077494,0.20247314773073,1.3785627239926796e-08,1.8388038647918962e-07,0.0002238268763992,0.00029400133099675865,0.755952186828643,0.0405582360596573,0.0004135108175861965,3.7321308310322897e-07,4.753614621844602e-10,4.1687695799145635e-12,2.518996618395259e-14,2.0569334673557932e-07,1.416903645763248e-06,3.3325774350300525e-08,4.357615907428929e-06,2.945992714024219e-06,0.009539991186042913,6.007473603188645e-06,1.229131052382167e-05,0.0007079218722578896,0.5239531998046778,0.16322641736793878,4.1271338385188515e-10,2.683776550152965e-10,4.7532910266996e-10,2.72300398507836e-10,0.0,0.0,-5.859613844437216,293937530.3851512,628.232550112497
9.526399358727941e-07,0.0006170421501413,0.0001071301825482,0.2104973484552689,9.883230171994775e-09,1.2510406671271865e-07,0.0001375506285629,0.0002523022028082908,0.7556284219401509,0.0330125066433272,0.0005167172973709908,2.9582734628869083e-07,3.7485313861152583e-10,3.4671179181760094e-12,1.904919069899428e-14,3.482457226721493e-07,1.142260630777126e-06,7.291980087429263e-08,3.631241893999729e-06,2.624772065181146e-06,0.0054089990549808665,2.453384270373744e-06,4.121141618564404e-06,0.000789540685422416,0.48842396079798484,0.13793554724648366,5.499330026343679e-10,3.2306143273078467e-10,1.2040470196776783e-10,4.150205942105845e-10,0.0,0.0,-5.953911765278967,255846263.69771874,544.016802403253
4.905895288161072e-07,0.0005897911550427,9.54549611353506e-05,0.2169309663588189,7.83567571474894e-09,1.0880687008008373e-07,8.50048441167795e-05,0.00020489064472703364,0.755106737624107,0.027192045056779,0.000494040468854597,2.967012543913865e-07,3.708972155120282e-10,3.5306488067751337e-12,2.2248697060912284e-14,4.663751131794753e-07,1.1285883741059143e-06,1.3524488956551264e-07,3.560739968440145e-06,1.6888481435242898e-06,0.0037481239743155964,1.505281098298677e-06,1.2513262494593432e-06,0.0007232792884051967,0.378621257162084,0.11003116608360101,7.932570845799246e-10,4.786592601376665e-10,7.211509395435688e-11,8.218159047754976e-10,0.0,0.0,-5.943128121772002,250530888.4757244,484.662044078976
2.698524630298509e-07,0.000566035408687,9.45512136854576e-05,0.221817139708843,4.5308725986327375e-09,1.0739293597715831e-07,5.54808183571709e-05,0.00015325614089664353,0.7548438591360842,0.0226229337143434,0.00041749138523534284,2.844188006148159e-07,3.746018951251705e-10,3.860915562293e-12,2.6411198227354714e-14,5.339671221699451e-07,9.94050243547724e-07,2.3954403590061404e-07,3.0900824080998343e-06,8.804889009740052e-07,0.0024112903317489854,8.593133929700806e-07,2.875210079572506e-07,0.0005924730735103428,0.25318653049801626,0.07470099256258263,9.910665521340064e-10,6.228326255346868e-10,5.238053873097212e-11,1.6193926433373254e-09,0.0,0.0,-5.8470480860940395,232441570.40287942,430.1568583669
1.6991070196860356e-07,0.0005281405620349,8.81642791041664e-05,0.22511710011633,1.1769382243362257e-09,1.0311265602426505e-07,3.76914880874069e-05,0.00010501897114133491,0.7551879905888471,0.0190409129655959,0.0003127422816296808,2.5717546510957837e-07,3.575137590012915e-10,3.947990498557563e-12,2.63083025295707e-14,5.030812841044866e-07,8.152164079654972e-07,3.3657857964709277e-07,2.5095002138497863e-06,4.2079611577330963e-07,0.0015057699559593788,5.364962809697711e-07,7.110160668998157e-08,0.00043237760067074796,0.15484499931842252,0.045838097303866863,1.0891753999057373e-09,7.090397728219398e-10,8.57327049775673e-11,2.6814054869973184e-09,0.0,0.0,-5.739107672627912,173742594.12263837,391.824497956653
7.254607290687548e-08,0.0002121646148671,1.6776427318933402e-05,0.2298412419825249,1.319280316988813e-11,1.7444812338011106e-07,2.11223615436902e-05,3.003277471671176e-05,0.756714377518173,0.0131943170955719,0.00011900333219574659,1.7171937599028595e-07,4.1530045750077587e-10,6.6943412992882275e-12,2.6233493005694107e-14,2.9663900964055844e-07,2.402993863544979e-07,6.187323147581819e-07,7.631028332167632e-07,4.685880913941886e-08,0.00030710715414162144,1.5632481591232826e-07,1.3129318281197072e-09,0.00012642344168170447,0.03025649986436748,0.006743215387314565,8.32558297245725e-10,5.815465002329392e-10,9.354021719389499e-10,7.718788596949623e-09,0.0,0.0,-5.296027620205856,50386173.66601042,330.857740074178
